game_id,season,game_date,home_team,home_score,away_team,away_score,last_period
2021020015,20212022,2021-10-13,ANA,4,WPG,1,REG
2021020019,20212022,2021-10-15,ANA,1,MIN,2,REG
2021020037,20212022,2021-10-18,CGY,2,ANA,3,OT
2021020049,20212022,2021-10-19,EDM,6,ANA,5,REG
2021020060,20212022,2021-10-21,WPG,5,ANA,1,REG
2021020075,20212022,2021-10-23,MIN,4,ANA,3,OT
2021020095,20212022,2021-10-26,ANA,3,WPG,4,REG
2021020107,20212022,2021-10-28,ANA,3,BUF,4,OT
2021020116,20212022,2021-10-29,VGK,5,ANA,4,SO
2021020129,20212022,2021-10-31,ANA,4,MTL,2,REG
2021020142,20212022,2021-11-02,ANA,4,NJD,0,REG
2021020160,20212022,2021-11-05,ANA,3,ARI,1,REG
2021020178,20212022,2021-11-07,ANA,4,STL,1,REG
2021020190,20212022,2021-11-09,VAN,2,ANA,3,OT
2021020205,20212022,2021-11-11,SEA,4,ANA,7,REG
2021020229,20212022,2021-11-14,ANA,5,VAN,1,REG
2021020243,20212022,2021-11-16,ANA,3,WSH,2,OT
2021020258,20212022,2021-11-18,ANA,1,CAR,2,REG
2021020283,20212022,2021-11-22,NSH,3,ANA,2,REG
2021020299,20212022,2021-11-24,COL,5,ANA,2,REG
2021020315,20212022,2021-11-26,ANA,4,OTT,0,REG
2021020332,20212022,2021-11-28,ANA,1,TOR,5,REG
2021020345,20212022,2021-11-30,LAK,4,ANA,5,SO
2021020351,20212022,2021-12-01,ANA,6,VGK,5,REG
2021020365,20212022,2021-12-03,ANA,3,CGY,4,SO
2021020384,20212022,2021-12-06,WSH,4,ANA,3,SO
2021020388,20212022,2021-12-07,BUF,0,ANA,2,REG
2021020405,20212022,2021-12-09,CBJ,1,ANA,2,SO
2021020423,20212022,2021-12-11,PIT,1,ANA,0,REG
2021020432,20212022,2021-12-12,STL,2,ANA,3,OT
2021020453,20212022,2021-12-15,ANA,4,SEA,1,REG
2021020470,20212022,2021-12-17,ANA,5,ARI,6,OT
2021020550,20212022,2021-12-29,ANA,1,VAN,2,OT
2021020565,20212022,2021-12-31,VGK,3,ANA,1,REG
2021020580,20212022,2022-01-02,COL,4,ANA,2,REG
2021020594,20212022,2022-01-04,ANA,4,PHI,1,REG
2021020627,20212022,2022-01-08,ANA,1,NYR,4,REG
2021020609,20212022,2022-01-09,ANA,4,DET,3,SO
2021020644,20212022,2022-01-11,ANA,1,PIT,4,REG
2021020662,20212022,2022-01-14,MIN,7,ANA,3,REG
2021020673,20212022,2022-01-15,CHI,3,ANA,0,REG
2021020703,20212022,2022-01-19,ANA,0,COL,2,REG
2021020719,20212022,2022-01-21,ANA,5,TBL,1,REG
2021020737,20212022,2022-01-24,BOS,3,ANA,5,REG
2021020752,20212022,2022-01-26,TOR,4,ANA,3,SO
2021020757,20212022,2022-01-27,MTL,4,ANA,5,REG
2021020773,20212022,2022-01-29,OTT,1,ANA,2,REG
2021020792,20212022,2022-01-31,DET,2,ANA,1,OT
2021021033,20212022,2022-02-11,ANA,3,SEA,4,REG
2021020500,20212022,2022-02-16,CGY,6,ANA,2,REG
2021020493,20212022,2022-02-17,EDM,7,ANA,3,REG
2021020520,20212022,2022-02-19,VAN,4,ANA,7,REG
2021020536,20212022,2022-02-22,ANA,4,SJS,3,SO
2021020828,20212022,2022-02-25,ANA,1,LAK,4,REG
2021020845,20212022,2022-02-27,ANA,0,NYI,4,REG
2021020859,20212022,2022-03-01,ANA,4,BOS,3,REG
2021020879,20212022,2022-03-04,ANA,4,VGK,5,REG
2021020897,20212022,2022-03-06,ANA,3,SJS,2,OT
2021020907,20212022,2022-03-08,CHI,8,ANA,3,REG
2021020925,20212022,2022-03-10,NSH,4,ANA,1,REG
2021020935,20212022,2022-03-12,NJD,2,ANA,1,SO
2021020943,20212022,2022-03-13,NYI,4,ANA,3,REG
2021020955,20212022,2022-03-15,NYR,4,ANA,3,OT
2021020981,20212022,2022-03-18,ANA,0,FLA,3,REG
2021021003,20212022,2022-03-21,ANA,3,NSH,6,REG
2021021018,20212022,2022-03-23,ANA,2,CHI,4,REG
2021021045,20212022,2022-03-26,SJS,4,ANA,1,REG
2021021067,20212022,2022-03-29,ANA,2,DAL,3,REG
2021021082,20212022,2022-03-31,ANA,2,DAL,3,OT
2021021088,20212022,2022-04-01,ARI,0,ANA,5,REG
2021021107,20212022,2022-04-03,ANA,1,EDM,6,REG
2021021127,20212022,2022-04-06,ANA,2,CGY,4,REG
2021021145,20212022,2022-04-09,PHI,3,ANA,5,REG
2021021159,20212022,2022-04-10,CAR,5,ANA,2,REG
2021021167,20212022,2022-04-12,FLA,3,ANA,2,OT
2021021184,20212022,2022-04-14,TBL,4,ANA,3,OT
2021021215,20212022,2022-04-17,ANA,6,CBJ,4,REG
2021021226,20212022,2022-04-19,ANA,1,LAK,2,REG
2021021258,20212022,2022-04-23,LAK,4,ANA,2,REG
2021021270,20212022,2022-04-24,ANA,3,STL,6,REG
2021021285,20212022,2022-04-26,SJS,2,ANA,5,REG
2021021307,20212022,2022-04-29,DAL,4,ANA,2,REG
2021020013,20212022,2021-10-14,CBJ,8,ARI,2,REG
2021020021,20212022,2021-10-16,BUF,2,ARI,1,SO
2021020038,20212022,2021-10-18,ARI,4,STL,7,REG
2021020061,20212022,2021-10-21,ARI,1,EDM,5,REG
2021020077,20212022,2021-10-23,ARI,0,NYI,3,REG
2021020085,20212022,2021-10-25,FLA,5,ARI,3,REG
2021020102,20212022,2021-10-28,TBL,5,ARI,1,REG
2021020113,20212022,2021-10-29,WSH,2,ARI,0,REG
2021020128,20212022,2021-10-31,CAR,2,ARI,1,REG
2021020137,20212022,2021-11-02,PHI,3,ARI,0,REG
2021020172,20212022,2021-11-06,ARI,5,SEA,4,REG
2021020194,20212022,2021-11-10,ARI,2,MIN,5,REG
2021020210,20212022,2021-11-12,CHI,2,ARI,1,REG
2021020218,20212022,2021-11-13,NSH,4,ARI,1,REG
2021020238,20212022,2021-11-16,STL,2,ARI,3,REG
2021020256,20212022,2021-11-18,ARI,4,CBJ,5,SO
2021020270,20212022,2021-11-20,ARI,2,DET,1,OT
2021020279,20212022,2021-11-21,LAK,1,ARI,2,OT
2021020300,20212022,2021-11-24,ARI,3,EDM,5,REG
2021020323,20212022,2021-11-27,ARI,2,DAL,3,REG
2021020335,20212022,2021-11-29,WPG,0,ARI,1,REG
2021020344,20212022,2021-11-30,MIN,5,ARI,2,REG
2021020364,20212022,2021-12-03,ARI,1,VGK,7,REG
2021020385,20212022,2021-12-06,DAL,4,ARI,1,REG
2021020416,20212022,2021-12-10,ARI,1,FLA,3,REG
2021020427,20212022,2021-12-11,ARI,3,PHI,5,REG
2021020452,20212022,2021-12-15,ARI,2,NYR,3,REG
2021020540,20212022,2021-12-28,SJS,8,ARI,7,SO
2021020592,20212022,2022-01-04,ARI,1,WPG,3,REG
2021020607,20212022,2022-01-06,ARI,6,CHI,4,REG
2021020624,20212022,2022-01-08,ARI,2,NSH,4,REG
2021020649,20212022,2022-01-12,ARI,2,TOR,1,REG
2021020663,20212022,2022-01-14,COL,4,ARI,3,SO
2021020677,20212022,2022-01-15,ARI,0,COL,5,REG
2021020687,20212022,2022-01-17,ARI,5,MTL,2,REG
2021020701,20212022,2022-01-19,NJD,1,ARI,4,REG
2021020714,20212022,2022-01-21,NYI,4,ARI,0,REG
2021020725,20212022,2022-01-22,NYR,7,ARI,3,REG
2021020747,20212022,2022-01-25,PIT,6,ARI,3,REG
2021020771,20212022,2022-01-28,ARI,1,BOS,2,REG
2021020782,20212022,2022-01-29,ARI,1,BUF,3,REG
2021020805,20212022,2022-02-01,COL,2,ARI,3,SO
2021020810,20212022,2022-02-02,ARI,2,CGY,4,REG
2021020487,20212022,2022-02-08,VAN,5,ARI,1,REG
2021020503,20212022,2022-02-09,SEA,2,ARI,5,REG
2021020519,20212022,2022-02-11,ARI,3,TBL,4,REG
2021020533,20212022,2022-02-19,ARI,3,LAK,5,REG
2021020581,20212022,2022-02-20,ARI,3,DAL,1,REG
2021020814,20212022,2022-02-23,ARI,2,LAK,3,REG
2021020827,20212022,2022-02-25,ARI,3,VGK,1,REG
2021020844,20212022,2022-02-27,ARI,3,WPG,5,REG
2021020871,20212022,2022-03-03,ARI,2,COL,1,REG
2021020888,20212022,2022-03-05,ARI,8,OTT,5,REG
2021020903,20212022,2022-03-08,DET,2,ARI,9,REG
2021020917,20212022,2022-03-10,TOR,4,ARI,5,OT
2021020932,20212022,2022-03-12,BOS,3,ARI,2,REG
2021020952,20212022,2022-03-14,OTT,3,ARI,5,REG
2021020954,20212022,2022-03-15,MTL,3,ARI,6,REG
2021020991,20212022,2022-03-19,ARI,1,PIT,4,REG
2021020999,20212022,2022-03-20,SJS,4,ARI,2,REG
2021021017,20212022,2022-03-22,ARI,2,SEA,4,REG
2021021032,20212022,2022-03-25,CGY,4,ARI,2,REG
2021021053,20212022,2022-03-27,WPG,2,ARI,1,OT
2021021057,20212022,2022-03-28,EDM,6,ARI,1,REG
2021021072,20212022,2022-03-30,ARI,5,SJS,2,REG
2021021105,20212022,2022-04-03,CHI,2,ARI,3,OT
2021021111,20212022,2022-04-04,STL,5,ARI,1,REG
2021021134,20212022,2022-04-07,ARI,1,VAN,5,REG
2021021153,20212022,2022-04-09,VGK,6,ARI,1,REG
2021021176,20212022,2022-04-12,ARI,2,NJD,6,REG
2021021192,20212022,2022-04-14,VAN,7,ARI,1,REG
2021021206,20212022,2022-04-16,CGY,9,ARI,1,REG
2021021218,20212022,2022-04-18,ARI,3,CAR,5,REG
2021021230,20212022,2022-04-20,ARI,3,CHI,4,OT
2021021247,20212022,2022-04-22,ARI,0,WSH,2,REG
2021021257,20212022,2022-04-23,ARI,4,STL,5,OT
2021021282,20212022,2022-04-26,MIN,3,ARI,5,REG
2021021287,20212022,2022-04-27,DAL,3,ARI,4,OT
2021021311,20212022,2022-04-29,ARI,5,NSH,4,REG
2021020020,20212022,2021-10-16,BOS,3,DAL,1,REG
2021020050,20212022,2021-10-20,PHI,6,BOS,3,REG
2021020062,20212022,2021-10-22,BUF,1,BOS,4,REG
2021020079,20212022,2021-10-24,BOS,4,SJS,3,REG
2021020097,20212022,2021-10-27,FLA,4,BOS,1,REG
2021020104,20212022,2021-10-28,CAR,3,BOS,0,REG
2021020117,20212022,2021-10-30,BOS,3,FLA,2,SO
2021020148,20212022,2021-11-04,BOS,5,DET,1,REG
2021020163,20212022,2021-11-06,TOR,5,BOS,2,REG
2021020182,20212022,2021-11-09,BOS,3,OTT,2,REG
2021020195,20212022,2021-11-11,BOS,3,EDM,5,REG
2021020215,20212022,2021-11-13,NJD,2,BOS,5,REG
2021020224,20212022,2021-11-14,BOS,5,MTL,2,REG
2021020267,20212022,2021-11-20,PHI,2,BOS,5,REG
2021020274,20212022,2021-11-21,BOS,0,CGY,4,REG
2021020290,20212022,2021-11-24,BUF,1,BOS,5,REG
2021020304,20212022,2021-11-26,BOS,2,NYR,5,REG
2021020326,20212022,2021-11-28,BOS,3,VAN,2,REG
2021020337,20212022,2021-11-30,BOS,1,DET,2,REG
2021020358,20212022,2021-12-02,NSH,0,BOS,2,REG
2021020367,20212022,2021-12-04,BOS,2,TBL,3,OT
2021020400,20212022,2021-12-08,VAN,2,BOS,1,SO
2021020408,20212022,2021-12-09,EDM,2,BOS,3,REG
2021020425,20212022,2021-12-11,CGY,2,BOS,4,REG
2021020437,20212022,2021-12-14,BOS,1,VGK,4,REG
2021020458,20212022,2021-12-16,NYI,3,BOS,1,REG
2021020566,20212022,2022-01-01,BOS,4,BUF,3,OT
2021020575,20212022,2022-01-02,DET,1,BOS,5,REG
2021020586,20212022,2022-01-04,BOS,5,NJD,3,REG
2021020599,20212022,2022-01-06,BOS,2,MIN,3,REG
2021020615,20212022,2022-01-08,TBL,2,BOS,5,REG
2021020632,20212022,2022-01-10,WSH,3,BOS,7,REG
2021021000,20212022,2022-01-12,BOS,5,MTL,1,REG
2021020650,20212022,2022-01-13,BOS,3,PHI,2,REG
2021020665,20212022,2022-01-15,BOS,4,NSH,3,OT
2021020691,20212022,2022-01-18,BOS,1,CAR,7,REG
2021020704,20212022,2022-01-20,BOS,4,WSH,3,REG
2021020721,20212022,2022-01-22,BOS,3,WPG,2,REG
2021020756,20212022,2022-01-26,COL,4,BOS,3,OT
2021020789,20212022,2022-01-30,DAL,6,BOS,1,REG
2021020795,20212022,2022-02-01,BOS,3,SEA,2,REG
2021020523,20212022,2022-02-08,BOS,2,PIT,4,REG
2021020494,20212022,2022-02-10,BOS,0,CAR,6,REG
2021020543,20212022,2022-02-12,OTT,0,BOS,2,REG
2021021263,20212022,2022-02-15,NYR,2,BOS,1,SO
2021021006,20212022,2022-02-17,NYI,4,BOS,1,REG
2021020481,20212022,2022-02-19,OTT,2,BOS,3,OT
2021020508,20212022,2022-02-21,BOS,5,COL,1,REG
2021020822,20212022,2022-02-24,SEA,2,BOS,3,OT
2021020838,20212022,2022-02-26,SJS,1,BOS,3,REG
2021020850,20212022,2022-02-28,LAK,0,BOS,7,REG
2021020872,20212022,2022-03-03,VGK,2,BOS,5,REG
2021020885,20212022,2022-03-05,CBJ,4,BOS,5,SO
2021020898,20212022,2022-03-07,BOS,2,LAK,3,OT
2021020915,20212022,2022-03-10,BOS,4,CHI,3,REG
2021020957,20212022,2022-03-15,CHI,1,BOS,2,OT
2021020965,20212022,2022-03-16,MIN,4,BOS,2,REG
2021020979,20212022,2022-03-18,WPG,2,BOS,4,REG
2021020646,20212022,2022-03-21,MTL,2,BOS,3,OT
2021021019,20212022,2022-03-24,BOS,3,TBL,2,REG
2021021034,20212022,2022-03-26,BOS,6,NYI,3,REG
2021021059,20212022,2022-03-29,BOS,4,TOR,6,REG
2021021074,20212022,2022-03-31,BOS,8,NJD,1,REG
2021021090,20212022,2022-04-02,BOS,5,CBJ,2,REG
2021021110,20212022,2022-04-04,CBJ,2,BOS,3,OT
2021021115,20212022,2022-04-05,DET,5,BOS,3,REG
2021021137,20212022,2022-04-08,TBL,1,BOS,2,OT
2021021158,20212022,2022-04-10,WSH,4,BOS,2,REG
2021021164,20212022,2022-04-12,BOS,2,STL,4,REG
2021021181,20212022,2022-04-14,BOS,2,OTT,3,REG
2021021196,20212022,2022-04-16,BOS,2,PIT,1,REG
2021021225,20212022,2022-04-19,STL,2,BOS,3,OT
2021021238,20212022,2022-04-21,PIT,4,BOS,0,REG
2021021248,20212022,2022-04-23,BOS,3,NYR,1,REG
2021020471,20212022,2022-04-24,MTL,3,BOS,5,REG
2021021272,20212022,2022-04-26,BOS,4,FLA,2,REG
2021021290,20212022,2022-04-28,BOS,5,BUF,0,REG
2021021299,20212022,2022-04-29,TOR,5,BOS,2,REG
2021020007,20212022,2021-10-14,BUF,5,MTL,1,REG
2021020039,20212022,2021-10-19,BUF,5,VAN,2,REG
2021020069,20212022,2021-10-23,NJD,2,BUF,1,OT
2021020083,20212022,2021-10-25,BUF,5,TBL,1,REG
2021020130,20212022,2021-10-31,LAK,3,BUF,2,REG
2021020143,20212022,2021-11-02,SJS,5,BUF,3,REG
2021020156,20212022,2021-11-04,SEA,5,BUF,2,REG
2021020162,20212022,2021-11-06,BUF,3,DET,4,OT
2021020181,20212022,2021-11-08,WSH,5,BUF,3,REG
2021020206,20212022,2021-11-12,BUF,3,EDM,2,REG
2021020211,20212022,2021-11-13,BUF,4,TOR,5,REG
2021020237,20212022,2021-11-16,PIT,1,BUF,2,REG
2021020247,20212022,2021-11-18,BUF,0,CGY,5,REG
2021020277,20212022,2021-11-21,NYR,5,BUF,4,REG
2021020281,20212022,2021-11-22,BUF,4,CBJ,7,REG
2021020305,20212022,2021-11-26,BUF,4,MTL,1,REG
2021020317,20212022,2021-11-27,DET,3,BUF,2,OT
2021020333,20212022,2021-11-29,BUF,4,SEA,7,REG
2021020354,20212022,2021-12-02,FLA,7,BUF,4,REG
2021020373,20212022,2021-12-04,CAR,6,BUF,2,REG
2021020412,20212022,2021-12-10,BUF,1,NYR,2,REG
2021020419,20212022,2021-12-11,BUF,2,WSH,3,SO
2021020446,20212022,2021-12-14,WPG,2,BUF,4,REG
2021020461,20212022,2021-12-16,MIN,2,BUF,3,SO
2021020466,20212022,2021-12-17,PIT,3,BUF,2,OT
2021020541,20212022,2021-12-29,BUF,3,NJD,4,REG
2021020553,20212022,2021-12-30,NYI,4,BUF,1,REG
2021020600,20212022,2022-01-06,BUF,2,SJS,3,REG
2021020637,20212022,2022-01-11,BUF,1,TBL,6,REG
2021020657,20212022,2022-01-13,NSH,1,BUF,4,REG
2021020667,20212022,2022-01-15,DET,4,BUF,0,REG
2021020682,20212022,2022-01-17,BUF,2,DET,3,OT
2021020692,20212022,2022-01-18,OTT,1,BUF,3,REG
2021020705,20212022,2022-01-20,BUF,4,DAL,5,REG
2021020722,20212022,2022-01-22,BUF,6,PHI,3,REG
2021020744,20212022,2022-01-25,OTT,5,BUF,0,REG
2021020790,20212022,2022-01-30,COL,4,BUF,1,REG
2021020806,20212022,2022-02-01,VGK,5,BUF,2,REG
2021020489,20212022,2022-02-10,BUF,3,CBJ,4,OT
2021020614,20212022,2022-02-13,MTL,3,BUF,5,REG
2021020524,20212022,2022-02-15,BUF,6,NYI,3,REG
2021021228,20212022,2022-02-17,BUF,1,OTT,3,REG
2021020504,20212022,2022-02-19,BUF,3,COL,5,REG
2021020515,20212022,2022-02-20,CBJ,7,BUF,3,REG
2021021273,20212022,2022-02-23,MTL,4,BUF,0,REG
2021020825,20212022,2022-02-25,STL,5,BUF,3,REG
2021020843,20212022,2022-02-27,DAL,4,BUF,2,REG
2021020860,20212022,2022-03-02,TOR,1,BUF,5,REG
2021020873,20212022,2022-03-04,BUF,5,MIN,4,REG
2021020890,20212022,2022-03-06,BUF,0,LAK,3,REG
2021020899,20212022,2022-03-07,BUF,1,FLA,6,REG
2021020916,20212022,2022-03-10,BUF,3,VGK,1,REG
2021020942,20212022,2022-03-13,BUF,5,TOR,2,REG
2021020973,20212022,2022-03-17,EDM,6,BUF,1,REG
2021020980,20212022,2022-03-18,CGY,0,BUF,1,OT
2021020998,20212022,2022-03-20,VAN,2,BUF,3,OT
2021021014,20212022,2022-03-23,BUF,4,PIT,3,SO
2021021028,20212022,2022-03-25,BUF,3,WSH,4,SO
2021021049,20212022,2022-03-27,NYR,5,BUF,4,OT
2021021055,20212022,2022-03-28,CHI,5,BUF,6,REG
2021021068,20212022,2022-03-30,BUF,2,WPG,3,SO
2021021083,20212022,2022-04-01,BUF,4,NSH,3,REG
2021021100,20212022,2022-04-03,BUF,3,FLA,5,REG
2021021113,20212022,2022-04-05,BUF,4,CAR,2,REG
2021021130,20212022,2022-04-07,CAR,5,BUF,3,REG
2021021138,20212022,2022-04-08,FLA,4,BUF,3,REG
2021021156,20212022,2022-04-10,TBL,5,BUF,0,REG
2021021165,20212022,2022-04-12,TOR,2,BUF,5,REG
2021021182,20212022,2022-04-14,BUF,2,STL,6,REG
2021021197,20212022,2022-04-16,BUF,4,PHI,3,REG
2021021212,20212022,2022-04-17,PHI,3,BUF,5,REG
2021021236,20212022,2022-04-21,NJD,2,BUF,5,REG
2021021249,20212022,2022-04-23,BUF,5,NYI,3,REG
2021021298,20212022,2022-04-29,BUF,3,CHI,2,OT
2021020031,20212022,2021-10-16,EDM,5,CGY,2,REG
2021020054,20212022,2021-10-21,DET,0,CGY,3,REG
2021020072,20212022,2021-10-23,WSH,3,CGY,4,OT
2021020086,20212022,2021-10-25,NYR,1,CGY,5,REG
2021020090,20212022,2021-10-26,NJD,3,CGY,5,REG
2021020103,20212022,2021-10-28,PIT,0,CGY,4,REG
2021020123,20212022,2021-10-30,CGY,4,PHI,0,REG
2021020140,20212022,2021-11-02,CGY,2,NSH,3,OT
2021020154,20212022,2021-11-04,CGY,3,DAL,4,OT
2021020171,20212022,2021-11-06,CGY,6,NYR,0,REG
2021020189,20212022,2021-11-09,CGY,1,SJS,4,REG
2021020196,20212022,2021-11-11,MTL,4,CGY,2,REG
2021020207,20212022,2021-11-12,TOR,2,CGY,1,OT
2021020225,20212022,2021-11-14,OTT,0,CGY,4,REG
2021020236,20212022,2021-11-16,PHI,2,CGY,1,OT
2021020266,20212022,2021-11-20,NYI,2,CGY,5,REG
2021020289,20212022,2021-11-23,CGY,5,CHI,2,REG
2021020322,20212022,2021-11-27,CGY,2,WPG,4,REG
2021020336,20212022,2021-11-29,CGY,2,PIT,1,SO
2021020361,20212022,2021-12-02,LAK,2,CGY,3,REG
2021020382,20212022,2021-12-05,VGK,3,CGY,2,REG
2021020397,20212022,2021-12-07,SJS,5,CGY,3,REG
2021020407,20212022,2021-12-09,CGY,1,CAR,2,OT
2021020558,20212022,2021-12-30,SEA,4,CGY,6,REG
2021020579,20212022,2022-01-02,CHI,1,CGY,5,REG
2021020589,20212022,2022-01-04,FLA,6,CGY,2,REG
2021020602,20212022,2022-01-06,TBL,4,CGY,1,REG
2021020612,20212022,2022-01-07,CAR,6,CGY,3,REG
2021020658,20212022,2022-01-13,CGY,1,OTT,4,REG
2021020698,20212022,2022-01-18,CGY,5,FLA,1,REG
2021020730,20212022,2022-01-22,EDM,5,CGY,3,REG
2021020743,20212022,2022-01-24,CGY,7,STL,1,REG
2021020755,20212022,2022-01-26,CBJ,0,CGY,6,REG
2021020764,20212022,2022-01-27,STL,5,CGY,1,REG
2021020781,20212022,2022-01-29,CGY,1,VAN,0,OT
2021020804,20212022,2022-02-01,DAL,3,CGY,4,REG
2021020676,20212022,2022-02-09,CGY,6,VGK,0,REG
2021020462,20212022,2022-02-10,CGY,5,TOR,2,REG
2021020642,20212022,2022-02-12,CGY,5,NYI,2,REG
2021020478,20212022,2022-02-15,CGY,6,CBJ,2,REG
2021020518,20212022,2022-02-19,CGY,2,SEA,1,REG
2021020564,20212022,2022-02-21,CGY,3,WPG,1,REG
2021020820,20212022,2022-02-24,VAN,7,CGY,1,REG
2021020835,20212022,2022-02-26,CGY,7,MIN,3,REG
2021020855,20212022,2022-03-01,MIN,1,CGY,5,REG
2021020870,20212022,2022-03-03,CGY,4,MTL,5,OT
2021020886,20212022,2022-03-05,COL,3,CGY,4,OT
2021020532,20212022,2022-03-07,CGY,3,EDM,1,REG
2021020912,20212022,2022-03-08,CGY,4,WSH,5,REG
2021020926,20212022,2022-03-10,CGY,4,TBL,1,REG
2021020939,20212022,2022-03-12,CGY,3,DET,0,REG
2021020949,20212022,2022-03-13,COL,3,CGY,0,REG
2021020966,20212022,2022-03-16,CGY,6,NJD,3,REG
2021020990,20212022,2022-03-19,VAN,2,CGY,5,REG
2021021012,20212022,2022-03-22,CGY,3,SJS,4,REG
2021021042,20212022,2022-03-26,CGY,9,EDM,5,REG
2021021066,20212022,2022-03-29,CGY,1,COL,2,REG
2021021081,20212022,2022-03-31,CGY,2,LAK,3,SO
2021021098,20212022,2022-04-02,CGY,4,STL,6,REG
2021021112,20212022,2022-04-04,LAK,2,CGY,3,REG
2021021136,20212022,2022-04-07,SJS,2,CGY,4,REG
2021021154,20212022,2022-04-09,SEA,1,CGY,4,REG
2021021174,20212022,2022-04-12,CGY,5,SEA,3,REG
2021021191,20212022,2022-04-14,CGY,1,VGK,6,REG
2021020436,20212022,2022-04-18,CHI,2,CGY,5,REG
2021020443,20212022,2022-04-19,NSH,3,CGY,2,SO
2021021241,20212022,2022-04-21,CGY,4,DAL,2,REG
2021021256,20212022,2022-04-23,CGY,6,VAN,3,REG
2021021280,20212022,2022-04-26,NSH,4,CGY,5,OT
2021021295,20212022,2022-04-28,MIN,3,CGY,2,OT
2021021309,20212022,2022-04-29,WPG,3,CGY,1,REG
2021020012,20212022,2021-10-14,CAR,6,NYI,3,REG
2021020029,20212022,2021-10-16,NSH,2,CAR,3,REG
2021020052,20212022,2021-10-21,MTL,1,CAR,4,REG
2021020073,20212022,2021-10-23,CBJ,1,CAR,5,REG
2021020087,20212022,2021-10-25,CAR,4,TOR,1,REG
2021020114,20212022,2021-10-29,CAR,6,CHI,3,REG
2021020144,20212022,2021-11-03,CHI,3,CAR,4,REG
2021020166,20212022,2021-11-06,FLA,5,CAR,2,REG
2021020185,20212022,2021-11-09,TBL,1,CAR,2,OT
2021020208,20212022,2021-11-12,CAR,1,PHI,2,REG
2021020216,20212022,2021-11-13,CAR,3,STL,2,REG
2021020242,20212022,2021-11-16,VGK,2,CAR,4,REG
2021020272,20212022,2021-11-20,LAK,4,CAR,5,REG
2021020286,20212022,2021-11-22,SJS,2,CAR,1,OT
2021020303,20212022,2021-11-24,SEA,2,CAR,1,REG
2021020308,20212022,2021-11-26,PHI,3,CAR,6,REG
2021020329,20212022,2021-11-28,CAR,2,WSH,4,REG
2021020343,20212022,2021-11-30,DAL,4,CAR,1,REG
2021020357,20212022,2021-12-02,CAR,2,OTT,3,REG
2021020395,20212022,2021-12-07,WPG,2,CAR,4,REG
2021020426,20212022,2021-12-11,EDM,1,CAR,3,REG
2021020434,20212022,2021-12-12,VAN,2,CAR,1,REG
2021020459,20212022,2021-12-16,CAR,5,DET,3,REG
2021020474,20212022,2021-12-18,CAR,5,LAK,1,REG
2021020554,20212022,2021-12-30,CAR,4,MTL,0,REG
2021020570,20212022,2022-01-01,CBJ,4,CAR,7,REG
2021020617,20212022,2022-01-08,CAR,3,FLA,4,OT
2021020654,20212022,2022-01-13,CAR,0,CBJ,6,REG
2021020672,20212022,2022-01-15,CAR,4,VAN,1,REG
2021020715,20212022,2022-01-21,CAR,6,NYR,3,REG
2021020724,20212022,2022-01-22,NJD,7,CAR,4,REG
2021020748,20212022,2022-01-25,CAR,4,VGK,3,OT
2021020758,20212022,2022-01-27,OTT,2,CAR,3,SO
2021020779,20212022,2022-01-29,CAR,2,NJD,1,REG
2021020787,20212022,2022-01-30,CAR,2,SJS,1,REG
2021020583,20212022,2022-02-07,TOR,4,CAR,3,OT
2021020510,20212022,2022-02-08,OTT,4,CAR,3,REG
2021020445,20212022,2022-02-12,MIN,3,CAR,2,REG
2021020527,20212022,2022-02-16,CAR,2,FLA,3,OT
2021020485,20212022,2022-02-18,CAR,5,NSH,3,REG
2021021304,20212022,2022-02-20,PIT,3,CAR,4,REG
2021020639,20212022,2022-02-21,PHI,3,CAR,4,OT
2021020823,20212022,2022-02-25,CAR,4,CBJ,0,REG
2021020840,20212022,2022-02-27,CAR,2,EDM,1,REG
2021020851,20212022,2022-03-01,DET,4,CAR,3,OT
2021020868,20212022,2022-03-03,WSH,4,CAR,0,REG
2021020876,20212022,2022-03-04,CAR,3,PIT,2,OT
2021020892,20212022,2022-03-06,CAR,3,SEA,2,REG
2021020923,20212022,2022-03-10,CAR,2,COL,0,REG
2021020936,20212022,2022-03-12,CAR,3,PHI,1,REG
2021020945,20212022,2022-03-13,PIT,4,CAR,2,REG
2021020968,20212022,2022-03-17,TOR,3,CAR,2,REG
2021020978,20212022,2022-03-18,CAR,3,WSH,4,SO
2021020996,20212022,2022-03-20,CAR,0,NYR,2,REG
2021021009,20212022,2022-03-22,CAR,3,TBL,2,REG
2021021022,20212022,2022-03-24,CAR,3,DAL,4,SO
2021021039,20212022,2022-03-26,STL,2,CAR,7,REG
2021021054,20212022,2022-03-28,WSH,1,CAR,6,REG
2021021060,20212022,2022-03-29,TBL,4,CAR,3,OT
2021021078,20212022,2022-03-31,CAR,4,MTL,0,REG
2021021094,20212022,2022-04-02,CAR,1,MIN,3,REG
2021021139,20212022,2022-04-08,CAR,1,NYI,2,REG
2021021168,20212022,2022-04-12,NYR,2,CAR,4,REG
2021021186,20212022,2022-04-14,CAR,0,DET,3,REG
2021021205,20212022,2022-04-16,COL,7,CAR,4,REG
2021021239,20212022,2022-04-21,CAR,4,WPG,2,REG
2021021254,20212022,2022-04-23,NJD,2,CAR,3,OT
2021021262,20212022,2022-04-24,NYI,2,CAR,5,REG
2021021277,20212022,2022-04-26,NYR,3,CAR,4,REG
2021021294,20212022,2022-04-28,CAR,6,NJD,3,REG
2021020005,20212022,2021-10-13,COL,4,CHI,2,REG
2021020017,20212022,2021-10-15,NJD,4,CHI,3,OT
2021020026,20212022,2021-10-16,PIT,5,CHI,2,REG
2021020046,20212022,2021-10-19,CHI,1,NYI,4,REG
2021020058,20212022,2021-10-21,CHI,1,VAN,4,REG
2021020080,20212022,2021-10-24,CHI,3,DET,6,REG
2021020099,20212022,2021-10-27,CHI,2,TOR,3,OT
2021020120,20212022,2021-10-30,STL,1,CHI,0,REG
2021020133,20212022,2021-11-01,CHI,5,OTT,1,REG
2021020157,20212022,2021-11-05,WPG,5,CHI,1,REG
2021020175,20212022,2021-11-07,CHI,2,NSH,1,OT
2021020187,20212022,2021-11-09,CHI,3,PIT,2,SO
2021020246,20212022,2021-11-17,SEA,2,CHI,4,REG
2021020269,20212022,2021-11-20,EDM,5,CHI,2,REG
2021020278,20212022,2021-11-21,VAN,0,CHI,1,REG
2021020311,20212022,2021-11-26,CHI,3,STL,2,OT
2021020330,20212022,2021-11-28,CHI,0,SJS,2,REG
2021020356,20212022,2021-12-02,WSH,3,CHI,4,SO
2021020371,20212022,2021-12-04,NYR,3,CHI,2,REG
2021020377,20212022,2021-12-05,NYI,2,CHI,3,SO
2021020393,20212022,2021-12-07,CHI,2,NYR,6,REG
2021020403,20212022,2021-12-09,MTL,0,CHI,2,REG
2021020420,20212022,2021-12-11,TOR,5,CHI,4,REG
2021020451,20212022,2021-12-15,CHI,5,WSH,4,OT
2021020467,20212022,2021-12-17,CHI,2,NSH,3,OT
2021020475,20212022,2021-12-18,DAL,4,CHI,3,OT
2021020571,20212022,2022-01-01,NSH,6,CHI,1,REG
2021020591,20212022,2022-01-04,CHI,3,COL,4,OT
2021020626,20212022,2022-01-08,VGK,1,CHI,2,REG
2021020640,20212022,2022-01-11,CBJ,2,CHI,4,REG
2021020655,20212022,2022-01-13,CHI,3,MTL,2,OT
2021020690,20212022,2022-01-17,SEA,3,CHI,2,SO
2021020717,20212022,2022-01-21,CHI,1,MIN,5,REG
2021020728,20212022,2022-01-22,MIN,4,CHI,3,OT
2021020742,20212022,2022-01-24,COL,2,CHI,0,REG
2021020753,20212022,2022-01-26,DET,5,CHI,8,REG
2021020769,20212022,2022-01-28,CHI,4,COL,6,REG
2021020794,20212022,2022-01-31,CHI,1,VAN,3,REG
2021020809,20212022,2022-02-02,CHI,0,MIN,5,REG
2021020699,20212022,2022-02-09,EDM,1,CHI,4,REG
2021020788,20212022,2022-02-12,STL,5,CHI,1,REG
2021020548,20212022,2022-02-14,WPG,1,CHI,3,REG
2021020538,20212022,2022-02-17,CHI,4,CBJ,7,REG
2021020516,20212022,2022-02-18,CHI,0,DAL,1,SO
2021020498,20212022,2022-02-20,CHI,2,FLA,5,REG
2021020824,20212022,2022-02-25,CHI,8,NJD,5,REG
2021020842,20212022,2022-02-27,CHI,0,STL,4,REG
2021020869,20212022,2022-03-03,CHI,4,EDM,3,OT
2021020883,20212022,2022-03-05,PHI,4,CHI,3,REG
2021020893,20212022,2022-03-06,CHI,3,TBL,6,REG
2021020934,20212022,2022-03-12,OTT,3,CHI,6,REG
2021020988,20212022,2022-03-19,MIN,3,CHI,1,REG
2021020997,20212022,2022-03-20,CHI,4,WPG,6,REG
2021021027,20212022,2022-03-24,LAK,3,CHI,4,SO
2021021043,20212022,2022-03-26,VGK,5,CHI,4,OT
2021021076,20212022,2022-03-31,FLA,4,CHI,0,REG
2021021085,20212022,2022-04-01,TBL,5,CHI,2,REG
2021021132,20212022,2022-04-07,CHI,0,SEA,2,REG
2021021160,20212022,2022-04-10,CHI,4,DAL,6,REG
2021021187,20212022,2022-04-12,CHI,2,LAK,5,REG
2021021171,20212022,2022-04-14,CHI,5,SJS,4,SO
2021021203,20212022,2022-04-16,NSH,4,CHI,3,REG
2021021242,20212022,2022-04-21,LAK,4,CHI,1,REG
2021021259,20212022,2022-04-23,SJS,4,CHI,1,REG
2021021271,20212022,2022-04-25,CHI,3,PHI,1,REG
2021021286,20212022,2022-04-27,CHI,4,VGK,3,SO
2021020030,20212022,2021-10-16,COL,3,STL,5,REG
2021020045,20212022,2021-10-19,WSH,6,COL,3,REG
2021020055,20212022,2021-10-21,FLA,4,COL,1,REG
2021020068,20212022,2021-10-23,TBL,3,COL,4,SO
2021020093,20212022,2021-10-26,COL,1,VGK,3,REG
2021020105,20212022,2021-10-28,STL,3,COL,4,REG
2021020122,20212022,2021-10-30,COL,4,MIN,1,REG
2021020145,20212022,2021-11-03,COL,4,CBJ,5,OT
2021020169,20212022,2021-11-06,CBJ,4,COL,2,REG
2021020203,20212022,2021-11-11,COL,7,VAN,1,REG
2021020221,20212022,2021-11-13,COL,6,SJS,2,REG
2021020244,20212022,2021-11-17,VAN,2,COL,4,REG
2021020260,20212022,2021-11-19,SEA,3,COL,7,REG
2021020285,20212022,2021-11-22,COL,7,OTT,5,REG
2021020313,20212022,2021-11-26,DAL,3,COL,1,REG
2021020321,20212022,2021-11-27,COL,6,NSH,2,REG
2021020346,20212022,2021-12-01,TOR,8,COL,3,REG
2021020352,20212022,2021-12-02,MTL,1,COL,4,REG
2021020368,20212022,2021-12-04,OTT,6,COL,5,OT
2021020383,20212022,2021-12-06,PHI,5,COL,7,REG
2021020399,20212022,2021-12-08,NYR,3,COL,7,REG
2021020415,20212022,2021-12-10,COL,7,DET,3,REG
2021020433,20212022,2021-12-12,COL,3,FLA,2,REG
2021020447,20212022,2021-12-14,COL,4,NYR,2,REG
2021020460,20212022,2021-12-16,NSH,5,COL,2,REG
2021020606,20212022,2022-01-06,COL,7,WPG,1,REG
2021020622,20212022,2022-01-08,COL,5,TOR,4,OT
2021020634,20212022,2022-01-10,COL,4,SEA,3,REG
2021020641,20212022,2022-01-11,NSH,5,COL,4,OT
2021020686,20212022,2022-01-17,COL,4,MIN,3,SO
2021020711,20212022,2022-01-20,LAK,1,COL,4,REG
2021020729,20212022,2022-01-22,COL,3,MTL,2,OT
2021020477,20212022,2022-02-10,COL,3,TBL,2,REG
2021020563,20212022,2022-02-13,DAL,0,COL,4,REG
2021020549,20212022,2022-02-15,COL,1,DAL,4,REG
2021020535,20212022,2022-02-16,VGK,0,COL,2,REG
2021020490,20212022,2022-02-23,DET,2,COL,5,REG
2021020826,20212022,2022-02-25,COL,6,WPG,3,REG
2021020836,20212022,2022-02-26,VGK,2,COL,3,REG
2021020857,20212022,2022-03-01,COL,5,NYI,3,REG
2021020900,20212022,2022-03-07,NYI,4,COL,5,REG
2021020904,20212022,2022-03-08,NJD,5,COL,3,REG
2021020962,20212022,2022-03-15,LAK,0,COL,3,REG
2021020982,20212022,2022-03-18,SJS,3,COL,5,REG
2021021002,20212022,2022-03-21,COL,3,EDM,2,OT
2021021016,20212022,2022-03-23,COL,1,VAN,3,REG
2021021031,20212022,2022-03-25,COL,6,PHI,3,REG
2021021052,20212022,2022-03-27,MIN,3,COL,2,OT
2021021080,20212022,2022-03-31,COL,4,SJS,2,REG
2021021097,20212022,2022-04-02,COL,3,PIT,2,REG
2021021119,20212022,2022-04-05,PIT,4,COL,6,REG
2021021141,20212022,2022-04-08,WPG,4,COL,5,OT
2021021151,20212022,2022-04-09,EDM,1,COL,2,SO
2021021180,20212022,2022-04-13,COL,9,LAK,3,REG
2021021190,20212022,2022-04-14,COL,3,NJD,1,REG
2021021216,20212022,2022-04-18,COL,2,WSH,3,REG
2021021232,20212022,2022-04-20,SEA,3,COL,2,REG
2021021246,20212022,2022-04-22,EDM,6,COL,3,REG
2021021268,20212022,2022-04-24,WPG,4,COL,1,REG
2021021283,20212022,2022-04-26,COL,5,STL,3,REG
2021021296,20212022,2022-04-28,COL,4,NSH,5,SO
2021021308,20212022,2022-04-29,MIN,4,COL,1,REG
2021020028,20212022,2021-10-16,CBJ,2,SEA,1,OT
2021020041,20212022,2021-10-19,DET,4,CBJ,1,REG
2021020057,20212022,2021-10-21,CBJ,3,NYI,2,OT
2021020088,20212022,2021-10-25,CBJ,4,DAL,1,REG
2021020112,20212022,2021-10-29,NYR,4,CBJ,0,REG
2021020127,20212022,2021-10-31,NJD,3,CBJ,4,SO
2021020209,20212022,2021-11-12,CBJ,3,WSH,4,REG
2021020217,20212022,2021-11-13,CBJ,3,NYR,5,REG
2021020231,20212022,2021-11-15,CBJ,5,DET,3,REG
2021020271,20212022,2021-11-20,VGK,3,CBJ,2,REG
2021020297,20212022,2021-11-24,CBJ,3,WPG,0,REG
2021020310,20212022,2021-11-26,CBJ,4,VAN,2,REG
2021020320,20212022,2021-11-27,STL,6,CBJ,3,REG
2021020342,20212022,2021-11-30,NSH,6,CBJ,0,REG
2021020359,20212022,2021-12-02,DAL,3,CBJ,2,REG
2021020372,20212022,2021-12-04,WSH,3,CBJ,1,REG
2021020379,20212022,2021-12-05,CBJ,6,SJS,4,REG
2021020389,20212022,2021-12-07,TOR,5,CBJ,4,REG
2021020430,20212022,2021-12-11,SEA,4,CBJ,5,OT
2021020449,20212022,2021-12-14,VAN,4,CBJ,3,REG
2021020463,20212022,2021-12-16,EDM,5,CBJ,2,REG
2021020555,20212022,2021-12-30,CBJ,4,NSH,3,SO
2021020590,20212022,2022-01-04,CBJ,2,TBL,7,REG
2021020603,20212022,2022-01-06,NJD,3,CBJ,1,REG
2021020618,20212022,2022-01-08,CBJ,4,NJD,3,REG
2021020669,20212022,2022-01-15,FLA,9,CBJ,2,REG
2021020706,20212022,2022-01-20,PHI,1,CBJ,2,REG
2021020716,20212022,2022-01-21,CBJ,2,PIT,5,REG
2021020734,20212022,2022-01-23,CBJ,1,OTT,2,REG
2021020763,20212022,2022-01-27,CBJ,5,NYR,3,REG
2021020783,20212022,2022-01-30,MTL,3,CBJ,6,REG
2021020793,20212022,2022-01-31,CBJ,4,FLA,8,REG
2021021293,20212022,2022-02-08,WSH,4,CBJ,5,REG
2021020630,20212022,2022-02-12,MTL,1,CBJ,2,REG
2021020528,20212022,2022-02-22,CBJ,4,TOR,3,OT
2021020816,20212022,2022-02-24,FLA,3,CBJ,6,REG
2021020841,20212022,2022-02-27,CBJ,2,PIT,3,REG
2021020854,20212022,2022-03-01,CBJ,4,NJD,3,REG
2021020877,20212022,2022-03-04,CBJ,3,LAK,4,OT
2021020901,20212022,2022-03-07,CBJ,4,TOR,5,REG
2021020693,20212022,2022-03-10,NYI,6,CBJ,0,REG
2021020930,20212022,2022-03-11,CBJ,3,MIN,2,SO
2021020946,20212022,2022-03-13,CBJ,6,VGK,4,REG
2021020964,20212022,2022-03-16,OTT,1,CBJ,4,REG
2021020971,20212022,2022-03-17,CBJ,2,WSH,7,REG
2021020986,20212022,2022-03-19,CBJ,5,STL,4,REG
2021021007,20212022,2022-03-22,PIT,5,CBJ,1,REG
2021021030,20212022,2022-03-25,WPG,4,CBJ,3,OT
2021021041,20212022,2022-03-26,MIN,3,CBJ,2,OT
2021021063,20212022,2022-03-29,CBJ,3,NYI,4,REG
2021021077,20212022,2022-03-31,NYI,5,CBJ,2,REG
2021021118,20212022,2022-04-05,PHI,2,CBJ,4,REG
2021021131,20212022,2022-04-07,CBJ,1,PHI,4,REG
2021021143,20212022,2022-04-09,DET,4,CBJ,5,OT
2021021178,20212022,2022-04-13,CBJ,5,MTL,1,REG
2021021208,20212022,2022-04-16,LAK,2,CBJ,1,REG
2021021227,20212022,2022-04-19,SJS,3,CBJ,2,REG
2021021244,20212022,2022-04-22,CBJ,1,OTT,2,SO
2021021266,20212022,2022-04-24,CBJ,5,EDM,2,REG
2021021276,20212022,2022-04-26,TBL,4,CBJ,1,REG
2021021305,20212022,2022-04-28,CBJ,5,TBL,2,REG
2021021169,20212022,2022-04-29,PIT,5,CBJ,3,REG
2021020011,20212022,2021-10-14,NYR,2,DAL,3,OT
2021020034,20212022,2021-10-17,OTT,3,DAL,2,REG
2021020044,20212022,2021-10-19,PIT,1,DAL,2,SO
2021020064,20212022,2021-10-22,DAL,3,LAK,2,OT
2021020100,20212022,2021-10-27,DAL,2,VGK,3,OT
2021020115,20212022,2021-10-29,DAL,1,OTT,4,REG
2021020139,20212022,2021-11-02,WPG,4,DAL,3,SO
2021020177,20212022,2021-11-07,VAN,6,DAL,3,REG
2021020193,20212022,2021-11-10,DAL,2,NSH,4,REG
2021020219,20212022,2021-11-13,DAL,5,PHI,2,REG
2021020239,20212022,2021-11-16,DAL,5,DET,2,REG
2021020254,20212022,2021-11-18,MIN,7,DAL,2,REG
2021020268,20212022,2021-11-20,DAL,4,STL,1,REG
2021020288,20212022,2021-11-23,DAL,4,EDM,1,REG
2021020401,20212022,2021-12-08,VGK,5,DAL,4,REG
2021020409,20212022,2021-12-09,LAK,4,DAL,0,REG
2021020429,20212022,2021-12-11,SJS,2,DAL,1,REG
2021020444,20212022,2021-12-14,DAL,1,STL,4,REG
2021020468,20212022,2021-12-17,STL,4,DAL,1,REG
2021020492,20212022,2021-12-20,DAL,7,MIN,4,REG
2021020605,20212022,2022-01-06,DAL,6,FLA,5,SO
2021020619,20212022,2022-01-08,DAL,3,PIT,2,REG
2021020629,20212022,2022-01-09,STL,2,DAL,1,REG
2021020647,20212022,2022-01-12,DAL,5,SEA,2,REG
2021020661,20212022,2022-01-14,FLA,7,DAL,1,REG
2021020668,20212022,2022-01-15,TBL,3,DAL,1,REG
2021020697,20212022,2022-01-18,DAL,3,MTL,5,REG
2021020713,20212022,2022-01-21,DET,4,DAL,5,OT
2021020739,20212022,2022-01-24,PHI,1,DAL,3,REG
2021020745,20212022,2022-01-25,NJD,1,DAL,5,REG
2021020770,20212022,2022-01-28,DAL,0,WSH,5,REG
2021020530,20212022,2022-02-09,DAL,4,NSH,3,REG
2021020506,20212022,2022-02-11,DAL,4,WPG,3,OT
2021020813,20212022,2022-02-23,DAL,3,WPG,2,OT
2021020819,20212022,2022-02-24,NSH,2,DAL,1,SO
2021020862,20212022,2022-03-02,DAL,4,LAK,3,REG
2021020878,20212022,2022-03-04,WPG,3,DAL,4,OT
2021020894,20212022,2022-03-06,MIN,3,DAL,6,REG
2021020909,20212022,2022-03-08,NSH,2,DAL,1,REG
2021020938,20212022,2022-03-12,DAL,4,NYR,7,REG
2021020953,20212022,2022-03-15,TOR,4,DAL,0,REG
2021020969,20212022,2022-03-17,MTL,3,DAL,4,OT
2021020985,20212022,2022-03-19,NYI,4,DAL,2,REG
2021020995,20212022,2022-03-20,WSH,2,DAL,3,REG
2021021010,20212022,2022-03-22,DAL,5,EDM,3,REG
2021021040,20212022,2022-03-26,DAL,1,VAN,4,REG
2021021099,20212022,2022-04-02,SJS,4,DAL,5,REG
2021021108,20212022,2022-04-03,SEA,4,DAL,1,REG
2021021121,20212022,2022-04-05,DAL,3,NYI,2,REG
2021021133,20212022,2022-04-07,DAL,3,TOR,4,OT
2021021149,20212022,2022-04-09,DAL,1,NJD,3,REG
2021021173,20212022,2022-04-12,DAL,1,TBL,0,REG
2021021189,20212022,2022-04-14,DAL,2,MIN,3,OT
2021021204,20212022,2022-04-16,DAL,2,SJS,1,REG
2021021217,20212022,2022-04-18,VAN,6,DAL,2,REG
2021021229,20212022,2022-04-20,EDM,5,DAL,2,REG
2021021255,20212022,2022-04-23,DAL,3,SEA,2,REG
2021021281,20212022,2022-04-26,DAL,3,VGK,2,SO
2021020009,20212022,2021-10-14,DET,6,TBL,7,OT
2021020024,20212022,2021-10-16,DET,3,VAN,1,REG
2021020066,20212022,2021-10-23,MTL,6,DET,1,REG
2021020098,20212022,2021-10-27,WSH,2,DET,3,OT
2021020111,20212022,2021-10-29,DET,2,FLA,3,OT
2021020118,20212022,2021-10-30,TOR,5,DET,4,REG
2021020136,20212022,2021-11-02,MTL,3,DET,0,REG
2021020174,20212022,2021-11-07,DET,5,VGK,2,REG
2021020184,20212022,2021-11-09,DET,4,EDM,2,REG
2021020198,20212022,2021-11-11,DET,0,WSH,2,REG
2021020213,20212022,2021-11-13,DET,3,MTL,2,OT
2021020257,20212022,2021-11-18,VGK,5,DET,2,REG
2021020291,20212022,2021-11-24,DET,4,STL,2,REG
2021020348,20212022,2021-12-01,DET,4,SEA,3,SO
2021020369,20212022,2021-12-04,DET,4,NYI,3,OT
2021020392,20212022,2021-12-07,DET,2,NSH,5,REG
2021020406,20212022,2021-12-09,STL,6,DET,2,REG
2021020438,20212022,2021-12-14,DET,2,NYI,1,REG
2021020472,20212022,2021-12-18,DET,5,NJD,2,REG
2021020560,20212022,2021-12-31,DET,1,WSH,3,REG
2021020588,20212022,2022-01-04,DET,6,SJS,2,REG
2021020628,20212022,2022-01-08,LAK,4,DET,0,REG
2021020645,20212022,2022-01-11,SJS,3,DET,2,OT
2021020651,20212022,2022-01-13,DET,0,WPG,3,REG
2021020727,20212022,2022-01-22,NSH,4,DET,1,REG
2021020768,20212022,2022-01-28,PIT,2,DET,3,SO
2021020774,20212022,2022-01-29,DET,4,TOR,7,REG
2021020807,20212022,2022-02-02,DET,3,LAK,5,REG
2021020694,20212022,2022-02-09,PHI,3,DET,6,REG
2021020811,20212022,2022-02-12,DET,4,PHI,2,REG
2021020517,20212022,2022-02-14,MIN,7,DET,4,REG
2021020525,20212022,2022-02-17,NYR,2,DET,3,SO
2021021275,20212022,2022-02-26,DET,7,TOR,10,REG
2021020874,20212022,2022-03-04,TBL,3,DET,1,REG
2021020881,20212022,2022-03-05,FLA,6,DET,2,REG
2021020919,20212022,2022-03-10,DET,5,MIN,6,SO
2021020960,20212022,2022-03-15,EDM,7,DET,5,REG
2021020974,20212022,2022-03-17,VAN,0,DET,1,REG
2021020993,20212022,2022-03-19,SEA,4,DET,2,REG
2021021004,20212022,2022-03-22,DET,6,PHI,3,REG
2021020545,20212022,2022-03-24,NYI,5,DET,2,REG
2021021037,20212022,2022-03-26,DET,1,TBL,2,OT
2021021050,20212022,2022-03-27,PIT,11,DET,2,REG
2021021069,20212022,2022-03-30,DET,4,NYR,5,OT
2021021084,20212022,2022-04-01,DET,2,OTT,5,REG
2021021101,20212022,2022-04-03,OTT,5,DET,2,REG
2021021125,20212022,2022-04-06,WPG,1,DET,3,REG
2021021166,20212022,2022-04-12,DET,1,OTT,4,REG
2021021201,20212022,2022-04-16,NYR,4,DET,0,REG
2021021210,20212022,2022-04-17,DET,1,FLA,6,REG
2021021222,20212022,2022-04-19,TBL,3,DET,4,REG
2021021235,20212022,2022-04-21,FLA,5,DET,2,REG
2021021251,20212022,2022-04-23,DET,2,PIT,7,REG
2021021261,20212022,2022-04-24,NJD,0,DET,3,REG
2021020829,20212022,2022-04-26,TOR,3,DET,0,REG
2021021301,20212022,2022-04-29,NJD,3,DET,5,REG
2021020006,20212022,2021-10-13,EDM,3,VAN,2,SO
2021020065,20212022,2021-10-22,VGK,3,EDM,5,REG
2021020101,20212022,2021-10-27,EDM,3,PHI,5,REG
2021020124,20212022,2021-10-30,VAN,1,EDM,2,REG
2021020134,20212022,2021-11-01,EDM,5,SEA,2,REG
2021020146,20212022,2021-11-03,EDM,5,NSH,2,REG
2021020158,20212022,2021-11-05,EDM,6,NYR,5,OT
2021020228,20212022,2021-11-14,STL,4,EDM,5,REG
2021020241,20212022,2021-11-16,WPG,5,EDM,2,REG
2021020255,20212022,2021-11-18,EDM,2,WPG,1,SO
2021020324,20212022,2021-11-27,VGK,2,EDM,3,REG
2021020350,20212022,2021-12-01,EDM,5,PIT,2,REG
2021020366,20212022,2021-12-03,SEA,4,EDM,3,REG
2021020381,20212022,2021-12-05,EDM,1,LAK,5,REG
2021020396,20212022,2021-12-07,EDM,1,MIN,4,REG
2021020448,20212022,2021-12-14,EDM,1,TOR,5,REG
2021020480,20212022,2021-12-18,SEA,3,EDM,5,REG
2021020547,20212022,2021-12-29,STL,4,EDM,2,REG
2021020562,20212022,2021-12-31,NJD,6,EDM,5,OT
2021020569,20212022,2022-01-01,NYI,3,EDM,2,OT
2021020585,20212022,2022-01-03,NYR,4,EDM,1,REG
2021020596,20212022,2022-01-05,TOR,4,EDM,2,REG
2021020635,20212022,2022-01-15,EDM,4,OTT,6,REG
2021020709,20212022,2022-01-20,EDM,0,FLA,6,REG
2021020750,20212022,2022-01-25,VAN,2,EDM,3,OT
2021020766,20212022,2022-01-27,EDM,3,NSH,2,SO
2021020772,20212022,2022-01-29,MTL,2,EDM,7,REG
2021020791,20212022,2022-01-31,OTT,3,EDM,2,OT
2021020808,20212022,2022-02-02,WSH,3,EDM,5,REG
2021020664,20212022,2022-02-08,EDM,0,VGK,4,REG
2021020623,20212022,2022-02-11,EDM,3,NYI,1,REG
2021020522,20212022,2022-02-14,SJS,0,EDM,3,REG
2021020507,20212022,2022-02-15,LAK,2,EDM,5,REG
2021020681,20212022,2022-02-19,WPG,2,EDM,4,REG
2021020648,20212022,2022-02-20,EDM,3,MIN,7,REG
2021020812,20212022,2022-02-23,TBL,5,EDM,3,REG
2021020831,20212022,2022-02-26,FLA,3,EDM,4,REG
2021020853,20212022,2022-03-01,PHI,0,EDM,3,REG
2021020887,20212022,2022-03-05,EDM,2,MTL,5,REG
2021020913,20212022,2022-03-09,EDM,4,WSH,3,OT
2021020940,20212022,2022-03-12,EDM,4,TBL,1,REG
2021020989,20212022,2022-03-19,EDM,6,NJD,3,REG
2021021025,20212022,2022-03-24,EDM,5,SJS,2,REG
2021021070,20212022,2022-03-30,EDM,4,LAK,3,SO
2021021087,20212022,2022-04-01,EDM,6,STL,5,OT
2021021122,20212022,2022-04-05,SJS,1,EDM,2,OT
2021021135,20212022,2022-04-07,LAK,2,EDM,3,REG
2021021163,20212022,2022-04-12,MIN,5,EDM,1,REG
2021021172,20212022,2022-04-14,NSH,0,EDM,4,REG
2021021195,20212022,2022-04-16,EDM,4,VGK,0,REG
2021021278,20212022,2022-04-26,PIT,1,EDM,5,REG
2021021297,20212022,2022-04-28,EDM,5,SJS,4,OT
2021021207,20212022,2022-04-29,EDM,3,VAN,2,SO
2021020010,20212022,2021-10-14,FLA,5,PIT,4,OT
2021020025,20212022,2021-10-16,FLA,5,NYI,1,REG
2021020042,20212022,2021-10-19,TBL,1,FLA,4,REG
2021020070,20212022,2021-10-23,PHI,2,FLA,4,REG
2021020152,20212022,2021-11-04,FLA,5,WSH,4,OT
2021020180,20212022,2021-11-08,NYR,4,FLA,3,REG
2021020186,20212022,2021-11-09,NJD,7,FLA,3,REG
2021020200,20212022,2021-11-11,PIT,3,FLA,2,SO
2021020214,20212022,2021-11-13,TBL,3,FLA,2,OT
2021020233,20212022,2021-11-16,FLA,6,NYI,1,REG
2021020251,20212022,2021-11-18,FLA,4,NJD,1,REG
2021020265,20212022,2021-11-20,FLA,5,MIN,4,REG
2021020292,20212022,2021-11-24,FLA,2,PHI,1,OT
2021020309,20212022,2021-11-26,WSH,4,FLA,3,REG
2021020318,20212022,2021-11-27,FLA,1,SEA,4,REG
2021020338,20212022,2021-11-30,FLA,5,WSH,4,REG
2021020370,20212022,2021-12-04,FLA,4,STL,3,SO
2021020394,20212022,2021-12-07,STL,4,FLA,3,OT
2021020440,20212022,2021-12-14,FLA,2,OTT,8,REG
2021020456,20212022,2021-12-16,FLA,1,LAK,4,REG
2021020544,20212022,2021-12-29,FLA,4,NYR,3,REG
2021020552,20212022,2021-12-30,FLA,9,TBL,3,REG
2021020568,20212022,2022-01-01,FLA,5,MTL,2,REG
2021020638,20212022,2022-01-11,FLA,5,VAN,2,REG
2021020718,20212022,2022-01-21,VAN,1,FLA,2,SO
2021020736,20212022,2022-01-23,SEA,5,FLA,3,REG
2021020749,20212022,2022-01-25,WPG,3,FLA,5,REG
2021020760,20212022,2022-01-27,FLA,4,VGK,1,REG
2021020776,20212022,2022-01-29,FLA,5,SJS,4,OT
2021020800,20212022,2022-02-01,NYR,5,FLA,2,REG
2021020476,20212022,2022-02-18,MIN,2,FLA,6,REG
2021020511,20212022,2022-02-22,FLA,4,NSH,6,REG
2021020865,20212022,2022-03-03,FLA,3,OTT,0,REG
2021020906,20212022,2022-03-08,PIT,3,FLA,4,REG
2021020920,20212022,2022-03-10,FLA,6,PHI,3,REG
2021020951,20212022,2022-03-13,LAK,3,FLA,2,SO
2021020963,20212022,2022-03-15,SJS,2,FLA,3,OT
2021020975,20212022,2022-03-17,VGK,5,FLA,3,REG
2021021020,20212022,2022-03-24,MTL,3,FLA,4,REG
2021021036,20212022,2022-03-26,OTT,3,FLA,4,SO
2021021046,20212022,2022-03-27,TOR,5,FLA,2,REG
2021021061,20212022,2022-03-29,FLA,7,MTL,4,REG
2021021092,20212022,2022-04-02,NJD,6,FLA,7,OT
2021021116,20212022,2022-04-05,FLA,7,TOR,6,OT
2021021148,20212022,2022-04-09,NSH,1,FLA,4,REG
2021021194,20212022,2022-04-15,FLA,6,WPG,1,REG
2021021223,20212022,2022-04-19,NYI,2,FLA,3,OT
2021021253,20212022,2022-04-23,FLA,3,TOR,2,OT
2021021260,20212022,2022-04-24,FLA,4,TBL,8,REG
2021021291,20212022,2022-04-28,OTT,0,FLA,4,REG
2021021300,20212022,2022-04-29,MTL,10,FLA,2,REG
2021020016,20212022,2021-10-14,LAK,6,VGK,2,REG
2021020032,20212022,2021-10-16,LAK,2,MIN,3,REG
2021020047,20212022,2021-10-19,NSH,2,LAK,1,REG
2021020074,20212022,2021-10-23,STL,7,LAK,3,REG
2021020089,20212022,2021-10-25,STL,3,LAK,0,REG
2021020108,20212022,2021-10-28,LAK,2,WPG,3,REG
2021020125,20212022,2021-10-30,LAK,5,MTL,2,REG
2021020147,20212022,2021-11-03,LAK,3,STL,2,SO
2021020161,20212022,2021-11-05,LAK,3,NJD,2,OT
2021020179,20212022,2021-11-08,TOR,1,LAK,5,REG
2021020183,20212022,2021-11-09,MTL,2,LAK,3,OT
2021020197,20212022,2021-11-11,OTT,0,LAK,2,REG
2021020220,20212022,2021-11-13,WPG,3,LAK,2,OT
2021020245,20212022,2021-11-17,LAK,0,WSH,2,REG
2021020301,20212022,2021-11-24,LAK,2,TOR,6,REG
2021020325,20212022,2021-11-27,LAK,4,OTT,2,REG
2021020386,20212022,2021-12-06,VAN,4,LAK,0,REG
2021020428,20212022,2021-12-11,LAK,2,MIN,1,REG
2021020439,20212022,2021-12-14,TBL,3,LAK,2,OT
2021020484,20212022,2021-12-19,WSH,2,LAK,3,REG
2021020539,20212022,2021-12-28,LAK,3,VGK,6,REG
2021020556,20212022,2021-12-30,LAK,2,VAN,1,SO
2021020573,20212022,2022-01-01,LAK,6,PHI,3,REG
2021020610,20212022,2022-01-06,LAK,2,NSH,4,REG
2021020636,20212022,2022-01-10,LAK,3,NYR,1,REG
2021020659,20212022,2022-01-13,LAK,6,PIT,2,REG
2021020679,20212022,2022-01-15,SEA,1,LAK,3,REG
2021020689,20212022,2022-01-17,SJS,6,LAK,2,REG
2021020700,20212022,2022-01-18,LAK,4,TBL,6,REG
2021020732,20212022,2022-01-23,NJD,2,LAK,3,REG
2021020738,20212022,2022-01-24,NYR,3,LAK,2,SO
2021020761,20212022,2022-01-27,NYI,2,LAK,3,REG
2021020778,20212022,2022-01-29,PHI,4,LAK,3,OT
2021020786,20212022,2022-01-30,PIT,3,LAK,4,REG
2021020521,20212022,2022-02-18,VGK,3,LAK,4,OT
2021020837,20212022,2022-02-26,LAK,5,NYI,2,REG
2021020927,20212022,2022-03-10,LAK,3,SJS,4,OT
2021020941,20212022,2022-03-12,SJS,5,LAK,0,REG
2021020976,20212022,2022-03-17,LAK,3,SJS,0,REG
2021020992,20212022,2022-03-19,VGK,5,LAK,1,REG
2021021013,20212022,2022-03-22,LAK,6,NSH,1,REG
2021021044,20212022,2022-03-26,LAK,4,SEA,2,REG
2021021058,20212022,2022-03-28,LAK,1,SEA,6,REG
2021021096,20212022,2022-04-02,WPG,2,LAK,3,REG
2021021150,20212022,2022-04-10,MIN,6,LAK,3,REG
2021021289,20212022,2022-04-27,SEA,3,LAK,5,REG
2021021310,20212022,2022-04-28,VAN,3,LAK,2,OT
2021020048,20212022,2021-10-19,MIN,6,WPG,5,OT
2021020081,20212022,2021-10-24,MIN,2,NSH,5,REG
2021020094,20212022,2021-10-26,VAN,2,MIN,3,REG
2021020110,20212022,2021-10-28,SEA,4,MIN,1,REG
2021020138,20212022,2021-11-02,MIN,5,OTT,4,OT
2021020167,20212022,2021-11-06,PIT,4,MIN,5,SO
2021020176,20212022,2021-11-07,MIN,5,NYI,2,REG
2021020204,20212022,2021-11-11,VGK,3,MIN,2,REG
2021020223,20212022,2021-11-13,SEA,2,MIN,4,REG
2021020240,20212022,2021-11-16,MIN,1,SJS,4,REG
2021020275,20212022,2021-11-21,TBL,5,MIN,4,SO
2021020293,20212022,2021-11-24,NJD,2,MIN,3,SO
2021020314,20212022,2021-11-26,MIN,7,WPG,1,REG
2021020331,20212022,2021-11-28,MIN,4,TBL,2,REG
2021020360,20212022,2021-12-02,MIN,5,NJD,2,REG
2021020375,20212022,2021-12-04,MIN,4,TOR,3,SO
2021020410,20212022,2021-12-09,SJS,2,MIN,5,REG
2021020435,20212022,2021-12-12,VGK,6,MIN,4,REG
2021020572,20212022,2022-01-01,MIN,4,STL,6,REG
2021020620,20212022,2022-01-08,MIN,3,WSH,2,SO
2021020741,20212022,2022-01-24,MIN,8,MTL,2,REG
2021020767,20212022,2022-01-28,NYR,2,MIN,3,REG
2021020784,20212022,2022-01-30,NYI,3,MIN,4,REG
2021020531,20212022,2022-02-08,WPG,2,MIN,0,REG
2021020633,20212022,2022-02-16,WPG,6,MIN,3,REG
2021020584,20212022,2022-02-22,OTT,4,MIN,3,REG
2021020815,20212022,2022-02-24,TOR,3,MIN,1,REG
2021020867,20212022,2022-03-03,PHI,4,MIN,5,REG
2021020910,20212022,2022-03-08,MIN,5,NYR,2,REG
2021020948,20212022,2022-03-13,MIN,2,NSH,6,REG
2021021001,20212022,2022-03-21,MIN,3,VGK,0,REG
2021021024,20212022,2022-03-24,MIN,3,VAN,2,OT
2021021065,20212022,2022-03-29,MIN,4,PHI,1,REG
2021021079,20212022,2022-03-31,MIN,3,PIT,4,OT
2021021104,20212022,2022-04-03,WSH,1,MIN,5,REG
2021021120,20212022,2022-04-05,NSH,6,MIN,2,REG
2021021140,20212022,2022-04-08,STL,4,MIN,3,OT
2021021202,20212022,2022-04-16,STL,6,MIN,5,OT
2021021214,20212022,2022-04-17,MIN,5,SJS,4,OT
2021021221,20212022,2022-04-19,MTL,0,MIN,2,REG
2021021240,20212022,2022-04-21,MIN,6,VAN,3,REG
2021021245,20212022,2022-04-22,MIN,6,SEA,3,REG
2021021267,20212022,2022-04-24,NSH,4,MIN,5,OT
2021020003,20212022,2021-10-13,TOR,2,MTL,1,REG
2021020023,20212022,2021-10-16,MTL,1,NYR,3,REG
2021020040,20212022,2021-10-19,MTL,0,SJS,5,REG
2021020096,20212022,2021-10-26,SEA,5,MTL,1,REG
2021020109,20212022,2021-10-28,SJS,0,MTL,4,REG
2021020150,20212022,2021-11-04,MTL,2,NYI,6,REG
2021020164,20212022,2021-11-06,MTL,2,VGK,5,REG
2021020235,20212022,2021-11-16,NYR,3,MTL,2,REG
2021020249,20212022,2021-11-18,MTL,0,PIT,6,REG
2021020262,20212022,2021-11-20,MTL,6,NSH,3,REG
2021020296,20212022,2021-11-24,WSH,6,MTL,3,REG
2021020319,20212022,2021-11-27,PIT,3,MTL,6,REG
2021020334,20212022,2021-11-29,MTL,1,VAN,2,REG
2021020374,20212022,2021-12-04,NSH,4,MTL,3,OT
2021020390,20212022,2021-12-07,MTL,2,TBL,3,REG
2021020424,20212022,2021-12-11,STL,4,MTL,1,REG
2021020442,20212022,2021-12-14,PIT,5,MTL,2,REG
2021020454,20212022,2021-12-16,MTL,3,PHI,2,SO
2021020537,20212022,2021-12-28,TBL,5,MTL,4,OT
2021020710,20212022,2022-01-20,VGK,4,MTL,3,OT
2021020666,20212022,2022-02-08,MTL,1,NJD,7,REG
2021020587,20212022,2022-02-10,MTL,2,WSH,5,REG
2021020796,20212022,2022-02-17,MTL,3,STL,2,OT
2021020491,20212022,2022-02-20,NYI,2,MTL,3,SO
2021020601,20212022,2022-02-21,MTL,5,TOR,2,REG
2021020830,20212022,2022-02-26,OTT,1,MTL,2,REG
2021020856,20212022,2022-03-01,WPG,8,MTL,4,REG
2021020914,20212022,2022-03-09,VAN,5,MTL,3,REG
2021020933,20212022,2022-03-12,MTL,3,SEA,4,SO
2021020944,20212022,2022-03-13,PHI,3,MTL,4,OT
2021020983,20212022,2022-03-19,MTL,5,OTT,1,REG
2021021035,20212022,2022-03-26,MTL,4,TOR,2,REG
2021021047,20212022,2022-03-27,NJD,3,MTL,2,SO
2021021091,20212022,2022-04-02,TBL,4,MTL,5,SO
2021021114,20212022,2022-04-05,MTL,3,OTT,6,REG
2021020512,20212022,2022-04-07,NJD,4,MTL,7,REG
2021021142,20212022,2022-04-09,TOR,3,MTL,2,REG
2021021162,20212022,2022-04-11,MTL,2,WPG,4,REG
2021021193,20212022,2022-04-15,MTL,0,NYI,3,REG
2021021198,20212022,2022-04-16,MTL,4,WSH,8,REG
2021021233,20212022,2022-04-21,MTL,3,PHI,6,REG
2021021250,20212022,2022-04-23,OTT,6,MTL,4,REG
2021020505,20212022,2022-04-27,NYR,3,MTL,4,REG
2021020014,20212022,2021-10-14,NSH,3,SEA,4,REG
2021020059,20212022,2021-10-21,NSH,1,NYR,3,REG
2021020076,20212022,2021-10-23,WPG,6,NSH,4,REG
2021020092,20212022,2021-10-26,NSH,3,SJS,1,REG
2021020121,20212022,2021-10-30,NSH,3,NYI,2,SO
2021020159,20212022,2021-11-05,VAN,2,NSH,3,REG
2021020201,20212022,2021-11-11,STL,3,NSH,4,OT
2021020232,20212022,2021-11-16,TOR,3,NSH,0,REG
2021020298,20212022,2021-11-24,NSH,2,VGK,5,REG
2021020312,20212022,2021-11-26,NSH,4,NJD,2,REG
2021020404,20212022,2021-12-09,NYI,3,NSH,4,REG
2021020413,20212022,2021-12-10,NJD,2,NSH,3,REG
2021020431,20212022,2021-12-12,NYR,0,NSH,1,REG
2021020546,20212022,2021-12-29,WSH,5,NSH,3,REG
2021020593,20212022,2022-01-04,VGK,2,NSH,3,REG
2021020685,20212022,2022-01-17,STL,5,NSH,3,REG
2021020696,20212022,2022-01-18,NSH,1,VAN,3,REG
2021020708,20212022,2022-01-20,NSH,5,WPG,2,REG
2021020751,20212022,2022-01-25,SEA,2,NSH,4,REG
2021020803,20212022,2022-02-01,NSH,4,VAN,2,REG
2021020499,20212022,2022-02-12,NSH,2,WPG,5,REG
2021021095,20212022,2022-02-15,NSH,1,WSH,4,REG
2021020834,20212022,2022-02-26,NSH,2,TBL,3,REG
2021020863,20212022,2022-03-02,SEA,4,NSH,3,REG
2021020889,20212022,2022-03-05,SJS,0,NSH,8,REG
2021020937,20212022,2022-03-12,NSH,4,STL,7,REG
2021020958,20212022,2022-03-15,NSH,4,PIT,1,REG
2021020970,20212022,2022-03-17,PHI,5,NSH,4,REG
2021020987,20212022,2022-03-19,NSH,6,TOR,3,REG
2021021026,20212022,2022-03-24,VGK,6,NSH,1,REG
2021021051,20212022,2022-03-27,NSH,5,PHI,4,REG
2021021064,20212022,2022-03-29,NSH,4,OTT,1,REG
2021020250,20212022,2022-04-07,OTT,2,NSH,3,REG
2021021157,20212022,2022-04-10,PIT,3,NSH,2,OT
2021021188,20212022,2022-04-12,NSH,1,SJS,0,OT
2021021213,20212022,2022-04-17,NSH,3,STL,8,REG
2021021252,20212022,2022-04-23,TBL,6,NSH,2,REG
2021020043,20212022,2021-10-19,NJD,4,SEA,2,REG
2021020056,20212022,2021-10-21,NJD,1,WSH,4,REG
2021020119,20212022,2021-10-30,PIT,2,NJD,4,REG
2021020173,20212022,2021-11-06,SJS,2,NJD,3,SO
2021020199,20212022,2021-11-11,NJD,4,NYI,0,REG
2021020226,20212022,2021-11-14,NYR,4,NJD,3,SO
2021020264,20212022,2021-11-20,TBL,3,NJD,5,REG
2021020327,20212022,2021-11-28,NJD,5,PHI,2,REG
2021020339,20212022,2021-11-30,NJD,2,SJS,5,REG
2021020363,20212022,2021-12-03,WPG,8,NJD,4,REG
2021020234,20212022,2021-12-06,NJD,2,OTT,3,SO
2021020398,20212022,2021-12-08,NJD,3,PHI,0,REG
2021020422,20212022,2021-12-11,NYI,4,NJD,2,REG
2021020441,20212022,2021-12-14,PHI,6,NJD,1,REG
2021020457,20212022,2021-12-16,NJD,3,VGK,5,REG
2021020482,20212022,2021-12-19,NJD,2,PIT,3,REG
2021020578,20212022,2022-01-02,WSH,3,NJD,4,OT
2021020653,20212022,2022-01-13,NYI,3,NJD,2,REG
2021020759,20212022,2022-01-27,TBL,3,NJD,2,REG
2021020683,20212022,2022-01-31,TOR,6,NJD,4,REG
2021020798,20212022,2022-02-01,NJD,1,TOR,7,REG
2021021128,20212022,2022-02-07,OTT,4,NJD,1,REG
2021020529,20212022,2022-02-10,STL,4,NJD,7,REG
2021020817,20212022,2022-02-13,NJD,2,PIT,4,REG
2021020631,20212022,2022-02-15,NJD,3,TBL,6,REG
2021020497,20212022,2022-02-24,PIT,1,NJD,6,REG
2021020847,20212022,2022-02-28,NJD,7,VAN,2,REG
2021020875,20212022,2022-03-04,NYR,3,NJD,1,REG
2021020891,20212022,2022-03-06,NJD,3,STL,2,OT
2021020921,20212022,2022-03-10,NJD,1,WPG,2,REG
2021020961,20212022,2022-03-15,VAN,6,NJD,3,REG
2021021005,20212022,2022-03-22,NJD,7,NYR,4,REG
2021021015,20212022,2022-03-23,TOR,3,NJD,2,REG
2021021038,20212022,2022-03-26,WSH,4,NJD,3,REG
2021021102,20212022,2022-04-03,NJD,3,NYI,4,REG
2021021117,20212022,2022-04-05,NJD,1,NYR,3,REG
2021021209,20212022,2022-04-16,SEA,4,NJD,3,SO
2021021219,20212022,2022-04-18,VGK,2,NJD,3,REG
2021021274,20212022,2022-04-26,OTT,5,NJD,4,OT
2021020082,20212022,2021-10-24,VGK,0,NYI,2,REG
2021020170,20212022,2021-11-06,WPG,0,NYI,2,REG
2021020230,20212022,2021-11-15,TBL,4,NYI,1,REG
2021020276,20212022,2021-11-21,NYI,0,TOR,3,REG
2021020294,20212022,2021-11-24,NYI,1,NYR,4,REG
2021020307,20212022,2021-11-26,NYI,0,PIT,1,REG
2021020355,20212022,2021-12-02,NYI,1,SJS,2,OT
2021020391,20212022,2021-12-07,OTT,3,NYI,5,REG
2021020483,20212022,2021-12-19,NYI,3,VGK,4,SO
2021020670,20212022,2022-01-15,NYI,0,WSH,2,REG
2021020684,20212022,2022-01-17,NYI,4,PHI,1,REG
2021020340,20212022,2022-01-18,PHI,3,NYI,4,SO
2021021211,20212022,2022-01-22,NYI,1,TOR,3,REG
2021020746,20212022,2022-01-25,NYI,4,PHI,3,REG
2021020799,20212022,2022-02-01,NYI,4,OTT,1,REG
2021020777,20212022,2022-02-02,NYI,0,SEA,3,REG
2021020598,20212022,2022-02-09,VAN,3,NYI,6,REG
2021020595,20212022,2022-02-22,SEA,2,NYI,5,REG
2021020821,20212022,2022-02-24,SJS,4,NYI,3,SO
2021020866,20212022,2022-03-03,NYI,3,VAN,4,REG
2021020882,20212022,2022-03-05,NYI,2,STL,1,REG
2021020928,20212022,2022-03-11,NYI,5,WPG,2,REG
2021020956,20212022,2022-03-15,WSH,4,NYI,3,SO
2021020328,20212022,2022-03-17,NYR,1,NYI,2,REG
2021020994,20212022,2022-03-20,PHI,2,NYI,1,REG
2021021021,20212022,2022-03-22,NYI,3,OTT,0,REG
2021021048,20212022,2022-03-27,NYI,1,TBL,4,REG
2021021086,20212022,2022-04-01,NYR,0,NYI,3,REG
2021021147,20212022,2022-04-09,STL,6,NYI,1,REG
2021020922,20212022,2022-04-12,NYI,5,PIT,4,SO
2021021185,20212022,2022-04-14,PIT,6,NYI,3,REG
2021020723,20212022,2022-04-17,TOR,4,NYI,2,REG
2021021237,20212022,2022-04-21,NYI,3,NYR,6,REG
2021021279,20212022,2022-04-26,WSH,1,NYI,4,REG
2021020513,20212022,2022-04-28,NYI,5,WSH,1,REG
2021021292,20212022,2022-04-29,NYI,4,TBL,6,REG
2021020004,20212022,2021-10-13,WSH,5,NYR,1,REG
2021020035,20212022,2021-10-18,TOR,1,NYR,2,OT
2021020067,20212022,2021-10-23,OTT,2,NYR,3,REG
2021020131,20212022,2021-10-31,SEA,1,NYR,3,REG
2021020141,20212022,2021-11-02,VAN,3,NYR,2,OT
2021020248,20212022,2021-11-18,TOR,2,NYR,1,REG
2021020349,20212022,2021-12-01,NYR,4,PHI,1,REG
2021020362,20212022,2021-12-03,NYR,1,SJS,0,REG
2021020465,20212022,2021-12-17,NYR,2,VGK,3,SO
2021020561,20212022,2021-12-31,TBL,3,NYR,4,SO
2021020576,20212022,2022-01-02,NYR,4,TBL,0,REG
2021020608,20212022,2022-01-06,VGK,5,NYR,1,REG
2021020660,20212022,2022-01-13,SJS,0,NYR,3,REG
2021020671,20212022,2022-01-15,PHI,2,NYR,3,REG
2021020702,20212022,2022-01-19,NYR,6,TOR,3,REG
2021020785,20212022,2022-01-30,NYR,3,SEA,2,REG
2021020263,20212022,2022-02-20,OTT,1,NYR,2,REG
2021020818,20212022,2022-02-24,NYR,4,WSH,1,REG
2021020833,20212022,2022-02-26,PIT,1,NYR,0,REG
2021020839,20212022,2022-02-27,NYR,2,VAN,5,REG
2021020861,20212022,2022-03-02,NYR,5,STL,3,REG
2021020895,20212022,2022-03-06,WPG,1,NYR,4,REG
2021020924,20212022,2022-03-10,STL,6,NYR,2,REG
2021020984,20212022,2022-03-19,TBL,1,NYR,2,REG
2021021029,20212022,2022-03-25,NYR,5,PIT,1,REG
2021021062,20212022,2022-03-29,PIT,2,NYR,3,REG
2021021103,20212022,2022-04-03,NYR,3,PHI,4,SO
2021021129,20212022,2022-04-07,NYR,3,PIT,0,REG
2021021144,20212022,2022-04-09,NYR,5,OTT,1,REG
2021021177,20212022,2022-04-13,PHI,0,NYR,4,REG
2021021224,20212022,2022-04-19,NYR,3,WPG,0,REG
2021021302,20212022,2022-04-29,NYR,3,WSH,2,REG
2021020008,20212022,2021-10-14,OTT,3,TOR,2,REG
2021020022,20212022,2021-10-16,TOR,3,OTT,1,REG
2021020053,20212022,2021-10-21,OTT,1,SJS,2,REG
2021020084,20212022,2021-10-25,OTT,5,WSH,7,REG
2021020151,20212022,2021-11-04,OTT,1,VGK,5,REG
2021020165,20212022,2021-11-06,OTT,3,TBL,5,REG
2021020212,20212022,2021-11-13,OTT,6,PIT,3,REG
2021020302,20212022,2021-11-24,SJS,6,OTT,3,REG
2021020347,20212022,2021-12-01,OTT,2,VAN,6,REG
2021020421,20212022,2021-12-11,OTT,4,TBL,0,REG
2021020455,20212022,2021-12-16,TBL,2,OTT,1,REG
2021020473,20212022,2021-12-18,PHI,4,OTT,3,OT
2021020567,20212022,2022-01-01,TOR,6,OTT,0,REG
2021020707,20212022,2022-01-20,PIT,6,OTT,4,REG
2021020726,20212022,2022-01-22,WSH,3,OTT,2,OT
2021020559,20212022,2022-02-10,OTT,0,PIT,2,REG
2021020526,20212022,2022-02-13,WSH,1,OTT,4,REG
2021020495,20212022,2022-02-15,OTT,2,STL,5,REG
2021020852,20212022,2022-03-01,TBL,5,OTT,2,REG
2021020896,20212022,2022-03-06,VGK,2,OTT,1,REG
2021020908,20212022,2022-03-08,STL,1,OTT,4,REG
2021020918,20212022,2022-03-10,OTT,4,SEA,3,OT
2021020977,20212022,2022-03-18,OTT,3,PHI,1,REG
2021020675,20212022,2022-03-24,WPG,2,OTT,5,REG
2021021155,20212022,2022-04-10,OTT,3,WPG,4,REG
2021021199,20212022,2022-04-16,OTT,4,TOR,5,OT
2021020611,20212022,2022-04-18,SEA,4,OTT,2,REG
2021020625,20212022,2022-04-19,VAN,3,OTT,4,SO
2021021303,20212022,2022-04-29,PHI,2,OTT,4,REG
2021020018,20212022,2021-10-15,PHI,4,VAN,5,SO
2021020036,20212022,2021-10-18,PHI,6,SEA,1,REG
2021020106,20212022,2021-10-28,VAN,1,PHI,2,REG
2021020153,20212022,2021-11-04,PIT,3,PHI,2,OT
2021020168,20212022,2021-11-06,WSH,1,PHI,2,REG
2021020192,20212022,2021-11-10,PHI,0,TOR,3,REG
2021020252,20212022,2021-11-18,PHI,3,TBL,4,SO
2021020287,20212022,2021-11-23,TBL,4,PHI,0,REG
2021020378,20212022,2021-12-05,PHI,1,TBL,7,REG
2021020418,20212022,2021-12-10,VGK,3,PHI,4,REG
2021020551,20212022,2021-12-29,SEA,2,PHI,3,OT
2021020557,20212022,2021-12-30,SJS,3,PHI,2,OT
2021020604,20212022,2022-01-06,PHI,2,PIT,6,REG
2021020616,20212022,2022-01-08,PHI,2,SJS,3,OT
2021020801,20212022,2022-02-01,PHI,3,WPG,1,REG
2021020514,20212022,2022-02-15,PIT,5,PHI,4,OT
2021020496,20212022,2022-02-17,PHI,3,WSH,5,REG
2021020848,20212022,2022-02-22,PHI,1,STL,4,REG
2021020832,20212022,2022-02-26,PHI,2,WSH,1,REG
2021020905,20212022,2022-03-08,PHI,2,VGK,1,REG
2021021023,20212022,2022-03-24,STL,2,PHI,5,REG
2021021093,20212022,2022-04-02,PHI,3,TOR,6,REG
2021021170,20212022,2022-04-12,WSH,9,PHI,2,REG
2021021220,20212022,2022-04-19,TOR,5,PHI,2,REG
2021021264,20212022,2022-04-24,PHI,4,PIT,1,REG
2021021288,20212022,2022-04-27,WPG,4,PHI,0,REG
2021020001,20212022,2021-10-12,TBL,2,PIT,6,REG
2021020071,20212022,2021-10-23,PIT,7,TOR,1,REG
2021020091,20212022,2021-10-26,PIT,1,TBL,5,REG
2021020227,20212022,2021-11-14,WSH,6,PIT,1,REG
2021020261,20212022,2021-11-20,TOR,0,PIT,2,REG
2021020284,20212022,2021-11-22,WPG,1,PIT,3,REG
2021020295,20212022,2021-11-24,PIT,4,VAN,1,REG
2021020376,20212022,2021-12-04,VAN,1,PIT,4,REG
2021020387,20212022,2021-12-06,SEA,1,PIT,6,REG
2021020414,20212022,2021-12-10,WSH,2,PIT,4,REG
2021020577,20212022,2022-01-02,PIT,8,SJS,5,REG
2021020597,20212022,2022-01-05,PIT,5,STL,3,REG
2021020678,20212022,2022-01-15,SJS,1,PIT,2,OT
2021020688,20212022,2022-01-17,VGK,3,PIT,5,REG
2021020733,20212022,2022-01-23,PIT,3,WPG,2,SO
2021020762,20212022,2022-01-27,PIT,1,SEA,2,OT
2021020802,20212022,2022-02-01,PIT,3,WSH,4,OT
2021020542,20212022,2022-02-17,TOR,4,PIT,1,REG
2021020864,20212022,2022-03-03,TBL,1,PIT,5,REG
2021020929,20212022,2022-03-11,PIT,5,VGK,2,REG
2021020972,20212022,2022-03-17,STL,2,PIT,3,SO
2021021146,20212022,2022-04-09,PIT,3,WSH,6,REG
2021020033,20212022,2021-10-16,SJS,4,WPG,3,REG
2021020063,20212022,2021-10-22,TOR,3,SJS,5,REG
2021020126,20212022,2021-10-30,SJS,2,WPG,1,OT
2021020155,20212022,2021-11-04,SJS,3,STL,5,REG
2021020202,20212022,2021-11-11,WPG,4,SJS,1,REG
2021020253,20212022,2021-11-18,STL,4,SJS,1,REG
2021020273,20212022,2021-11-20,SJS,0,WSH,4,REG
2021020316,20212022,2021-11-26,SJS,1,TOR,4,REG
2021020450,20212022,2021-12-14,SJS,1,SEA,3,REG
2021020464,20212022,2021-12-16,SJS,2,VAN,5,REG
2021020712,20212022,2022-01-20,SEA,3,SJS,2,REG
2021020731,20212022,2022-01-22,SJS,1,TBL,7,REG
2021020754,20212022,2022-01-26,WSH,1,SJS,4,REG
2021020797,20212022,2022-02-01,TBL,3,SJS,2,OT
2021020502,20212022,2022-02-17,SJS,4,VAN,5,OT
2021021161,20212022,2022-02-20,SJS,1,VGK,4,REG
2021020846,20212022,2022-02-27,SJS,3,SEA,1,REG
2021020858,20212022,2022-03-01,VGK,3,SJS,1,REG
2021021152,20212022,2022-04-09,VAN,4,SJS,2,REG
2021021243,20212022,2022-04-21,SJS,1,STL,3,REG
2021021269,20212022,2022-04-24,VGK,4,SJS,5,SO
2021021312,20212022,2022-04-29,SEA,3,SJS,0,REG
2021020002,20212022,2021-10-12,VGK,4,SEA,3,REG
2021020078,20212022,2021-10-23,SEA,2,VAN,4,REG
2021020191,20212022,2021-11-09,VGK,4,SEA,2,REG
2021020280,20212022,2021-11-21,SEA,5,WSH,2,REG
2021020306,20212022,2021-11-26,TBL,3,SEA,0,REG
2021020411,20212022,2021-12-09,SEA,0,WPG,3,REG
2021020574,20212022,2022-01-01,SEA,2,VAN,5,REG
2021020656,20212022,2022-01-13,STL,2,SEA,1,REG
2021020720,20212022,2022-01-21,SEA,0,STL,5,REG
2021020488,20212022,2022-02-14,SEA,2,TOR,6,REG
2021020621,20212022,2022-02-17,WPG,5,SEA,3,REG
2021020534,20212022,2022-02-21,VAN,5,SEA,2,REG
2021020884,20212022,2022-03-05,WSH,5,SEA,2,REG
2021020902,20212022,2022-03-08,TOR,6,SEA,4,REG
2021020967,20212022,2022-03-16,SEA,1,TBL,4,REG
2021021073,20212022,2022-03-30,SEA,0,VGK,3,REG
2021021089,20212022,2022-04-01,SEA,2,VGK,5,REG
2021021124,20212022,2022-04-06,STL,4,SEA,1,REG
2021021284,20212022,2022-04-26,VAN,5,SEA,2,REG
2021021179,20212022,2022-05-01,WPG,4,SEA,3,REG
2021020051,20212022,2021-10-20,VGK,1,STL,3,REG
2021020188,20212022,2021-11-09,WPG,2,STL,3,SO
2021020282,20212022,2021-11-22,STL,5,VGK,2,REG
2021020341,20212022,2021-11-30,STL,4,TBL,3,SO
2021020353,20212022,2021-12-02,TBL,4,STL,2,REG
2021020486,20212022,2021-12-19,WPG,4,STL,2,REG
2021020613,20212022,2022-01-07,STL,5,WSH,1,REG
2021020674,20212022,2022-01-15,STL,5,TOR,6,REG
2021020735,20212022,2022-01-23,VAN,1,STL,3,REG
2021020780,20212022,2022-01-29,STL,1,WPG,4,REG
2021020509,20212022,2022-02-19,TOR,3,STL,6,REG
2021020947,20212022,2022-03-13,STL,3,WPG,4,OT
2021021008,20212022,2022-03-22,WSH,2,STL,5,REG
2021021056,20212022,2022-03-28,STL,4,VAN,1,REG
2021021071,20212022,2022-03-30,VAN,3,STL,4,REG
2021021306,20212022,2022-04-29,STL,4,VGK,7,REG
2021020027,20212022,2021-10-16,WSH,1,TBL,2,OT
2021020132,20212022,2021-11-01,TBL,3,WSH,2,REG
2021020149,20212022,2021-11-04,TOR,2,TBL,1,OT
2021020402,20212022,2021-12-09,TOR,3,TBL,5,REG
2021020501,20212022,2021-12-21,VGK,3,TBL,4,REG
2021020652,20212022,2022-01-13,TBL,4,VAN,2,REG
2021020775,20212022,2022-01-29,TBL,2,VGK,3,SO
2021020911,20212022,2022-03-08,WPG,7,TBL,4,REG
2021020950,20212022,2022-03-13,VAN,1,TBL,2,REG
2021021109,20212022,2022-04-04,TBL,2,TOR,6,REG
2021021123,20212022,2022-04-06,WSH,4,TBL,3,REG
2021021200,20212022,2022-04-16,TBL,7,WPG,4,REG
2021021234,20212022,2022-04-21,TBL,8,TOR,1,REG
2021020135,20212022,2021-11-02,TOR,4,VGK,0,REG
2021020380,20212022,2021-12-05,WPG,6,TOR,3,REG
2021020643,20212022,2022-01-11,VGK,3,TOR,4,SO
2021020479,20212022,2022-02-12,VAN,3,TOR,2,REG
2021020849,20212022,2022-02-28,WSH,3,TOR,5,REG
2021020880,20212022,2022-03-05,TOR,4,VAN,6,REG
2021021075,20212022,2022-03-31,TOR,7,WPG,3,REG
2021021183,20212022,2022-04-14,TOR,7,WSH,3,REG
2021021265,20212022,2022-04-24,WSH,3,TOR,4,SO
2021020222,20212022,2021-11-13,VGK,7,VAN,4,REG
2021020259,20212022,2021-11-19,VAN,3,WPG,2,REG
2021020417,20212022,2021-12-10,VAN,4,WPG,3,SO
2021020680,20212022,2022-01-16,WSH,2,VAN,4,REG
2021020765,20212022,2022-01-27,WPG,1,VAN,5,REG
2021020931,20212022,2022-03-11,VAN,3,WSH,4,OT
2021021106,20212022,2022-04-03,VAN,2,VGK,3,OT
2021021126,20212022,2022-04-06,VGK,1,VAN,5,REG
2021021175,20212022,2022-04-12,VAN,5,VGK,4,OT
2021020582,20212022,2022-01-02,VGK,4,WPG,5,OT
2021020740,20212022,2022-01-24,WSH,0,VGK,1,REG
2021020959,20212022,2022-03-15,WPG,7,VGK,3,REG
2021021011,20212022,2022-03-22,WPG,4,VGK,0,REG
2021021231,20212022,2022-04-20,VGK,4,WSH,3,OT
2021020469,20212022,2021-12-17,WPG,2,WSH,5,REG
2021020695,20212022,2022-01-18,WSH,4,WPG,3,OT
2022020009,20222023,2022-10-12,ANA,5,SEA,4,OT
2022020032,20222023,2022-10-15,NYI,7,ANA,1,REG
2022020039,20222023,2022-10-17,NYR,6,ANA,4,REG
2022020048,20222023,2022-10-18,NJD,4,ANA,2,REG
2022020059,20222023,2022-10-20,BOS,2,ANA,1,SO
2022020088,20222023,2022-10-23,DET,5,ANA,1,REG
2022020110,20222023,2022-10-26,ANA,2,TBL,4,REG
2022020121,20222023,2022-10-28,VGK,4,ANA,0,REG
2022020142,20222023,2022-10-30,ANA,4,TOR,3,OT
2022020158,20222023,2022-11-01,SJS,5,ANA,6,SO
2022020171,20222023,2022-11-03,VAN,8,ANA,5,REG
2022020188,20222023,2022-11-05,SJS,4,ANA,5,SO
2022020192,20222023,2022-11-06,ANA,3,FLA,5,REG
2022020210,20222023,2022-11-09,ANA,1,MIN,4,REG
2022020234,20222023,2022-11-12,ANA,2,CHI,3,REG
2022020255,20222023,2022-11-15,ANA,3,DET,2,OT
2022020266,20222023,2022-11-17,WPG,3,ANA,2,REG
2022020282,20222023,2022-11-19,STL,6,ANA,2,REG
2022020296,20222023,2022-11-21,STL,3,ANA,1,REG
2022020314,20222023,2022-11-23,ANA,3,NYR,2,REG
2022020323,20222023,2022-11-25,ANA,1,OTT,5,REG
2022020343,20222023,2022-11-27,ANA,4,SEA,5,REG
2022020356,20222023,2022-11-29,NSH,2,ANA,1,OT
2022020371,20222023,2022-12-01,DAL,5,ANA,0,REG
2022020379,20222023,2022-12-03,MIN,5,ANA,4,SO
2022020392,20222023,2022-12-04,WPG,5,ANA,2,REG
2022020410,20222023,2022-12-06,ANA,4,CAR,3,OT
2022020433,20222023,2022-12-09,ANA,1,SJS,6,REG
2022020451,20222023,2022-12-12,OTT,3,ANA,0,REG
2022020454,20222023,2022-12-13,TOR,7,ANA,0,REG
2022020469,20222023,2022-12-15,MTL,2,ANA,5,REG
2022020486,20222023,2022-12-17,EDM,3,ANA,4,REG
2022020516,20222023,2022-12-20,LAK,4,ANA,1,REG
2022020524,20222023,2022-12-21,ANA,1,MIN,4,REG
2022020544,20222023,2022-12-23,ANA,2,CGY,3,OT
2022020562,20222023,2022-12-28,ANA,3,VGK,2,SO
2022020574,20222023,2022-12-30,ANA,1,NSH,6,REG
2022020597,20222023,2023-01-02,ANA,1,PHI,4,REG
2022020611,20222023,2023-01-04,ANA,2,DAL,0,REG
2022020627,20222023,2023-01-06,ANA,5,SJS,4,OT
2022020644,20222023,2023-01-08,ANA,1,BOS,7,REG
2022020660,20222023,2023-01-11,ANA,2,EDM,6,REG
2022020675,20222023,2023-01-13,ANA,2,NJD,6,REG
2022020700,20222023,2023-01-16,PIT,4,ANA,3,OT
2022020705,20222023,2023-01-17,PHI,5,ANA,2,REG
2022020717,20222023,2023-01-19,CBJ,3,ANA,5,REG
2022020732,20222023,2023-01-21,BUF,6,ANA,3,REG
2022020763,20222023,2023-01-24,ARI,2,ANA,5,REG
2022020776,20222023,2023-01-26,COL,3,ANA,5,REG
2022020796,20222023,2023-01-28,ANA,2,ARI,1,OT
2022020811,20222023,2023-02-06,DAL,3,ANA,2,SO
2022020818,20222023,2023-02-07,CHI,2,ANA,3,OT
2022020831,20222023,2023-02-10,ANA,3,PIT,6,REG
2022020849,20222023,2023-02-12,VGK,7,ANA,2,REG
2022020868,20222023,2023-02-15,ANA,3,BUF,7,REG
2022020882,20222023,2023-02-17,ANA,3,LAK,6,REG
2022020902,20222023,2023-02-20,FLA,4,ANA,3,OT
2022020908,20222023,2023-02-21,TBL,6,ANA,1,REG
2022020920,20222023,2023-02-23,WSH,2,ANA,4,REG
2022020938,20222023,2023-02-25,CAR,2,ANA,3,REG
2022020957,20222023,2023-02-27,ANA,4,CHI,2,REG
2022020973,20222023,2023-03-01,ANA,2,WSH,3,OT
2022020987,20222023,2023-03-03,ANA,3,MTL,2,REG
2022021021,20222023,2023-03-07,SEA,5,ANA,2,REG
2022021024,20222023,2023-03-08,VAN,3,ANA,2,OT
2022021037,20222023,2023-03-10,CGY,1,ANA,3,REG
2022021060,20222023,2023-03-12,ANA,4,NSH,5,OT
2022021079,20222023,2023-03-15,ANA,3,NYI,6,REG
2022021094,20222023,2023-03-17,ANA,7,CBJ,4,REG
2022021114,20222023,2023-03-19,ANA,1,VAN,2,REG
2022021131,20222023,2023-03-21,ANA,1,CGY,5,REG
2022021146,20222023,2023-03-23,ANA,2,WPG,3,REG
2022021164,20222023,2023-03-25,ANA,3,STL,6,REG
2022021174,20222023,2023-03-27,ANA,1,COL,5,REG
2022021198,20222023,2023-03-30,SEA,4,ANA,1,REG
2022021213,20222023,2023-04-01,EDM,6,ANA,0,REG
2022021224,20222023,2023-04-02,CGY,5,ANA,4,REG
2022021242,20222023,2023-04-05,ANA,1,EDM,3,REG
2022021260,20222023,2023-04-08,ARI,5,ANA,4,OT
2022021274,20222023,2023-04-09,ANA,4,COL,5,OT
2022021294,20222023,2023-04-11,ANA,2,VAN,3,REG
2022021310,20222023,2023-04-13,ANA,3,LAK,5,REG
2022020011,20222023,2022-10-13,PIT,6,ARI,2,REG
2022020027,20222023,2022-10-15,BOS,6,ARI,3,REG
2022020040,20222023,2022-10-17,TOR,2,ARI,4,REG
2022020060,20222023,2022-10-20,MTL,6,ARI,2,REG
2022020076,20222023,2022-10-22,OTT,6,ARI,2,REG
2022020098,20222023,2022-10-25,CBJ,3,ARI,6,REG
2022020126,20222023,2022-10-28,ARI,2,WPG,3,OT
2022020141,20222023,2022-10-30,ARI,2,NYR,3,REG
2022020156,20222023,2022-11-01,ARI,3,FLA,1,REG
2022020172,20222023,2022-11-03,ARI,2,DAL,7,REG
2022020178,20222023,2022-11-05,WSH,2,ARI,3,REG
2022020196,20222023,2022-11-08,BUF,1,ARI,4,REG
2022020216,20222023,2022-11-10,NYI,0,ARI,2,REG
2022020227,20222023,2022-11-12,NJD,4,ARI,2,REG
2022020239,20222023,2022-11-13,NYR,4,ARI,1,REG
2022020270,20222023,2022-11-17,VGK,4,ARI,1,REG
2022020297,20222023,2022-11-21,NSH,4,ARI,3,SO
2022020303,20222023,2022-11-23,CAR,0,ARI,4,REG
2022020325,20222023,2022-11-25,DET,4,ARI,3,SO
2022020341,20222023,2022-11-27,MIN,4,ARI,3,REG
2022020375,20222023,2022-12-01,LAK,5,ARI,3,REG
2022020388,20222023,2022-12-03,VAN,3,ARI,2,OT
2022020401,20222023,2022-12-05,CGY,3,ARI,2,REG
2022020416,20222023,2022-12-07,EDM,8,ARI,2,REG
2022020431,20222023,2022-12-09,ARI,4,BOS,3,REG
2022020445,20222023,2022-12-11,ARI,5,PHI,4,OT
2022020465,20222023,2022-12-13,SJS,3,ARI,2,REG
2022020483,20222023,2022-12-16,ARI,5,NYI,4,REG
2022020492,20222023,2022-12-17,ARI,2,BUF,5,REG
2022020508,20222023,2022-12-19,ARI,2,MTL,3,OT
2022020523,20222023,2022-12-21,VGK,5,ARI,2,REG
2022020543,20222023,2022-12-23,ARI,2,LAK,1,SO
2022020554,20222023,2022-12-27,ARI,6,COL,3,REG
2022020572,20222023,2022-12-29,ARI,6,TOR,3,REG
2022020582,20222023,2022-12-31,TBL,5,ARI,3,REG
2022020598,20222023,2023-01-03,FLA,5,ARI,3,REG
2022020612,20222023,2023-01-05,PHI,6,ARI,2,REG
2022020625,20222023,2023-01-06,CHI,2,ARI,0,REG
2022020641,20222023,2023-01-08,ARI,1,PIT,4,REG
2022020657,20222023,2023-01-10,ARI,2,SJS,4,REG
2022020672,20222023,2023-01-12,ARI,3,OTT,5,REG
2022020685,20222023,2023-01-14,MIN,2,ARI,1,REG
2022020693,20222023,2023-01-15,WPG,2,ARI,1,REG
2022020710,20222023,2023-01-17,ARI,4,DET,3,SO
2022020726,20222023,2023-01-19,ARI,0,WSH,4,REG
2022020740,20222023,2023-01-21,DAL,4,ARI,0,REG
2022020750,20222023,2023-01-22,ARI,4,VGK,1,REG
2022020779,20222023,2023-01-26,ARI,5,STL,0,REG
2022020812,20222023,2023-02-06,ARI,3,MIN,2,REG
2022020830,20222023,2023-02-10,CHI,4,ARI,3,OT
2022020842,20222023,2023-02-11,STL,6,ARI,5,OT
2022020851,20222023,2023-02-13,NSH,2,ARI,4,REG
2022020865,20222023,2023-02-15,ARI,1,TBL,0,SO
2022020892,20222023,2023-02-18,LAK,6,ARI,5,SO
2022020901,20222023,2023-02-19,ARI,3,CBJ,2,OT
2022020919,20222023,2023-02-22,ARI,3,CGY,6,REG
2022020952,20222023,2023-02-26,ARI,2,NSH,6,REG
2022020966,20222023,2023-02-28,ARI,4,CHI,1,REG
2022020970,20222023,2023-03-01,DAL,4,ARI,2,REG
2022020986,20222023,2023-03-03,ARI,1,CAR,6,REG
2022021004,20222023,2023-03-05,ARI,4,NJD,5,OT
2022021020,20222023,2023-03-07,ARI,6,STL,2,REG
2022021034,20222023,2023-03-09,ARI,4,NSH,1,REG
2022021041,20222023,2023-03-11,COL,3,ARI,2,OT
2022021058,20222023,2023-03-12,ARI,5,MIN,4,OT
2022021072,20222023,2023-03-14,ARI,4,CGY,3,OT
2022021088,20222023,2023-03-16,ARI,3,VAN,2,REG
2022021106,20222023,2023-03-18,ARI,4,CHI,2,REG
2022021128,20222023,2023-03-21,WPG,2,ARI,1,REG
2022021134,20222023,2023-03-22,EDM,4,ARI,3,OT
2022021149,20222023,2023-03-24,COL,3,ARI,1,REG
2022021165,20222023,2023-03-26,ARI,3,COL,4,SO
2022021175,20222023,2023-03-27,ARI,4,EDM,5,REG
2022021203,20222023,2023-03-31,ARI,2,DAL,5,REG
2022021216,20222023,2023-04-01,ARI,2,SJS,7,REG
2022021228,20222023,2023-04-03,SEA,8,ARI,1,REG
2022021253,20222023,2023-04-06,SEA,4,ARI,2,REG
2022021283,20222023,2023-04-10,ARI,1,SEA,4,REG
2022021311,20222023,2023-04-13,ARI,4,VAN,5,OT
2022020005,20222023,2022-10-12,WSH,2,BOS,5,REG
2022020041,20222023,2022-10-17,BOS,5,FLA,3,REG
2022020049,20222023,2022-10-18,OTT,7,BOS,5,REG
2022020074,20222023,2022-10-22,BOS,4,MIN,3,OT
2022020100,20222023,2022-10-25,BOS,3,DAL,1,REG
2022020111,20222023,2022-10-27,BOS,5,DET,1,REG
2022020122,20222023,2022-10-28,CBJ,0,BOS,4,REG
2022020147,20222023,2022-11-01,PIT,5,BOS,6,OT
2022020161,20222023,2022-11-03,NYR,2,BOS,5,REG
2022020179,20222023,2022-11-05,TOR,2,BOS,1,REG
2022020194,20222023,2022-11-07,BOS,3,STL,1,REG
2022020211,20222023,2022-11-10,BOS,3,CGY,1,REG
2022020228,20222023,2022-11-12,BUF,1,BOS,3,REG
2022020241,20222023,2022-11-13,BOS,5,VAN,2,REG
2022020265,20222023,2022-11-17,BOS,4,PHI,1,REG
2022020277,20222023,2022-11-19,BOS,6,CHI,1,REG
2022020291,20222023,2022-11-21,TBL,3,BOS,5,REG
2022020304,20222023,2022-11-23,FLA,5,BOS,2,REG
2022020318,20222023,2022-11-25,BOS,3,CAR,2,OT
2022020355,20222023,2022-11-29,BOS,3,TBL,1,REG
2022020380,20222023,2022-12-03,BOS,5,COL,1,REG
2022020399,20222023,2022-12-05,BOS,3,VGK,4,SO
2022020415,20222023,2022-12-07,COL,0,BOS,4,REG
2022020447,20222023,2022-12-11,VGK,1,BOS,3,REG
2022020458,20222023,2022-12-13,BOS,4,NYI,3,SO
2022020472,20222023,2022-12-15,BOS,2,LAK,3,SO
2022020484,20222023,2022-12-17,BOS,4,CBJ,2,REG
2022020504,20222023,2022-12-19,BOS,7,FLA,3,REG
2022020529,20222023,2022-12-22,BOS,3,WPG,2,REG
2022020533,20222023,2022-12-23,NJD,3,BOS,4,REG
2022020546,20222023,2022-12-27,OTT,3,BOS,2,SO
2022020558,20222023,2022-12-28,NJD,1,BOS,3,REG
2022020578,20222023,2022-12-31,BOS,3,BUF,4,OT
2022020595,20222023,2023-01-02,BOS,2,PIT,1,REG
2022020621,20222023,2023-01-05,LAK,2,BOS,5,REG
2022020636,20222023,2023-01-07,SJS,2,BOS,4,REG
2022020665,20222023,2023-01-12,BOS,0,SEA,3,REG
2022020683,20222023,2023-01-14,BOS,4,TOR,3,REG
2022020695,20222023,2023-01-16,BOS,6,PHI,0,REG
2022020713,20222023,2023-01-18,NYI,1,BOS,4,REG
2022020718,20222023,2023-01-19,NYR,1,BOS,3,REG
2022020748,20222023,2023-01-22,BOS,4,SJS,0,REG
2022020755,20222023,2023-01-24,MTL,2,BOS,4,REG
2022020771,20222023,2023-01-26,TBL,3,BOS,2,REG
2022020789,20222023,2023-01-28,FLA,4,BOS,3,OT
2022020799,20222023,2023-01-29,CAR,4,BOS,1,REG
2022020806,20222023,2023-02-01,TOR,2,BOS,5,REG
2022020838,20222023,2023-02-11,BOS,1,WSH,2,REG
2022020861,20222023,2023-02-14,DAL,2,BOS,3,OT
2022020873,20222023,2023-02-16,NSH,0,BOS,5,REG
2022020885,20222023,2023-02-18,BOS,6,NYI,2,REG
2022020903,20222023,2023-02-20,BOS,3,OTT,1,REG
2022020927,20222023,2023-02-23,SEA,5,BOS,6,REG
2022020939,20222023,2023-02-25,VAN,1,BOS,3,REG
2022020954,20222023,2023-02-27,EDM,2,BOS,3,REG
2022020965,20222023,2023-02-28,CGY,3,BOS,4,OT
2022020974,20222023,2023-03-02,BOS,7,BUF,1,REG
2022020991,20222023,2023-03-04,BOS,4,NYR,2,REG
2022021026,20222023,2023-03-09,BOS,2,EDM,3,REG
2022021038,20222023,2023-03-11,BOS,3,DET,2,REG
2022021053,20222023,2023-03-12,DET,5,BOS,3,REG
2022021070,20222023,2023-03-14,CHI,6,BOS,3,REG
2022021084,20222023,2023-03-16,WPG,0,BOS,3,REG
2022021096,20222023,2023-03-18,MIN,2,BOS,5,REG
2022021108,20222023,2023-03-19,BUF,0,BOS,7,REG
2022021125,20222023,2023-03-21,BOS,2,OTT,1,REG
2022021137,20222023,2023-03-23,BOS,4,MTL,2,REG
2022021151,20222023,2023-03-25,BOS,2,TBL,1,REG
2022021166,20222023,2023-03-26,CAR,3,BOS,4,SO
2022021178,20222023,2023-03-28,BOS,1,NSH,2,REG
2022021189,20222023,2023-03-30,BOS,2,CBJ,1,OT
2022021205,20222023,2023-04-01,PIT,3,BOS,4,REG
2022021218,20222023,2023-04-02,STL,3,BOS,4,SO
2022021246,20222023,2023-04-06,BOS,2,TOR,1,OT
2022021265,20222023,2023-04-08,BOS,2,NJD,1,REG
2022021273,20222023,2023-04-09,PHI,3,BOS,5,REG
2022021290,20222023,2023-04-11,BOS,5,WSH,2,REG
2022021298,20222023,2023-04-13,MTL,4,BOS,5,REG
2022020013,20222023,2022-10-13,BUF,4,OTT,1,REG
2022020025,20222023,2022-10-15,BUF,3,FLA,4,REG
2022020054,20222023,2022-10-18,EDM,2,BUF,4,REG
2022020068,20222023,2022-10-20,CGY,3,BUF,6,REG
2022020084,20222023,2022-10-22,VAN,1,BUF,5,REG
2022020105,20222023,2022-10-25,SEA,5,BUF,1,REG
2022020114,20222023,2022-10-27,BUF,2,MTL,3,REG
2022020131,20222023,2022-10-29,BUF,4,CHI,3,OT
2022020144,20222023,2022-10-31,BUF,8,DET,3,REG
2022020160,20222023,2022-11-02,BUF,6,PIT,3,REG
2022020174,20222023,2022-11-04,CAR,5,BUF,3,REG
2022020180,20222023,2022-11-05,TBL,5,BUF,3,REG
2022020215,20222023,2022-11-10,BUF,4,VGK,7,REG
2022020252,20222023,2022-11-15,BUF,4,VAN,5,REG
2022020257,20222023,2022-11-16,OTT,4,BUF,1,REG
2022020276,20222023,2022-11-19,TOR,5,BUF,2,REG
2022020301,20222023,2022-11-22,MTL,2,BUF,7,REG
2022020307,20222023,2022-11-23,BUF,6,STL,2,REG
2022020327,20222023,2022-11-25,BUF,1,NJD,3,REG
2022020347,20222023,2022-11-28,BUF,5,TBL,6,OT
2022020361,20222023,2022-11-30,DET,4,BUF,5,SO
2022020365,20222023,2022-12-01,BUF,4,COL,6,REG
2022020395,20222023,2022-12-04,BUF,6,SJS,3,REG
2022020412,20222023,2022-12-07,CBJ,4,BUF,9,REG
2022020426,20222023,2022-12-09,BUF,3,PIT,4,OT
2022020437,20222023,2022-12-10,PIT,3,BUF,1,REG
2022020457,20222023,2022-12-13,BUF,6,LAK,0,REG
2022020479,20222023,2022-12-15,COL,2,BUF,4,REG
2022020507,20222023,2022-12-19,VGK,2,BUF,3,REG
2022020563,20222023,2022-12-29,BUF,6,DET,3,REG
2022020592,20222023,2023-01-01,OTT,3,BUF,1,REG
2022020599,20222023,2023-01-03,WSH,4,BUF,5,OT
2022020631,20222023,2023-01-07,BUF,6,MIN,5,OT
2022020990,20222023,2023-01-09,BUF,0,PHI,4,REG
2022020651,20222023,2023-01-10,BUF,3,SEA,4,REG
2022020668,20222023,2023-01-12,BUF,2,WPG,4,REG
2022020686,20222023,2023-01-14,NSH,3,BUF,5,REG
2022020694,20222023,2023-01-16,BUF,1,FLA,4,REG
2022020709,20222023,2023-01-17,CHI,4,BUF,3,OT
2022020722,20222023,2023-01-19,BUF,3,NYI,2,OT
2022020753,20222023,2023-01-23,DAL,2,BUF,3,OT
2022020761,20222023,2023-01-24,STL,3,BUF,5,REG
2022020774,20222023,2023-01-26,WPG,2,BUF,3,REG
2022020795,20222023,2023-01-28,MIN,3,BUF,2,SO
2022020805,20222023,2023-02-01,BUF,1,CAR,5,REG
2022020833,20222023,2023-02-11,BUF,2,CGY,7,REG
2022020854,20222023,2023-02-13,LAK,5,BUF,2,REG
2022020893,20222023,2023-02-18,SJS,2,BUF,4,REG
2022020912,20222023,2023-02-21,BUF,3,TOR,6,REG
2022020921,20222023,2023-02-23,TBL,5,BUF,6,OT
2022020930,20222023,2023-02-24,FLA,1,BUF,3,REG
2022020947,20222023,2023-02-26,BUF,7,WSH,4,REG
2022020958,20222023,2023-02-28,BUF,3,CBJ,5,REG
2022020536,20222023,2023-03-04,BUF,5,TBL,3,REG
2022021006,20222023,2023-03-06,BUF,2,EDM,3,REG
2022021017,20222023,2023-03-07,NYI,3,BUF,2,REG
2022021025,20222023,2023-03-09,BUF,4,DAL,10,REG
2022021040,20222023,2023-03-11,BUF,1,NYR,2,OT
2022021061,20222023,2023-03-13,TOR,3,BUF,4,REG
2022021076,20222023,2023-03-15,WSH,5,BUF,4,SO
2022021091,20222023,2023-03-17,PHI,5,BUF,2,REG
2022021124,20222023,2023-03-21,BUF,3,NSH,7,REG
2022021148,20222023,2023-03-24,BUF,5,NJD,4,REG
2022021157,20222023,2023-03-25,NYI,0,BUF,2,REG
2022021171,20222023,2023-03-27,BUF,3,MTL,4,SO
2022021200,20222023,2023-03-31,BUF,3,NYR,2,OT
2022021206,20222023,2023-04-01,PHI,3,BUF,6,REG
2022021229,20222023,2023-04-04,FLA,2,BUF,1,REG
2022021248,20222023,2023-04-06,DET,6,BUF,7,SO
2022021257,20222023,2023-04-08,BUF,4,CAR,3,REG
2022021275,20222023,2023-04-10,NYR,2,BUF,3,SO
2022021285,20222023,2023-04-11,NJD,6,BUF,2,REG
2022021302,20222023,2023-04-13,BUF,4,OTT,3,OT
2022020547,20222023,2023-04-14,CBJ,2,BUF,5,REG
2022020018,20222023,2022-10-13,CGY,5,COL,3,REG
2022020036,20222023,2022-10-15,EDM,3,CGY,4,REG
2022020055,20222023,2022-10-18,CGY,3,VGK,2,REG
2022020085,20222023,2022-10-22,CGY,3,CAR,2,OT
2022020104,20222023,2022-10-25,CGY,4,PIT,1,REG
2022020137,20222023,2022-10-29,CGY,2,EDM,3,REG
2022020155,20222023,2022-11-01,CGY,4,SEA,5,REG
2022020169,20222023,2022-11-03,CGY,1,NSH,4,REG
2022020187,20222023,2022-11-05,CGY,3,NJD,4,OT
2022020193,20222023,2022-11-07,NYI,4,CGY,3,OT
2022020197,20222023,2022-11-08,NJD,3,CGY,2,REG
2022020236,20222023,2022-11-12,CGY,3,WPG,2,REG
2022020246,20222023,2022-11-14,CGY,6,LAK,5,REG
2022020260,20222023,2022-11-17,TBL,4,CGY,1,REG
2022020275,20222023,2022-11-19,FLA,4,CGY,5,SO
2022020292,20222023,2022-11-21,PHI,2,CGY,5,REG
2022020305,20222023,2022-11-23,PIT,2,CGY,1,SO
2022020319,20222023,2022-11-25,WSH,3,CGY,0,REG
2022020333,20222023,2022-11-26,CAR,3,CGY,2,REG
2022020358,20222023,2022-11-29,CGY,6,FLA,2,REG
2022020372,20222023,2022-12-01,CGY,1,MTL,2,REG
2022020390,20222023,2022-12-03,CGY,5,WSH,2,REG
2022020414,20222023,2022-12-07,CGY,5,MIN,3,REG
2022020424,20222023,2022-12-09,CBJ,3,CGY,1,REG
2022020438,20222023,2022-12-10,TOR,5,CGY,4,OT
2022020448,20222023,2022-12-12,MTL,2,CGY,1,SO
2022020468,20222023,2022-12-14,CGY,3,VAN,4,SO
2022020482,20222023,2022-12-16,CGY,2,STL,5,REG
2022020501,20222023,2022-12-18,SJS,2,CGY,5,REG
2022020517,20222023,2022-12-20,SJS,3,CGY,7,REG
2022020531,20222023,2022-12-22,LAK,4,CGY,3,OT
2022020555,20222023,2022-12-27,CGY,1,EDM,2,REG
2022020561,20222023,2022-12-28,SEA,2,CGY,3,REG
2022020587,20222023,2022-12-31,CGY,3,VAN,2,REG
2022020603,20222023,2023-01-03,WPG,3,CGY,2,REG
2022020626,20222023,2023-01-06,CGY,4,NYI,1,REG
2022020640,20222023,2023-01-08,CHI,4,CGY,3,OT
2022020655,20222023,2023-01-10,STL,4,CGY,3,OT
2022020670,20222023,2023-01-12,STL,1,CGY,4,REG
2022020677,20222023,2023-01-14,DAL,5,CGY,6,REG
2022020703,20222023,2023-01-16,NSH,2,CGY,1,REG
2022020714,20222023,2023-01-18,CGY,1,COL,4,REG
2022020733,20222023,2023-01-21,CGY,6,TBL,3,REG
2022020754,20222023,2023-01-23,CGY,4,CBJ,3,OT
2022020777,20222023,2023-01-26,CGY,1,CHI,5,REG
2022020786,20222023,2023-01-27,SEA,2,CGY,5,REG
2022020809,20222023,2023-02-06,NYR,5,CGY,4,OT
2022020825,20222023,2023-02-09,DET,2,CGY,1,REG
2022020850,20222023,2023-02-13,OTT,4,CGY,3,OT
2022020875,20222023,2023-02-16,CGY,2,DET,5,REG
2022020890,20222023,2023-02-18,CGY,3,NYR,2,OT
2022020904,20222023,2023-02-20,CGY,3,PHI,4,REG
2022020928,20222023,2023-02-23,VGK,4,CGY,3,OT
2022020944,20222023,2023-02-25,COL,4,CGY,1,REG
2022020980,20222023,2023-03-02,CGY,1,TOR,2,REG
2022020999,20222023,2023-03-04,CGY,0,MIN,3,REG
2022021008,20222023,2023-03-06,DAL,4,CGY,5,REG
2022021018,20222023,2023-03-07,MIN,0,CGY,1,SO
2022021059,20222023,2023-03-12,CGY,5,OTT,1,REG
2022021087,20222023,2023-03-16,VGK,2,CGY,7,REG
2022021104,20222023,2023-03-18,CGY,5,DAL,6,OT
2022021119,20222023,2023-03-20,LAK,8,CGY,2,REG
2022021144,20222023,2023-03-23,CGY,2,VGK,3,REG
2022021153,20222023,2023-03-25,CGY,5,SJS,3,REG
2022021183,20222023,2023-03-28,CGY,2,LAK,1,REG
2022021202,20222023,2023-03-31,VAN,4,CGY,5,OT
2022021236,20222023,2023-04-04,CGY,3,CHI,4,REG
2022021240,20222023,2023-04-05,WPG,1,CGY,3,REG
2022021270,20222023,2023-04-08,VAN,3,CGY,2,SO
2022021282,20222023,2023-04-10,CGY,2,NSH,3,SO
2022021297,20222023,2023-04-12,CGY,3,SJS,1,REG
2022020006,20222023,2022-10-12,CAR,4,CBJ,1,REG
2022020024,20222023,2022-10-14,SJS,1,CAR,2,REG
2022020047,20222023,2022-10-17,SEA,1,CAR,5,REG
2022020069,20222023,2022-10-20,EDM,6,CAR,4,REG
2022020097,20222023,2022-10-24,VAN,2,CAR,3,REG
2022020124,20222023,2022-10-28,CAR,2,NYI,6,REG
2022020130,20222023,2022-10-29,PHI,3,CAR,4,OT
2022020145,20222023,2022-10-31,CAR,3,WSH,2,SO
2022020162,20222023,2022-11-03,TBL,3,CAR,4,SO
2022020191,20222023,2022-11-06,CAR,1,TOR,3,REG
2022020207,20222023,2022-11-09,FLA,3,CAR,0,REG
2022020212,20222023,2022-11-10,CAR,7,EDM,2,REG
2022020233,20222023,2022-11-12,COL,4,CAR,1,REG
2022020245,20222023,2022-11-14,CHI,0,CAR,3,REG
2022020261,20222023,2022-11-17,CAR,2,COL,3,OT
2022020283,20222023,2022-11-19,MIN,2,CAR,1,OT
2022020294,20222023,2022-11-21,WPG,4,CAR,3,OT
2022020352,20222023,2022-11-29,PIT,2,CAR,3,OT
2022020369,20222023,2022-12-01,STL,4,CAR,6,REG
2022020391,20222023,2022-12-03,LAK,2,CAR,4,REG
2022020440,20222023,2022-12-10,NYI,0,CAR,3,REG
2022020460,20222023,2022-12-13,DET,0,CAR,1,REG
2022020475,20222023,2022-12-15,CAR,3,SEA,2,REG
2022020487,20222023,2022-12-17,CAR,5,DAL,4,OT
2022020498,20222023,2022-12-18,CAR,3,PIT,2,REG
2022020512,20222023,2022-12-20,CAR,4,NJD,1,REG
2022020526,20222023,2022-12-22,PIT,3,CAR,4,OT
2022020535,20222023,2022-12-23,CAR,6,PHI,5,REG
2022020548,20222023,2022-12-27,CAR,3,CHI,0,REG
2022020575,20222023,2022-12-30,CAR,4,FLA,0,REG
2022020590,20222023,2023-01-01,NJD,4,CAR,5,SO
2022020600,20222023,2023-01-03,NYR,5,CAR,3,REG
2022020614,20222023,2023-01-05,CAR,3,NSH,5,REG
2022020629,20222023,2023-01-07,CBJ,4,CAR,3,SO
2022020650,20222023,2023-01-10,CAR,3,NJD,5,REG
2022020662,20222023,2023-01-12,CBJ,2,CAR,6,REG
2022020682,20222023,2023-01-14,CAR,2,PIT,1,REG
2022020692,20222023,2023-01-15,CAR,3,VAN,4,SO
2022020721,20222023,2023-01-19,CAR,5,MIN,2,REG
2022020739,20222023,2023-01-21,NYI,2,CAR,5,REG
2022020768,20222023,2023-01-25,DAL,2,CAR,3,OT
2022020783,20222023,2023-01-27,CAR,5,SJS,4,OT
2022020802,20222023,2023-01-31,CAR,5,LAK,4,OT
2022020841,20222023,2023-02-11,CAR,2,NYR,6,REG
2022020855,20222023,2023-02-14,WSH,2,CAR,3,REG
2022020871,20222023,2023-02-16,CAR,6,MTL,2,REG
2022020889,20222023,2023-02-18,CAR,4,WSH,1,REG
2022020911,20222023,2023-02-21,CAR,4,STL,1,REG
2022020933,20222023,2023-02-24,CAR,4,OTT,0,REG
2022020972,20222023,2023-03-01,VGK,3,CAR,2,REG
2022021001,20222023,2023-03-05,CAR,6,TBL,0,REG
2022021012,20222023,2023-03-07,MTL,3,CAR,4,SO
2022021030,20222023,2023-03-09,CAR,1,PHI,0,REG
2022021046,20222023,2023-03-11,CAR,0,VGK,4,REG
2022021055,20222023,2023-03-12,NJD,3,CAR,0,REG
2022021068,20222023,2023-03-14,CAR,5,WPG,3,REG
2022021092,20222023,2023-03-17,TOR,5,CAR,2,REG
2022021099,20222023,2023-03-18,PHI,4,CAR,5,OT
2022021120,20222023,2023-03-21,NYR,2,CAR,3,REG
2022021138,20222023,2023-03-23,CAR,1,NYR,2,REG
2022021160,20222023,2023-03-25,CAR,5,TOR,3,REG
2022021179,20222023,2023-03-28,CAR,0,TBL,4,REG
2022021195,20222023,2023-03-30,DET,3,CAR,2,REG
2022021207,20222023,2023-04-01,MTL,0,CAR,3,REG
2022021219,20222023,2023-04-02,CAR,2,NYI,1,REG
2022021232,20222023,2023-04-04,CAR,3,OTT,2,OT
2022021250,20222023,2023-04-06,NSH,3,CAR,0,REG
2022021276,20222023,2023-04-10,OTT,3,CAR,2,REG
2022021288,20222023,2023-04-11,CAR,4,DET,1,REG
2022021299,20222023,2023-04-13,FLA,4,CAR,6,REG
2022020008,20222023,2022-10-12,COL,5,CHI,2,REG
2022020019,20222023,2022-10-13,VGK,1,CHI,0,REG
2022020038,20222023,2022-10-15,SJS,2,CHI,5,REG
2022020072,20222023,2022-10-21,CHI,4,DET,3,OT
2022020087,20222023,2022-10-23,CHI,5,SEA,4,REG
2022020103,20222023,2022-10-25,CHI,4,FLA,2,REG
2022020116,20222023,2022-10-27,CHI,5,EDM,6,REG
2022020140,20222023,2022-10-30,CHI,3,MIN,4,SO
2022020152,20222023,2022-11-01,CHI,1,NYI,3,REG
2022020168,20222023,2022-11-03,CHI,2,LAK,1,OT
2022020176,20222023,2022-11-05,WPG,4,CHI,0,REG
2022020220,20222023,2022-11-10,LAK,2,CHI,1,OT
2022020258,20222023,2022-11-16,CHI,2,STL,5,REG
2022020290,20222023,2022-11-20,CHI,3,PIT,5,REG
2022020313,20222023,2022-11-23,DAL,6,CHI,4,REG
2022020321,20222023,2022-11-25,CHI,2,MTL,3,SO
2022020342,20222023,2022-11-27,CHI,2,WPG,7,REG
2022020364,20222023,2022-11-30,CHI,4,EDM,5,REG
2022020387,20222023,2022-12-03,NYR,2,CHI,5,REG
2022020396,20222023,2022-12-04,NYI,3,CHI,0,REG
2022020403,20222023,2022-12-06,NJD,3,CHI,0,REG
2022020428,20222023,2022-12-09,CHI,1,WPG,3,REG
2022020463,20222023,2022-12-13,CHI,3,WSH,7,REG
2022020478,20222023,2022-12-15,CHI,1,VGK,4,REG
2022020481,20222023,2022-12-16,MIN,4,CHI,1,REG
2022020499,20222023,2022-12-18,CHI,1,NYR,7,REG
2022020521,20222023,2022-12-21,CHI,2,NSH,4,REG
2022020540,20222023,2022-12-23,CHI,5,CBJ,2,REG
2022020568,20222023,2022-12-29,STL,3,CHI,1,REG
2022020583,20222023,2022-12-31,CBJ,4,CHI,1,REG
2022020593,20222023,2023-01-01,CHI,2,SJS,5,REG
2022020605,20222023,2023-01-03,CHI,1,TBL,4,REG
2022020671,20222023,2023-01-12,CHI,3,COL,2,REG
2022020687,20222023,2023-01-14,CHI,5,SEA,8,REG
2022020719,20222023,2023-01-19,PHI,1,CHI,4,REG
2022020741,20222023,2023-01-21,STL,3,CHI,5,REG
2022020747,20222023,2023-01-22,CHI,1,LAK,2,REG
2022020765,20222023,2023-01-24,VAN,5,CHI,2,REG
2022020797,20222023,2023-01-28,EDM,7,CHI,3,REG
2022020844,20222023,2023-02-11,WPG,4,CHI,1,REG
2022020856,20222023,2023-02-14,MTL,4,CHI,0,REG
2022020864,20222023,2023-02-15,TOR,5,CHI,2,REG
2022020878,20222023,2023-02-17,OTT,3,CHI,4,OT
2022020899,20222023,2023-02-19,CHI,5,TOR,3,REG
2022020915,20222023,2023-02-21,CHI,3,VGK,2,SO
2022020918,20222023,2023-02-22,DAL,3,CHI,4,REG
2022020946,20222023,2023-02-25,SJS,3,CHI,4,SO
2022020979,20222023,2023-03-02,CHI,2,DAL,5,REG
2022020998,20222023,2023-03-04,CHI,1,NSH,3,REG
2022021009,20222023,2023-03-06,CHI,5,OTT,0,REG
2022021022,20222023,2023-03-08,DET,4,CHI,3,REG
2022021036,20222023,2023-03-10,FLA,4,CHI,3,OT
2022021042,20222023,2023-03-11,TBL,3,CHI,1,REG
2022021085,20222023,2023-03-16,NSH,1,CHI,2,REG
2022021117,20222023,2023-03-20,COL,5,CHI,0,REG
2022021135,20222023,2023-03-23,WSH,6,CHI,1,REG
2022021155,20222023,2023-03-25,MIN,3,CHI,1,REG
2022021168,20222023,2023-03-26,CHI,2,VAN,4,REG
2022021182,20222023,2023-03-28,CHI,1,DAL,4,REG
2022021196,20222023,2023-03-30,CHI,3,STL,5,REG
2022021211,20222023,2023-04-01,CHI,3,NJD,6,REG
2022021254,20222023,2023-04-06,VAN,3,CHI,0,REG
2022021271,20222023,2023-04-08,SEA,7,CHI,3,REG
2022021281,20222023,2023-04-10,CHI,2,MIN,4,REG
2022021286,20222023,2023-04-11,PIT,2,CHI,5,REG
2022021306,20222023,2023-04-13,CHI,4,PHI,5,OT
2022020045,20222023,2022-10-17,MIN,3,COL,6,REG
2022020057,20222023,2022-10-19,COL,3,WPG,4,OT
2022020073,20222023,2022-10-21,COL,2,SEA,3,REG
2022020086,20222023,2022-10-22,VGK,2,COL,3,REG
2022020099,20222023,2022-10-25,NYR,2,COL,3,SO
2022020123,20222023,2022-10-28,NJD,1,COL,0,REG
2022020135,20222023,2022-10-29,NYI,5,COL,4,REG
2022020175,20222023,2022-11-04,COL,6,CBJ,3,REG
2022020185,20222023,2022-11-05,CBJ,1,COL,5,REG
2022020219,20222023,2022-11-10,COL,5,NSH,3,REG
2022020247,20222023,2022-11-14,COL,2,STL,3,REG
2022020278,20222023,2022-11-19,WSH,0,COL,4,REG
2022020298,20222023,2022-11-21,DAL,2,COL,3,SO
2022020317,20222023,2022-11-23,COL,3,VAN,4,REG
2022020339,20222023,2022-11-26,COL,4,DAL,1,REG
2022020357,20222023,2022-11-29,WPG,5,COL,0,REG
2022020397,20222023,2022-12-05,PHI,5,COL,3,REG
2022020430,20222023,2022-12-09,COL,1,NYR,2,SO
2022020442,20222023,2022-12-11,STL,2,COL,3,OT
2022020464,20222023,2022-12-13,COL,3,PHI,2,REG
2022020493,20222023,2022-12-17,COL,3,NSH,1,REG
2022020506,20222023,2022-12-19,COL,1,NYI,0,SO
2022020520,20222023,2022-12-21,COL,2,MTL,1,OT
2022020539,20222023,2022-12-23,NSH,2,COL,3,OT
2022020571,20222023,2022-12-29,COL,4,LAK,5,SO
2022020585,20222023,2022-12-31,COL,2,TOR,6,REG
2022020596,20222023,2023-01-02,COL,2,VGK,3,REG
2022020619,20222023,2023-01-05,VAN,4,COL,2,REG
2022020634,20222023,2023-01-07,EDM,2,COL,3,OT
2022020656,20222023,2023-01-10,COL,4,FLA,5,REG
2022020680,20222023,2023-01-14,COL,7,OTT,0,REG
2022020696,20222023,2023-01-16,COL,6,DET,3,REG
2022020731,20222023,2023-01-20,VAN,1,COL,4,REG
2022020743,20222023,2023-01-21,SEA,1,COL,2,SO
2022020764,20222023,2023-01-24,COL,3,WSH,2,REG
2022020788,20222023,2023-01-28,COL,4,STL,2,REG
2022020813,20222023,2023-02-07,PIT,2,COL,1,OT
2022020821,20222023,2023-02-09,TBL,5,COL,0,REG
2022020839,20222023,2023-02-11,FLA,3,COL,5,REG
2022020862,20222023,2023-02-14,COL,3,TBL,4,SO
2022020866,20222023,2023-02-15,MIN,2,COL,3,REG
2022020883,20222023,2023-02-18,STL,1,COL,4,REG
2022020898,20222023,2023-02-19,COL,6,EDM,5,OT
2022020935,20222023,2023-02-24,WPG,1,COL,5,REG
2022020956,20222023,2023-02-27,COL,3,VGK,0,REG
2022020971,20222023,2023-03-01,COL,5,NJD,7,REG
2022020997,20222023,2023-03-04,DAL,7,COL,3,REG
2022021005,20222023,2023-03-05,COL,2,SEA,3,OT
2022021019,20222023,2023-03-07,COL,6,SJS,0,REG
2022021033,20222023,2023-03-09,COL,2,LAK,5,REG
2022021062,20222023,2023-03-13,MTL,4,COL,8,REG
2022021077,20222023,2023-03-15,TOR,1,COL,2,SO
2022021080,20222023,2023-03-16,OTT,4,COL,5,REG
2022021095,20222023,2023-03-18,DET,1,COL,5,REG
2022021133,20222023,2023-03-22,COL,2,PIT,5,REG
2022021188,20222023,2023-03-29,COL,2,MIN,4,REG
2022021212,20222023,2023-04-01,COL,5,DAL,2,REG
2022021239,20222023,2023-04-04,SJS,3,COL,4,OT
2022021256,20222023,2023-04-06,SJS,2,COL,6,REG
2022021272,20222023,2023-04-08,LAK,3,COL,4,REG
2022021292,20222023,2023-04-11,COL,1,EDM,2,OT
2022021309,20222023,2023-04-13,COL,4,WPG,2,REG
2022020320,20222023,2023-04-14,NSH,3,COL,4,REG
2022020021,20222023,2022-10-14,CBJ,2,TBL,5,REG
2022020033,20222023,2022-10-15,STL,5,CBJ,2,REG
2022020050,20222023,2022-10-18,CBJ,4,VAN,3,OT
2022020063,20222023,2022-10-20,CBJ,5,NSH,3,REG
2022020081,20222023,2022-10-22,CBJ,3,PIT,6,REG
2022020089,20222023,2022-10-23,NYR,1,CBJ,5,REG
2022020139,20222023,2022-10-30,NJD,7,CBJ,1,REG
2022020214,20222023,2022-11-10,CBJ,5,PHI,2,REG
2022020231,20222023,2022-11-12,NYI,4,CBJ,3,OT
2022020250,20222023,2022-11-15,CBJ,5,PHI,4,OT
2022020263,20222023,2022-11-17,CBJ,6,MTL,4,REG
2022020279,20222023,2022-11-19,CBJ,1,DET,6,REG
2022020289,20222023,2022-11-20,CBJ,5,FLA,3,REG
2022020306,20222023,2022-11-23,CBJ,1,MTL,3,REG
2022020326,20222023,2022-11-25,CBJ,2,NYI,3,REG
2022020349,20222023,2022-11-28,CBJ,2,VGK,3,SO
2022020378,20222023,2022-12-02,WPG,1,CBJ,4,REG
2022020394,20222023,2022-12-04,CBJ,2,DET,4,REG
2022020404,20222023,2022-12-06,PIT,4,CBJ,1,REG
2022020443,20222023,2022-12-11,CBJ,6,LAK,5,OT
2022020455,20222023,2022-12-13,FLA,4,CBJ,0,REG
2022020470,20222023,2022-12-15,TBL,4,CBJ,1,REG
2022020502,20222023,2022-12-19,CBJ,1,DAL,2,REG
2022020510,20222023,2022-12-20,PHI,5,CBJ,3,REG
2022020567,20222023,2022-12-29,NYI,2,CBJ,1,REG
2022020601,20222023,2023-01-03,OTT,4,CBJ,0,REG
2022020617,20222023,2023-01-05,CBJ,2,WSH,6,REG
2022020639,20222023,2023-01-08,WSH,1,CBJ,0,REG
2022020648,20222023,2023-01-10,TBL,6,CBJ,3,REG
2022020678,20222023,2023-01-14,DET,3,CBJ,4,REG
2022020701,20222023,2023-01-16,CBJ,1,NYR,3,REG
2022020338,20222023,2023-01-17,NSH,2,CBJ,1,REG
2022020736,20222023,2023-01-21,CBJ,5,SJS,3,REG
2022020769,20222023,2023-01-25,EDM,2,CBJ,3,OT
2022020787,20222023,2023-01-27,VAN,5,CBJ,2,REG
2022020798,20222023,2023-01-28,SEA,3,CBJ,1,REG
2022020804,20222023,2023-01-31,CBJ,3,WSH,4,OT
2022020829,20222023,2023-02-10,CBJ,0,TOR,3,REG
2022020840,20222023,2023-02-11,TOR,3,CBJ,4,REG
2022020857,20222023,2023-02-14,CBJ,2,NJD,3,REG
2022020872,20222023,2023-02-16,CBJ,3,WPG,1,REG
2022020887,20222023,2023-02-18,DAL,1,CBJ,4,REG
2022020924,20222023,2023-02-23,CBJ,0,MIN,2,REG
2022020936,20222023,2023-02-25,CBJ,6,EDM,5,REG
2022020948,20222023,2023-02-26,MIN,3,CBJ,2,OT
2022020984,20222023,2023-03-03,CBJ,2,SEA,4,REG
2022020994,20222023,2023-03-04,OTT,5,CBJ,2,REG
2022021013,20222023,2023-03-07,PIT,5,CBJ,4,OT
2022021045,20222023,2023-03-11,CBJ,2,STL,5,REG
2022021074,20222023,2023-03-14,SJS,5,CBJ,6,OT
2022021089,20222023,2023-03-16,LAK,4,CBJ,1,REG
2022021110,20222023,2023-03-19,VGK,7,CBJ,2,REG
2022021121,20222023,2023-03-21,WSH,6,CBJ,7,OT
2022021147,20222023,2023-03-24,CBJ,5,NYI,4,OT
2022021158,20222023,2023-03-25,MTL,8,CBJ,2,REG
2022021176,20222023,2023-03-28,NYR,6,CBJ,2,REG
2022021208,20222023,2023-04-01,CBJ,0,FLA,7,REG
2022021220,20222023,2023-04-02,CBJ,4,OTT,3,OT
2022021230,20222023,2023-04-04,TOR,4,CBJ,2,REG
2022021243,20222023,2023-04-06,NJD,8,CBJ,1,REG
2022021263,20222023,2023-04-08,CBJ,0,NYR,4,REG
2022021287,20222023,2023-04-11,PHI,4,CBJ,3,OT
2022021303,20222023,2023-04-13,CBJ,3,PIT,2,OT
2022020016,20222023,2022-10-13,NSH,1,DAL,4,REG
2022020035,20222023,2022-10-15,DAL,5,NSH,1,REG
2022020046,20222023,2022-10-17,DAL,4,WPG,1,REG
2022020061,20222023,2022-10-20,TOR,3,DAL,2,OT
2022020078,20222023,2022-10-22,MTL,2,DAL,5,REG
2022020092,20222023,2022-10-24,OTT,4,DAL,2,REG
2022020117,20222023,2022-10-27,DAL,2,WSH,0,REG
2022020127,20222023,2022-10-29,DAL,3,NYR,6,REG
2022020153,20222023,2022-11-01,DAL,5,LAK,2,REG
2022020177,20222023,2022-11-05,EDM,2,DAL,6,REG
2022020204,20222023,2022-11-08,WPG,5,DAL,1,REG
2022020223,20222023,2022-11-11,DAL,4,SJS,5,REG
2022020238,20222023,2022-11-13,PHI,1,DAL,5,REG
2022020248,20222023,2022-11-15,TBL,5,DAL,4,OT
2022020262,20222023,2022-11-17,FLA,4,DAL,6,REG
2022020284,20222023,2022-11-19,DAL,5,NYI,2,REG
2022020330,20222023,2022-11-25,DAL,4,WPG,5,OT
2022020350,20222023,2022-11-28,STL,1,DAL,4,REG
2022020393,20222023,2022-12-04,DAL,5,MIN,6,SO
2022020409,20222023,2022-12-06,DAL,0,TOR,4,REG
2022020423,20222023,2022-12-08,DAL,4,OTT,3,OT
2022020435,20222023,2022-12-10,DAL,3,DET,2,OT
2022020449,20222023,2022-12-12,PIT,2,DAL,1,REG
2022020456,20222023,2022-12-13,NJD,1,DAL,4,REG
2022020471,20222023,2022-12-15,WSH,1,DAL,2,REG
2022020522,20222023,2022-12-21,DAL,3,EDM,6,REG
2022020541,20222023,2022-12-23,DAL,4,MTL,2,REG
2022020551,20222023,2022-12-27,NSH,2,DAL,3,REG
2022020569,20222023,2022-12-29,MIN,1,DAL,4,REG
2022020586,20222023,2022-12-31,DAL,5,SJS,2,REG
2022020608,20222023,2023-01-03,LAK,3,DAL,2,REG
2022020637,20222023,2023-01-08,DAL,5,FLA,1,REG
2022020653,20222023,2023-01-10,NYI,1,DAL,2,SO
2022020663,20222023,2023-01-12,NYR,2,DAL,1,OT
2022020699,20222023,2023-01-16,VGK,0,DAL,4,REG
2022020716,20222023,2023-01-18,SJS,5,DAL,3,REG
2022020729,20222023,2023-01-19,LAK,0,DAL,4,REG
2022020785,20222023,2023-01-27,DAL,2,NJD,3,OT
2022020820,20222023,2023-02-08,DAL,4,MIN,1,REG
2022020837,20222023,2023-02-11,DAL,1,TBL,3,REG
2022020880,20222023,2023-02-17,MIN,2,DAL,1,SO
2022020945,20222023,2023-02-25,VGK,2,DAL,3,SO
2022020955,20222023,2023-02-27,DAL,4,VAN,5,OT
2022021049,20222023,2023-03-11,SEA,3,DAL,4,OT
2022021063,20222023,2023-03-13,SEA,2,DAL,5,REG
2022021073,20222023,2023-03-14,VAN,5,DAL,2,REG
2022021086,20222023,2023-03-16,EDM,4,DAL,1,REG
2022021130,20222023,2023-03-21,DAL,4,SEA,5,OT
2022021143,20222023,2023-03-23,DAL,3,PIT,2,REG
2022021161,20222023,2023-03-25,DAL,1,VAN,3,REG
2022021227,20222023,2023-04-03,DAL,5,NSH,1,REG
2022021252,20222023,2023-04-06,DAL,4,PHI,1,REG
2022021269,20222023,2023-04-08,DAL,2,VGK,1,SO
2022021280,20222023,2023-04-10,DET,1,DAL,6,REG
2022021296,20222023,2023-04-12,STL,2,DAL,5,REG
2022021307,20222023,2023-04-13,DAL,1,STL,0,REG
2022020022,20222023,2022-10-14,DET,3,MTL,0,REG
2022020028,20222023,2022-10-15,NJD,2,DET,5,REG
2022020044,20222023,2022-10-17,DET,4,LAK,5,OT
2022020102,20222023,2022-10-25,DET,2,NJD,6,REG
2022020132,20222023,2022-10-29,DET,2,MIN,1,REG
2022020164,20222023,2022-11-03,DET,3,WSH,1,REG
2022020181,20222023,2022-11-05,DET,3,NYI,0,REG
2022020190,20222023,2022-11-06,NYR,2,DET,3,OT
2022020203,20222023,2022-11-08,DET,2,MTL,3,SO
2022020217,20222023,2022-11-10,DET,2,NYR,8,REG
2022020237,20222023,2022-11-12,LAK,4,DET,3,REG
2022020272,20222023,2022-11-17,SJS,4,DET,7,REG
2022020311,20222023,2022-11-23,DET,3,NSH,0,REG
2022020348,20222023,2022-11-28,DET,2,TOR,4,REG
2022020386,20222023,2022-12-03,DET,1,VGK,4,REG
2022020405,20222023,2022-12-06,TBL,2,DET,4,REG
2022020419,20222023,2022-12-08,FLA,5,DET,1,REG
2022020467,20222023,2022-12-14,MIN,4,DET,1,REG
2022020485,20222023,2022-12-17,DET,3,OTT,6,REG
2022020503,20222023,2022-12-19,WSH,4,DET,3,OT
2022020519,20222023,2022-12-21,DET,7,TBL,4,REG
2022020560,20222023,2022-12-28,PIT,4,DET,5,OT
2022020584,20222023,2022-12-31,DET,4,OTT,2,REG
2022020609,20222023,2023-01-04,DET,1,NJD,5,REG
2022020623,20222023,2023-01-06,DET,2,FLA,3,REG
2022020630,20222023,2023-01-07,TOR,4,DET,1,REG
2022020654,20222023,2023-01-10,DET,7,WPG,5,REG
2022020666,20222023,2023-01-12,DET,4,TOR,1,REG
2022020727,20222023,2023-01-19,VGK,2,DET,3,REG
2022020735,20222023,2023-01-21,DET,1,PHI,2,REG
2022020760,20222023,2023-01-24,DET,3,SJS,2,OT
2022020772,20222023,2023-01-26,MTL,3,DET,4,OT
2022020780,20222023,2023-01-27,NYI,2,DET,0,REG
2022020815,20222023,2023-02-07,DET,2,EDM,5,REG
2022020832,20222023,2023-02-11,DET,5,VAN,2,REG
2022020853,20222023,2023-02-13,VAN,1,DET,6,REG
2022020867,20222023,2023-02-15,EDM,4,DET,5,SO
2022020894,20222023,2023-02-18,SEA,4,DET,2,REG
2022020909,20222023,2023-02-21,WSH,1,DET,3,REG
2022020925,20222023,2023-02-23,DET,4,NYR,1,REG
2022020942,20222023,2023-02-25,DET,0,TBL,3,REG
2022020534,20222023,2023-02-27,OTT,6,DET,2,REG
2022020959,20222023,2023-02-28,OTT,6,DET,1,REG
2022020978,20222023,2023-03-02,DET,4,SEA,5,OT
2022020989,20222023,2023-03-04,NYI,4,DET,1,REG
2022021002,20222023,2023-03-05,PHI,3,DET,1,REG
2022021069,20222023,2023-03-14,NSH,2,DET,1,REG
2022021116,20222023,2023-03-20,DET,2,FLA,5,REG
2022021129,20222023,2023-03-21,STL,2,DET,3,SO
2022021141,20222023,2023-03-23,DET,3,STL,4,REG
2022021150,20222023,2023-03-25,PHI,3,DET,0,REG
2022021180,20222023,2023-03-28,DET,7,PIT,4,REG
2022021201,20222023,2023-03-31,WPG,6,DET,2,REG
2022021222,20222023,2023-04-02,TOR,2,DET,5,REG
2022021231,20222023,2023-04-04,MTL,0,DET,5,REG
2022021266,20222023,2023-04-08,DET,1,PIT,5,REG
2022021300,20222023,2023-04-13,TBL,5,DET,0,REG
2022020010,20222023,2022-10-12,EDM,5,VAN,3,REG
2022020077,20222023,2022-10-22,EDM,0,STL,2,REG
2022020094,20222023,2022-10-24,EDM,6,PIT,3,REG
2022020109,20222023,2022-10-26,STL,1,EDM,3,REG
2022020154,20222023,2022-11-01,EDM,7,NSH,4,REG
2022020170,20222023,2022-11-03,EDM,3,NJD,4,REG
2022020195,20222023,2022-11-07,WSH,5,EDM,4,REG
2022020202,20222023,2022-11-08,TBL,2,EDM,3,REG
2022020226,20222023,2022-11-12,FLA,2,EDM,4,REG
2022020259,20222023,2022-11-16,EDM,1,LAK,3,REG
2022020287,20222023,2022-11-19,EDM,4,VGK,3,OT
2022020293,20222023,2022-11-21,NJD,5,EDM,2,REG
2022020310,20222023,2022-11-23,NYI,3,EDM,0,REG
2022020332,20222023,2022-11-26,NYR,3,EDM,4,REG
2022020351,20222023,2022-11-28,EDM,4,FLA,3,OT
2022020370,20222023,2022-12-01,MIN,5,EDM,3,REG
2022020381,20222023,2022-12-03,EDM,5,MTL,3,REG
2022020400,20222023,2022-12-05,EDM,2,WSH,3,REG
2022020429,20222023,2022-12-09,EDM,5,MIN,2,REG
2022020452,20222023,2022-12-12,MIN,2,EDM,1,REG
2022020461,20222023,2022-12-13,NSH,3,EDM,6,REG
2022020480,20222023,2022-12-15,EDM,3,STL,4,SO
2022020505,20222023,2022-12-19,NSH,4,EDM,3,OT
2022020542,20222023,2022-12-23,EDM,2,VAN,5,REG
2022020577,20222023,2022-12-30,SEA,2,EDM,7,REG
2022020588,20222023,2022-12-31,EDM,1,WPG,2,REG
2022020606,20222023,2023-01-03,EDM,2,SEA,5,REG
2022020618,20222023,2023-01-05,EDM,4,NYI,2,REG
2022020647,20222023,2023-01-09,LAK,6,EDM,3,REG
2022020676,20222023,2023-01-13,SJS,1,EDM,7,REG
2022020689,20222023,2023-01-14,VGK,3,EDM,4,REG
2022020711,20222023,2023-01-17,EDM,5,SEA,2,REG
2022020725,20222023,2023-01-19,EDM,5,TBL,3,REG
2022020744,20222023,2023-01-21,VAN,2,EDM,4,REG
2022020822,20222023,2023-02-09,PHI,2,EDM,1,SO
2022020834,20222023,2023-02-11,OTT,3,EDM,6,REG
2022020846,20222023,2023-02-12,MTL,6,EDM,2,REG
2022020881,20222023,2023-02-17,EDM,4,NYR,5,SO
2022020916,20222023,2023-02-21,EDM,4,PHI,2,REG
2022020922,20222023,2023-02-23,PIT,2,EDM,7,REG
2022020969,20222023,2023-03-01,EDM,5,TOR,2,REG
2022020985,20222023,2023-03-03,EDM,6,WPG,3,REG
2022020995,20222023,2023-03-04,WPG,7,EDM,5,REG
2022021043,20222023,2023-03-11,TOR,7,EDM,4,REG
2022021071,20222023,2023-03-14,EDM,6,OTT,3,REG
2022021098,20222023,2023-03-18,SEA,4,EDM,6,REG
2022021118,20222023,2023-03-20,EDM,5,SJS,4,OT
2022021163,20222023,2023-03-25,EDM,3,VGK,4,OT
2022021184,20222023,2023-03-28,VGK,4,EDM,7,REG
2022021197,20222023,2023-03-30,EDM,2,LAK,0,REG
2022021237,20222023,2023-04-04,LAK,1,EDM,3,REG
2022021259,20222023,2023-04-08,SJS,1,EDM,6,REG
2022021308,20222023,2023-04-13,EDM,5,SJS,2,REG
2022020014,20222023,2022-10-13,NYI,1,FLA,3,REG
2022020056,20222023,2022-10-19,FLA,4,PHI,3,REG
2022020071,20222023,2022-10-21,FLA,2,TBL,3,OT
2022020090,20222023,2022-10-23,FLA,3,NYI,2,REG
2022020112,20222023,2022-10-27,PHI,4,FLA,3,REG
2022020128,20222023,2022-10-29,FLA,5,OTT,3,REG
2022020173,20222023,2022-11-03,SJS,3,FLA,4,SO
2022020189,20222023,2022-11-05,LAK,5,FLA,4,REG
2022020253,20222023,2022-11-15,FLA,5,WSH,2,REG
2022020334,20222023,2022-11-26,FLA,4,STL,5,OT
2022020373,20222023,2022-12-01,VAN,1,FLA,5,REG
2022020389,20222023,2022-12-03,SEA,1,FLA,5,REG
2022020408,20222023,2022-12-06,WPG,5,FLA,2,REG
2022020436,20222023,2022-12-10,TBL,4,FLA,1,REG
2022020444,20222023,2022-12-11,FLA,2,SEA,5,REG
2022020474,20222023,2022-12-15,FLA,2,PIT,4,REG
2022020488,20222023,2022-12-17,NJD,2,FLA,4,REG
2022020518,20222023,2022-12-21,FLA,2,NJD,4,REG
2022020538,20222023,2022-12-23,NYI,5,FLA,1,REG
2022020564,20222023,2022-12-29,FLA,7,MTL,2,REG
2022020591,20222023,2023-01-01,FLA,3,NYR,5,REG
2022020673,20222023,2023-01-12,VGK,4,FLA,2,REG
2022020684,20222023,2023-01-14,FLA,4,VAN,3,REG
2022020706,20222023,2023-01-17,TOR,5,FLA,4,OT
2022020720,20222023,2023-01-19,MTL,2,FLA,6,REG
2022020734,20222023,2023-01-21,FLA,5,MIN,3,REG
2022020751,20222023,2023-01-23,NYR,6,FLA,2,REG
2022020756,20222023,2023-01-24,PIT,7,FLA,6,OT
2022020781,20222023,2023-01-27,FLA,3,LAK,4,REG
2022020808,20222023,2023-02-06,FLA,7,TBL,1,REG
2022020823,20222023,2023-02-09,FLA,4,SJS,1,REG
2022020852,20222023,2023-02-13,MIN,1,FLA,2,SO
2022020859,20222023,2023-02-14,STL,6,FLA,2,REG
2022020870,20222023,2023-02-16,WSH,3,FLA,6,REG
2022020884,20222023,2023-02-18,NSH,7,FLA,3,REG
2022020960,20222023,2023-02-28,TBL,1,FLA,4,REG
2022020975,20222023,2023-03-02,FLA,1,NSH,2,REG
2022020992,20222023,2023-03-04,FLA,4,PIT,1,REG
2022021016,20222023,2023-03-07,FLA,2,VGK,1,REG
2022021047,20222023,2023-03-11,FLA,4,WPG,5,OT
2022021081,20222023,2023-03-16,FLA,9,MTL,5,REG
2022021100,20222023,2023-03-18,FLA,4,NJD,2,REG
2022021122,20222023,2023-03-21,PHI,6,FLA,3,REG
2022021140,20222023,2023-03-23,FLA,2,TOR,6,REG
2022021156,20222023,2023-03-25,FLA,3,NYR,4,REG
2022021170,20222023,2023-03-27,OTT,5,FLA,2,REG
2022021186,20222023,2023-03-29,TOR,2,FLA,3,OT
2022021190,20222023,2023-03-30,MTL,2,FLA,5,REG
2022021245,20222023,2023-04-06,FLA,7,OTT,2,REG
2022021261,20222023,2023-04-08,WSH,2,FLA,4,REG
2022021279,20222023,2023-04-10,FLA,1,TOR,2,OT
2022020004,20222023,2022-10-11,LAK,3,VGK,4,REG
2022020020,20222023,2022-10-13,LAK,1,SEA,4,REG
2022020034,20222023,2022-10-15,MIN,6,LAK,7,REG
2022020052,20222023,2022-10-18,NSH,3,LAK,4,SO
2022020062,20222023,2022-10-20,PIT,6,LAK,1,REG
2022020079,20222023,2022-10-22,WSH,4,LAK,3,REG
2022020106,20222023,2022-10-25,LAK,4,TBL,2,REG
2022020120,20222023,2022-10-27,LAK,4,WPG,6,REG
2022020134,20222023,2022-10-29,LAK,4,TOR,2,REG
2022020146,20222023,2022-10-31,STL,1,LAK,5,REG
2022020206,20222023,2022-11-08,LAK,1,MIN,0,REG
2022020273,20222023,2022-11-18,VAN,4,LAK,1,REG
2022020286,20222023,2022-11-19,SEA,3,LAK,2,OT
2022020302,20222023,2022-11-22,LAK,3,NYR,5,REG
2022020331,20222023,2022-11-25,SJS,2,LAK,5,REG
2022020345,20222023,2022-11-27,LAK,2,OTT,3,OT
2022020360,20222023,2022-11-29,LAK,8,SEA,9,OT
2022020406,20222023,2022-12-06,OTT,2,LAK,5,REG
2022020420,20222023,2022-12-08,TOR,5,LAK,0,REG
2022020439,20222023,2022-12-10,MTL,2,LAK,4,REG
2022020496,20222023,2022-12-17,LAK,3,SJS,2,SO
2022020557,20222023,2022-12-27,LAK,4,VGK,2,REG
2022020581,20222023,2022-12-31,LAK,2,PHI,4,REG
2022020635,20222023,2023-01-07,VGK,1,LAK,5,REG
2022020661,20222023,2023-01-11,LAK,4,SJS,3,REG
2022020690,20222023,2023-01-14,LAK,2,NJD,5,REG
2022020742,20222023,2023-01-21,NSH,5,LAK,3,REG
2022020757,20222023,2023-01-24,PHI,3,LAK,4,OT
2022020790,20222023,2023-01-28,TBL,5,LAK,2,REG
2022020845,20222023,2023-02-11,LAK,6,PIT,0,REG
2022020913,20222023,2023-02-21,MIN,2,LAK,1,REG
2022020923,20222023,2023-02-23,NJD,4,LAK,3,OT
2022020934,20222023,2023-02-24,NYI,2,LAK,3,REG
2022020950,20222023,2023-02-26,NYR,5,LAK,2,REG
2022020961,20222023,2023-02-28,WPG,5,LAK,6,SO
2022020982,20222023,2023-03-02,LAK,3,MTL,2,REG
2022021000,20222023,2023-03-04,LAK,4,STL,2,REG
2022021011,20222023,2023-03-06,LAK,4,WSH,2,REG
2022021052,20222023,2023-03-11,LAK,1,NSH,2,SO
2022021075,20222023,2023-03-14,LAK,5,NYI,2,REG
2022021105,20222023,2023-03-18,LAK,2,VAN,3,SO
2022021154,20222023,2023-03-25,LAK,4,WPG,1,REG
2022021169,20222023,2023-03-26,LAK,7,STL,6,REG
2022021214,20222023,2023-04-01,SEA,1,LAK,3,REG
2022021225,20222023,2023-04-02,VAN,1,LAK,4,REG
2022021255,20222023,2023-04-06,VGK,5,LAK,2,REG
2022021284,20222023,2023-04-10,LAK,3,VAN,0,REG
2022020017,20222023,2022-10-13,MIN,3,NYR,7,REG
2022020067,20222023,2022-10-20,MIN,4,VAN,3,OT
2022020101,20222023,2022-10-25,MTL,1,MIN,3,REG
2022020113,20222023,2022-10-27,OTT,2,MIN,4,REG
2022020151,20222023,2022-11-01,MIN,4,MTL,1,REG
2022020167,20222023,2022-11-03,MIN,0,SEA,4,REG
2022020224,20222023,2022-11-11,SEA,0,MIN,1,REG
2022020240,20222023,2022-11-13,MIN,2,SJS,3,SO
2022020254,20222023,2022-11-15,NSH,2,MIN,1,REG
2022020268,20222023,2022-11-17,MIN,4,PIT,6,REG
2022020309,20222023,2022-11-23,MIN,6,WPG,1,REG
2022020322,20222023,2022-11-25,MIN,3,TOR,4,REG
2022020441,20222023,2022-12-10,VAN,0,MIN,3,REG
2022020497,20222023,2022-12-18,MIN,4,OTT,2,REG
2022020532,20222023,2022-12-22,SJS,5,MIN,2,REG
2022020552,20222023,2022-12-27,WPG,1,MIN,4,REG
2022020589,20222023,2022-12-31,STL,2,MIN,5,REG
2022020610,20222023,2023-01-04,MIN,5,TBL,1,REG
2022020642,20222023,2023-01-08,MIN,0,STL,3,REG
2022020649,20222023,2023-01-10,NYR,4,MIN,3,SO
2022020669,20222023,2023-01-12,NYI,1,MIN,3,REG
2022020707,20222023,2023-01-17,WSH,2,MIN,4,REG
2022020758,20222023,2023-01-24,TBL,4,MIN,2,REG
2022020778,20222023,2023-01-26,MIN,3,PHI,2,OT
2022020827,20222023,2023-02-09,MIN,1,VGK,5,REG
2022020843,20222023,2023-02-11,MIN,3,NJD,2,SO
2022020896,20222023,2023-02-19,MIN,4,NSH,3,REG
2022020931,20222023,2023-02-24,TOR,2,MIN,1,OT
2022020962,20222023,2023-02-28,MIN,2,NYI,1,SO
2022020981,20222023,2023-03-02,VAN,1,MIN,2,REG
2022021023,20222023,2023-03-08,WPG,2,MIN,4,REG
2022021051,20222023,2023-03-11,SJS,2,MIN,5,REG
2022021078,20222023,2023-03-15,STL,5,MIN,8,REG
2022021109,20222023,2023-03-19,MIN,5,WSH,3,REG
2022021123,20222023,2023-03-21,NJD,1,MIN,2,OT
2022021136,20222023,2023-03-23,PHI,5,MIN,4,SO
2022021173,20222023,2023-03-27,MIN,5,SEA,1,REG
2022021215,20222023,2023-04-01,VGK,4,MIN,1,REG
2022021226,20222023,2023-04-03,MIN,3,VGK,4,SO
2022021244,20222023,2023-04-06,PIT,4,MIN,1,REG
2022021258,20222023,2023-04-08,MIN,5,STL,3,REG
2022021291,20222023,2023-04-11,MIN,1,WPG,3,REG
2022021305,20222023,2023-04-13,NSH,4,MIN,3,OT
2022020007,20222023,2022-10-12,MTL,4,TOR,3,REG
2022020029,20222023,2022-10-15,WSH,3,MTL,1,REG
2022020042,20222023,2022-10-17,MTL,3,PIT,2,OT
2022020133,20222023,2022-10-29,STL,4,MTL,7,REG
2022020165,20222023,2022-11-03,WPG,3,MTL,2,OT
2022020184,20222023,2022-11-05,MTL,4,VGK,6,REG
2022020209,20222023,2022-11-09,MTL,5,VAN,2,REG
2022020229,20222023,2022-11-12,MTL,5,PIT,4,OT
2022020249,20222023,2022-11-15,MTL,1,NJD,5,REG
2022020280,20222023,2022-11-19,MTL,5,PHI,4,SO
2022020354,20222023,2022-11-29,MTL,0,SJS,4,REG
2022020402,20222023,2022-12-05,VAN,7,MTL,6,OT
2022020411,20222023,2022-12-06,SEA,2,MTL,4,REG
2022020466,20222023,2022-12-14,OTT,3,MTL,2,REG
2022020490,20222023,2022-12-17,MTL,1,TBL,5,REG
2022020559,20222023,2022-12-28,TBL,4,MTL,1,REG
2022020580,20222023,2022-12-31,WSH,9,MTL,2,REG
2022020604,20222023,2023-01-03,NSH,6,MTL,3,REG
2022020613,20222023,2023-01-05,MTL,1,NYR,4,REG
2022020633,20222023,2023-01-07,MTL,5,STL,4,REG
2022020646,20222023,2023-01-09,MTL,0,SEA,4,REG
2022020664,20222023,2023-01-12,MTL,4,NSH,3,REG
2022020679,20222023,2023-01-14,NYI,2,MTL,1,REG
2022020691,20222023,2023-01-15,NYR,1,MTL,2,REG
2022020708,20222023,2023-01-17,MTL,4,WPG,1,REG
2022020737,20222023,2023-01-21,MTL,3,TOR,2,OT
2022020791,20222023,2023-01-28,OTT,5,MTL,0,REG
2022020803,20222023,2023-01-31,MTL,4,OTT,5,REG
2022020835,20222023,2023-02-11,MTL,4,NYI,3,OT
2022020888,20222023,2023-02-18,TOR,5,MTL,1,REG
2022020910,20222023,2023-02-21,NJD,2,MTL,5,REG
2022020932,20222023,2023-02-24,PHI,2,MTL,5,REG
2022020940,20222023,2023-02-25,MTL,2,OTT,5,REG
2022020967,20222023,2023-02-28,SJS,1,MTL,3,REG
2022021003,20222023,2023-03-05,VGK,4,MTL,3,REG
2022021028,20222023,2023-03-09,MTL,3,NYR,4,SO
2022021044,20222023,2023-03-11,MTL,1,NJD,3,REG
2022021064,20222023,2023-03-14,PIT,4,MTL,6,REG
2022021101,20222023,2023-03-18,TBL,5,MTL,3,REG
2022021126,20222023,2023-03-21,MTL,3,TBL,2,REG
2022021177,20222023,2023-03-28,PHI,3,MTL,2,REG
2022021247,20222023,2023-04-06,MTL,6,WSH,2,REG
2022021262,20222023,2023-04-08,TOR,7,MTL,1,REG
2022021295,20222023,2023-04-12,NYI,4,MTL,2,REG
2022020001,20222023,2022-10-07,NSH,4,SJS,1,REG
2022020002,20222023,2022-10-08,SJS,2,NSH,3,REG
2022020083,20222023,2022-10-22,NSH,1,PHI,3,REG
2022020115,20222023,2022-10-27,NSH,6,STL,2,REG
2022020136,20222023,2022-10-29,NSH,0,WSH,3,REG
2022020186,20222023,2022-11-05,VAN,3,NSH,4,SO
2022020205,20222023,2022-11-08,SEA,5,NSH,1,REG
2022020232,20222023,2022-11-12,NSH,2,NYR,1,REG
2022020267,20222023,2022-11-17,NSH,5,NYI,4,REG
2022020285,20222023,2022-11-19,NSH,2,TBL,3,OT
2022020366,20222023,2022-12-01,NJD,3,NSH,4,OT
2022020377,20222023,2022-12-02,NYI,1,NSH,4,REG
2022020421,20222023,2022-12-08,TBL,5,NSH,2,REG
2022020434,20222023,2022-12-10,NSH,2,OTT,3,REG
2022020453,20222023,2022-12-12,STL,1,NSH,0,OT
2022020477,20222023,2022-12-15,WPG,2,NSH,1,OT
2022020579,20222023,2022-12-31,VGK,5,NSH,4,OT
2022020622,20222023,2023-01-06,WSH,2,NSH,3,REG
2022020645,20222023,2023-01-09,OTT,0,NSH,3,REG
2022020658,20222023,2023-01-11,TOR,2,NSH,1,REG
2022020724,20222023,2023-01-19,STL,5,NSH,2,REG
2022020762,20222023,2023-01-24,NSH,2,WPG,1,REG
2022020775,20222023,2023-01-26,NSH,6,NJD,4,REG
2022020817,20222023,2023-02-07,NSH,1,VGK,5,REG
2022020836,20222023,2023-02-11,PHI,1,NSH,2,OT
2022020914,20222023,2023-02-21,NSH,5,VAN,4,SO
2022020929,20222023,2023-02-23,SJS,2,NSH,6,REG
2022020963,20222023,2023-02-28,NSH,1,PIT,3,REG
2022021010,20222023,2023-03-06,VAN,4,NSH,3,SO
2022021097,20222023,2023-03-18,NSH,2,WPG,3,OT
2022021111,20222023,2023-03-19,NYR,7,NSH,0,REG
2022021142,20222023,2023-03-23,NSH,2,SEA,1,SO
2022021152,20222023,2023-03-25,NSH,2,SEA,7,REG
2022021167,20222023,2023-03-26,NSH,2,TOR,3,REG
2022021192,20222023,2023-03-30,PIT,2,NSH,0,REG
2022021204,20222023,2023-04-01,NSH,6,STL,1,REG
2022021235,20222023,2023-04-04,NSH,3,VGK,2,OT
2022021264,20222023,2023-04-08,WPG,2,NSH,0,REG
2022020012,20222023,2022-10-13,PHI,5,NJD,2,REG
2022020066,20222023,2022-10-20,NYI,1,NJD,4,REG
2022020075,20222023,2022-10-22,NJD,2,SJS,1,REG
2022020093,20222023,2022-10-24,NJD,3,WSH,6,REG
2022020157,20222023,2022-11-01,VAN,2,NJD,5,REG
2022020213,20222023,2022-11-10,NJD,4,OTT,3,OT
2022020264,20222023,2022-11-17,TOR,2,NJD,3,OT
2022020274,20222023,2022-11-19,OTT,1,NJD,5,REG
2022020308,20222023,2022-11-23,NJD,1,TOR,2,REG
2022020336,20222023,2022-11-26,NJD,5,WSH,1,REG
2022020346,20222023,2022-11-28,NYR,3,NJD,5,REG
2022020382,20222023,2022-12-03,PHI,2,NJD,3,REG
2022020425,20222023,2022-12-09,NJD,4,NYI,6,REG
2022020450,20222023,2022-12-12,NYR,4,NJD,3,OT
2022020473,20222023,2022-12-15,NJD,1,PHI,2,REG
2022020576,20222023,2022-12-30,PIT,2,NJD,4,REG
2022020616,20222023,2023-01-05,NJD,3,STL,5,REG
2022020628,20222023,2023-01-07,NJD,4,NYR,3,OT
2022020697,20222023,2023-01-16,SJS,3,NJD,4,SO
2022020728,20222023,2023-01-19,SEA,4,NJD,3,OT
2022020746,20222023,2023-01-22,NJD,2,PIT,1,OT
2022020759,20222023,2023-01-24,NJD,3,VGK,2,OT
2022020810,20222023,2023-02-06,NJD,5,VAN,4,OT
2022020824,20222023,2023-02-09,NJD,3,SEA,1,REG
2022020874,20222023,2023-02-16,STL,4,NJD,2,REG
2022020886,20222023,2023-02-18,PIT,2,NJD,5,REG
2022020900,20222023,2023-02-19,NJD,4,WPG,2,REG
2022020941,20222023,2023-02-25,NJD,7,PHI,0,REG
2022020988,20222023,2023-03-03,VGK,4,NJD,3,SO
2022021015,20222023,2023-03-07,NJD,3,TOR,4,REG
2022021029,20222023,2023-03-09,WSH,2,NJD,3,SO
2022021065,20222023,2023-03-14,NJD,1,TBL,4,REG
2022021083,20222023,2023-03-16,NJD,3,TBL,4,SO
2022021112,20222023,2023-03-19,TBL,2,NJD,5,REG
2022021159,20222023,2023-03-25,NJD,5,OTT,3,REG
2022021172,20222023,2023-03-27,NYI,5,NJD,1,REG
2022021191,20222023,2023-03-30,NJD,2,NYR,1,REG
2022021223,20222023,2023-04-02,WPG,6,NJD,1,REG
2022021233,20222023,2023-04-04,NJD,5,PIT,1,REG
2022021301,20222023,2023-04-13,WSH,4,NJD,5,OT
2022020051,20222023,2022-10-18,NYI,5,SJS,2,REG
2022020080,20222023,2022-10-22,TBL,5,NYI,3,REG
2022020108,20222023,2022-10-26,NYI,3,NYR,0,REG
2022020166,20222023,2022-11-03,STL,2,NYI,5,REG
2022020198,20222023,2022-11-08,NYR,3,NYI,4,REG
2022020244,20222023,2022-11-14,OTT,2,NYI,4,REG
2022020295,20222023,2022-11-21,TOR,2,NYI,3,OT
2022020337,20222023,2022-11-26,NYI,5,PHI,2,REG
2022020353,20222023,2022-11-29,PHI,3,NYI,1,REG
2022020407,20222023,2022-12-06,NYI,4,STL,7,REG
2022020494,20222023,2022-12-17,VGK,2,NYI,5,REG
2022020527,20222023,2022-12-22,NYR,5,NYI,3,REG
2022020550,20222023,2022-12-27,NYI,5,PIT,1,REG
2022020594,20222023,2023-01-01,SEA,4,NYI,1,REG
2022020607,20222023,2023-01-03,VAN,2,NYI,6,REG
2022020702,20222023,2023-01-16,NYI,3,WSH,4,OT
2022020752,20222023,2023-01-23,TOR,5,NYI,2,REG
2022020766,20222023,2023-01-25,OTT,2,NYI,1,REG
2022020794,20222023,2023-01-28,NYI,2,VGK,1,OT
2022020807,20222023,2023-02-06,PHI,1,NYI,2,REG
2022020816,20222023,2023-02-07,NYI,4,SEA,0,REG
2022020826,20222023,2023-02-09,NYI,5,VAN,6,REG
2022020858,20222023,2023-02-14,NYI,2,OTT,3,SO
2022020879,20222023,2023-02-17,NYI,5,PIT,4,REG
2022020906,20222023,2023-02-20,PIT,2,NYI,4,REG
2022020917,20222023,2023-02-22,NYI,2,WPG,1,REG
2022020949,20222023,2023-02-26,WPG,0,NYI,4,REG
2022021027,20222023,2023-03-09,PIT,3,NYI,4,OT
2022021048,20222023,2023-03-11,NYI,1,WSH,5,REG
2022021107,20222023,2023-03-18,SJS,1,NYI,4,REG
2022021127,20222023,2023-03-21,NYI,7,TOR,2,REG
2022021187,20222023,2023-03-29,WSH,1,NYI,2,SO
2022021209,20222023,2023-04-01,TBL,5,NYI,0,REG
2022021249,20222023,2023-04-06,NYI,6,TBL,1,REG
2022021268,20222023,2023-04-08,NYI,4,PHI,0,REG
2022021277,20222023,2023-04-10,WSH,5,NYI,2,REG
2022020003,20222023,2022-10-11,NYR,3,TBL,1,REG
2022020023,20222023,2022-10-14,WPG,4,NYR,1,REG
2022020064,20222023,2022-10-20,NYR,2,SJS,3,OT
2022020149,20222023,2022-11-01,NYR,1,PHI,0,OT
2022020271,20222023,2022-11-17,SEA,3,NYR,2,OT
2022020288,20222023,2022-11-19,SJS,1,NYR,2,REG
2022020362,20222023,2022-11-30,OTT,1,NYR,3,REG
2022020376,20222023,2022-12-02,NYR,2,OTT,3,OT
2022020398,20222023,2022-12-05,NYR,6,STL,4,REG
2022020417,20222023,2022-12-07,VGK,1,NYR,5,REG
2022020476,20222023,2022-12-15,NYR,3,TOR,1,REG
2022020489,20222023,2022-12-17,PHI,3,NYR,6,REG
2022020511,20222023,2022-12-20,PIT,3,NYR,2,REG
2022020549,20222023,2022-12-27,NYR,0,WSH,4,REG
2022020565,20222023,2022-12-29,TBL,2,NYR,1,SO
2022020767,20222023,2023-01-25,TOR,3,NYR,2,OT
2022020784,20222023,2023-01-27,NYR,4,VGK,1,REG
2022020819,20222023,2023-02-08,NYR,4,VAN,3,REG
2022020828,20222023,2023-02-10,NYR,6,SEA,3,REG
2022020869,20222023,2023-02-15,VAN,4,NYR,6,REG
2022020907,20222023,2023-02-20,NYR,1,WPG,4,REG
2022020937,20222023,2023-02-25,WSH,6,NYR,3,REG
2022020968,20222023,2023-03-01,PHI,2,NYR,3,OT
2022020976,20222023,2023-03-02,NYR,3,OTT,5,REG
2022021054,20222023,2023-03-12,PIT,3,NYR,2,OT
2022021067,20222023,2023-03-14,NYR,5,WSH,3,REG
2022021082,20222023,2023-03-16,NYR,4,PIT,2,REG
2022021103,20222023,2023-03-18,NYR,6,PIT,0,REG
2022021217,20222023,2023-04-02,WSH,2,NYR,5,REG
2022021241,20222023,2023-04-05,NYR,6,TBL,3,REG
2022021251,20222023,2023-04-06,STL,3,NYR,2,OT
2022021304,20222023,2023-04-13,NYR,2,TOR,3,REG
2022020030,20222023,2022-10-15,TOR,3,OTT,2,REG
2022020065,20222023,2022-10-20,OTT,5,WSH,2,REG
2022020148,20222023,2022-11-01,TBL,4,OTT,3,REG
2022020163,20222023,2022-11-03,OTT,4,VGK,5,REG
2022020182,20222023,2022-11-05,OTT,1,PHI,2,REG
2022020200,20222023,2022-11-08,OTT,4,VAN,6,REG
2022020225,20222023,2022-11-12,PHI,1,OTT,4,REG
2022020299,20222023,2022-11-21,SJS,5,OTT,1,REG
2022020315,20222023,2022-11-23,VGK,4,OTT,1,REG
2022020383,20222023,2022-12-03,OTT,5,SJS,2,REG
2022020514,20222023,2022-12-20,WPG,5,OTT,1,REG
2022020528,20222023,2022-12-22,OTT,2,WSH,3,OT
2022020566,20222023,2022-12-29,WSH,3,OTT,4,OT
2022020632,20222023,2023-01-07,OTT,4,SEA,8,REG
2022020704,20222023,2023-01-16,STL,2,OTT,1,REG
2022020712,20222023,2023-01-18,OTT,5,PIT,4,OT
2022020730,20222023,2023-01-20,PIT,4,OTT,1,REG
2022020738,20222023,2023-01-21,OTT,1,WPG,5,REG
2022020782,20222023,2023-01-27,TOR,2,OTT,6,REG
2022020897,20222023,2023-02-19,OTT,7,STL,2,REG
2022021035,20222023,2023-03-09,SEA,4,OTT,5,REG
2022021050,20222023,2023-03-11,VAN,5,OTT,2,REG
2022021102,20222023,2023-03-18,OTT,4,TOR,5,SO
2022021115,20222023,2023-03-20,PIT,1,OTT,2,REG
2022021139,20222023,2023-03-23,OTT,7,TBL,2,REG
2022021193,20222023,2023-03-30,OTT,5,PHI,4,OT
2022021210,20222023,2023-04-01,OTT,0,TOR,3,REG
2022021267,20222023,2023-04-08,OTT,7,TBL,4,REG
2022020026,20222023,2022-10-15,PHI,3,VAN,2,REG
2022020053,20222023,2022-10-18,TBL,2,PHI,3,REG
2022020091,20222023,2022-10-23,PHI,0,SJS,3,REG
2022020159,20222023,2022-11-02,TOR,5,PHI,2,REG
2022020199,20222023,2022-11-08,PHI,5,STL,1,REG
2022020312,20222023,2022-11-23,WSH,3,PHI,2,OT
2022020324,20222023,2022-11-25,PHI,1,PIT,4,REG
2022020367,20222023,2022-12-01,PHI,1,TBL,4,REG
2022020413,20222023,2022-12-07,PHI,1,WSH,4,REG
2022020432,20222023,2022-12-09,VGK,2,PHI,1,OT
2022020525,20222023,2022-12-22,TOR,4,PHI,3,REG
2022020573,20222023,2022-12-29,SJS,3,PHI,4,OT
2022020643,20222023,2023-01-08,PHI,2,TOR,6,REG
2022020659,20222023,2023-01-11,PHI,5,WSH,3,REG
2022020681,20222023,2023-01-14,WSH,1,PHI,3,REG
2022020749,20222023,2023-01-22,PHI,3,WPG,5,REG
2022020792,20222023,2023-01-28,WPG,0,PHI,4,REG
2022020848,20222023,2023-02-12,PHI,3,SEA,4,REG
2022020876,20222023,2023-02-16,SEA,6,PHI,2,REG
2022020891,20222023,2023-02-18,VAN,6,PHI,2,REG
2022021014,20222023,2023-03-07,TBL,5,PHI,2,REG
2022021039,20222023,2023-03-11,PIT,5,PHI,1,REG
2022021066,20222023,2023-03-14,PHI,3,VGK,5,REG
2022021221,20222023,2023-04-02,PIT,4,PHI,2,REG
2022021234,20222023,2023-04-04,STL,4,PHI,2,REG
2022020031,20222023,2022-10-15,PIT,6,TBL,2,REG
2022020125,20222023,2022-10-28,VAN,5,PIT,1,REG
2022020138,20222023,2022-10-29,SEA,3,PIT,1,REG
2022020183,20222023,2022-11-05,PIT,2,SEA,3,REG
2022020208,20222023,2022-11-09,WSH,1,PIT,4,REG
2022020221,20222023,2022-11-11,TOR,2,PIT,4,REG
2022020251,20222023,2022-11-15,PIT,2,TOR,5,REG
2022020281,20222023,2022-11-19,WPG,0,PIT,3,REG
2022020335,20222023,2022-11-26,PIT,1,TOR,4,REG
2022020368,20222023,2022-12-01,PIT,4,VGK,3,REG
2022020384,20222023,2022-12-03,PIT,6,STL,2,REG
2022020620,20222023,2023-01-05,VGK,5,PIT,2,REG
2022020652,20222023,2023-01-10,PIT,5,VAN,4,REG
2022020674,20222023,2023-01-13,PIT,1,WPG,4,REG
2022020773,20222023,2023-01-26,WSH,3,PIT,2,SO
2022020793,20222023,2023-01-28,PIT,4,SJS,6,REG
2022020863,20222023,2023-02-14,SJS,1,PIT,3,REG
2022020943,20222023,2023-02-25,STL,2,PIT,3,OT
2022020951,20222023,2023-02-26,PIT,7,TBL,3,REG
2022020977,20222023,2023-03-02,TBL,4,PIT,5,OT
2022021162,20222023,2023-03-25,PIT,4,WSH,3,REG
2022020107,20222023,2022-10-25,SJS,2,VGK,4,REG
2022020119,20222023,2022-10-27,SJS,4,TOR,3,OT
2022020129,20222023,2022-10-29,SJS,3,TBL,4,REG
2022020218,20222023,2022-11-10,STL,5,SJS,3,REG
2022020256,20222023,2022-11-15,VGK,2,SJS,5,REG
2022020316,20222023,2022-11-23,SEA,8,SJS,5,REG
2022020344,20222023,2022-11-27,SJS,3,VAN,4,OT
2022020363,20222023,2022-11-30,TOR,3,SJS,1,REG
2022020418,20222023,2022-12-07,SJS,5,VAN,6,OT
2022020556,20222023,2022-12-27,VAN,6,SJS,2,REG
2022020814,20222023,2023-02-07,TBL,3,SJS,4,OT
2022020847,20222023,2023-02-12,WSH,1,SJS,4,REG
2022020877,20222023,2023-02-16,VGK,2,SJS,1,REG
2022020905,20222023,2023-02-20,SJS,4,SEA,0,REG
2022020983,20222023,2023-03-02,SJS,3,STL,6,REG
2022020993,20222023,2023-03-04,SJS,3,WSH,8,REG
2022021007,20222023,2023-03-06,WPG,2,SJS,3,OT
2022021032,20222023,2023-03-09,STL,4,SJS,2,REG
2022021090,20222023,2023-03-16,SJS,1,SEA,2,OT
2022021145,20222023,2023-03-23,VAN,7,SJS,2,REG
2022021185,20222023,2023-03-28,SJS,3,WPG,0,REG
2022021199,20222023,2023-03-30,SJS,4,VGK,3,OT
2022021278,20222023,2023-04-10,WPG,6,SJS,2,REG
2022020037,20222023,2022-10-15,SEA,2,VGK,5,REG
2022020058,20222023,2022-10-19,SEA,3,STL,4,OT
2022020118,20222023,2022-10-27,SEA,4,VAN,5,REG
2022020243,20222023,2022-11-13,SEA,2,WPG,3,OT
2022020329,20222023,2022-11-25,VGK,2,SEA,4,REG
2022020374,20222023,2022-12-01,SEA,3,WSH,2,OT
2022020427,20222023,2022-12-09,WSH,4,SEA,1,REG
2022020459,20222023,2022-12-13,TBL,6,SEA,2,REG
2022020500,20222023,2022-12-18,SEA,3,WPG,2,REG
2022020515,20222023,2022-12-20,SEA,5,STL,2,REG
2022020530,20222023,2022-12-22,VAN,6,SEA,5,SO
2022020615,20222023,2023-01-05,TOR,1,SEA,5,REG
2022020698,20222023,2023-01-16,SEA,1,TBL,4,REG
2022020770,20222023,2023-01-25,SEA,6,VAN,1,REG
2022020860,20222023,2023-02-14,WPG,3,SEA,2,SO
2022020953,20222023,2023-02-26,SEA,1,TOR,5,REG
2022020964,20222023,2023-02-28,STL,3,SEA,5,REG
2022021238,20222023,2023-04-04,VAN,2,SEA,5,REG
2022021293,20222023,2023-04-11,VGK,4,SEA,1,REG
2022021312,20222023,2023-04-13,SEA,1,VGK,3,REG
2022020095,20222023,2022-10-24,WPG,4,STL,0,REG
2022020235,20222023,2022-11-12,VGK,2,STL,3,REG
2022020269,20222023,2022-11-17,STL,5,WSH,4,SO
2022020328,20222023,2022-11-25,TBL,5,STL,2,REG
2022020422,20222023,2022-12-08,STL,2,WPG,5,REG
2022020509,20222023,2022-12-19,VAN,1,STL,5,REG
2022020545,20222023,2022-12-23,VGK,5,STL,4,SO
2022020553,20222023,2022-12-27,STL,4,TOR,5,OT
2022020602,20222023,2023-01-03,TOR,5,STL,6,SO
2022020688,20222023,2023-01-14,STL,2,TBL,4,REG
2022020801,20222023,2023-01-30,WPG,4,STL,2,REG
2022020926,20222023,2023-02-23,STL,2,VAN,3,OT
2022021056,20222023,2023-03-12,STL,3,VGK,5,REG
2022021093,20222023,2023-03-17,WSH,2,STL,5,REG
2022021113,20222023,2023-03-19,STL,3,WPG,0,REG
2022021181,20222023,2023-03-28,STL,6,VAN,5,OT
2022020222,20222023,2022-11-11,WSH,5,TBL,1,REG
2022020242,20222023,2022-11-13,TBL,6,WSH,3,REG
2022020385,20222023,2022-12-03,TBL,4,TOR,3,OT
2022020513,20222023,2022-12-20,TOR,4,TBL,1,REG
2022020624,20222023,2023-01-06,WPG,4,TBL,2,REG
2022020667,20222023,2023-01-12,TBL,5,VAN,4,REG
2022020715,20222023,2023-01-18,VAN,2,TBL,5,REG
2022020895,20222023,2023-02-18,VGK,5,TBL,4,REG
2022021031,20222023,2023-03-09,TBL,3,VGK,4,OT
2022021057,20222023,2023-03-12,TBL,2,WPG,3,REG
2022021194,20222023,2023-03-30,TBL,5,WSH,1,REG
2022021289,20222023,2023-04-11,TBL,3,TOR,4,REG
2022020015,20222023,2022-10-13,TOR,3,WSH,2,REG
2022020082,20222023,2022-10-22,WPG,1,TOR,4,REG
2022020096,20222023,2022-10-24,VGK,3,TOR,1,REG
2022020201,20222023,2022-11-08,TOR,3,VGK,4,OT
2022020230,20222023,2022-11-12,TOR,3,VAN,2,REG
2022020491,20222023,2022-12-17,WSH,5,TOR,2,REG
2022020723,20222023,2023-01-19,TOR,4,WPG,1,REG
2022020800,20222023,2023-01-29,TOR,5,WSH,1,REG
2022020996,20222023,2023-03-04,VAN,4,TOR,1,REG
2022020043,20222023,2022-10-17,WSH,6,VAN,4,REG
2022020300,20222023,2022-11-21,VAN,4,VGK,5,REG
2022020340,20222023,2022-11-26,VGK,1,VAN,5,REG
2022020359,20222023,2022-11-29,VAN,1,WSH,5,REG
2022020495,20222023,2022-12-17,VAN,1,WPG,5,REG
2022020570,20222023,2022-12-29,WPG,4,VAN,2,REG
2022020638,20222023,2023-01-08,WPG,7,VAN,4,REG
2022021132,20222023,2023-03-21,VAN,3,VGK,4,REG
2022020070,20222023,2022-10-20,VGK,5,WPG,2,REG
2022020143,20222023,2022-10-30,VGK,2,WPG,1,OT
2022020150,20222023,2022-11-01,WSH,2,VGK,3,OT
2022020462,20222023,2022-12-13,WPG,5,VGK,6,REG
2022020745,20222023,2023-01-21,VGK,6,WSH,2,REG
2022020446,20222023,2022-12-11,WPG,2,WSH,5,REG
2022020537,20222023,2022-12-23,WSH,4,WPG,1,REG
2023020031,20232024,2023-10-14,VGK,4,ANA,1,REG
2023020034,20232024,2023-10-15,ANA,6,CAR,3,REG
2023020059,20232024,2023-10-19,ANA,2,DAL,3,REG
2023020066,20232024,2023-10-21,ARI,2,ANA,1,REG
2023020081,20232024,2023-10-22,ANA,1,BOS,3,REG
2023020084,20232024,2023-10-24,CBJ,2,ANA,3,OT
2023020100,20232024,2023-10-26,BOS,3,ANA,4,OT
2023020117,20232024,2023-10-28,PHI,4,ANA,7,REG
2023020132,20232024,2023-10-30,PIT,3,ANA,4,REG
2023020144,20232024,2023-11-01,ANA,4,ARI,3,OT
2023020175,20232024,2023-11-05,ANA,4,VGK,2,REG
2023020187,20232024,2023-11-07,ANA,0,PIT,2,REG
2023020208,20232024,2023-11-10,ANA,3,PHI,6,REG
2023020226,20232024,2023-11-12,ANA,4,SJS,1,REG
2023020234,20232024,2023-11-14,NSH,2,ANA,3,REG
2023020240,20232024,2023-11-15,COL,8,ANA,2,REG
2023020253,20232024,2023-11-17,ANA,1,FLA,2,REG
2023020271,20232024,2023-11-19,ANA,1,STL,3,REG
2023020290,20232024,2023-11-22,ANA,3,MTL,4,REG
2023020299,20232024,2023-11-24,ANA,2,LAK,5,REG
2023020320,20232024,2023-11-26,EDM,8,ANA,2,REG
2023020336,20232024,2023-11-28,VAN,3,ANA,1,REG
2023020352,20232024,2023-11-30,ANA,4,WSH,5,REG
2023020366,20232024,2023-12-02,ANA,4,COL,3,SO
2023020386,20232024,2023-12-05,COL,3,ANA,2,REG
2023020399,20232024,2023-12-07,CHI,1,ANA,0,REG
2023020425,20232024,2023-12-10,ANA,2,WPG,4,REG
2023020444,20232024,2023-12-13,NYI,4,ANA,3,REG
2023020456,20232024,2023-12-15,NYR,5,ANA,1,REG
2023020476,20232024,2023-12-17,NJD,1,ANA,5,REG
2023020479,20232024,2023-12-18,DET,3,ANA,4,REG
2023020508,20232024,2023-12-21,ANA,0,CGY,3,REG
2023020523,20232024,2023-12-23,ANA,2,SEA,3,REG
2023020540,20232024,2023-12-27,ANA,5,VGK,2,REG
2023020553,20232024,2023-12-29,ANA,0,ARI,2,REG
2023020569,20232024,2023-12-31,ANA,2,EDM,7,REG
2023020588,20232024,2024-01-03,ANA,1,TOR,2,OT
2023020604,20232024,2024-01-05,ANA,1,WPG,3,REG
2023020620,20232024,2024-01-07,ANA,2,DET,3,REG
2023020629,20232024,2024-01-09,NSH,3,ANA,5,REG
2023020639,20232024,2024-01-11,CAR,6,ANA,3,REG
2023020661,20232024,2024-01-13,TBL,5,ANA,1,REG
2023020674,20232024,2024-01-15,FLA,4,ANA,5,OT
2023020683,20232024,2024-01-16,WSH,2,ANA,0,REG
2023020715,20232024,2024-01-20,SJS,5,ANA,3,REG
2023020722,20232024,2024-01-21,ANA,2,NYR,5,REG
2023020737,20232024,2024-01-23,ANA,4,BUF,2,REG
2023020751,20232024,2024-01-25,DAL,4,ANA,3,OT
2023020770,20232024,2024-01-27,MIN,2,ANA,3,REG
2023020780,20232024,2024-01-31,ANA,3,SJS,2,OT
2023020803,20232024,2024-02-09,ANA,3,EDM,5,REG
2023020825,20232024,2024-02-13,MTL,5,ANA,0,REG
2023020841,20232024,2024-02-15,OTT,1,ANA,5,REG
2023020858,20232024,2024-02-17,TOR,9,ANA,2,REG
2023020866,20232024,2024-02-19,BUF,3,ANA,4,REG
2023020886,20232024,2024-02-21,ANA,4,CBJ,7,REG
2023020915,20232024,2024-02-24,LAK,3,ANA,2,SO
2023020922,20232024,2024-02-25,ANA,2,NSH,4,REG
2023020952,20232024,2024-02-29,SJS,4,ANA,6,REG
2023020955,20232024,2024-03-01,ANA,4,NJD,3,REG
2023020973,20232024,2024-03-03,ANA,1,VAN,2,REG
2023020992,20232024,2024-03-06,ANA,2,OTT,1,REG
2023021007,20232024,2024-03-08,ANA,2,DAL,6,REG
2023021026,20232024,2024-03-10,ANA,1,NYI,6,REG
2023021038,20232024,2024-03-12,CHI,7,ANA,2,REG
2023021054,20232024,2024-03-14,MIN,2,ANA,0,REG
2023021057,20232024,2024-03-15,WPG,6,ANA,0,REG
2023021079,20232024,2024-03-17,STL,4,ANA,2,REG
2023021091,20232024,2024-03-19,ANA,0,MIN,4,REG
2023021105,20232024,2024-03-21,ANA,4,CHI,0,REG
2023021131,20232024,2024-03-24,ANA,2,TBL,3,OT
2023021146,20232024,2024-03-26,SEA,4,ANA,0,REG
2023021162,20232024,2024-03-28,SEA,4,ANA,2,REG
2023021167,20232024,2024-03-30,EDM,6,ANA,1,REG
2023021180,20232024,2024-03-31,VAN,3,ANA,2,REG
2023021195,20232024,2024-04-02,CGY,3,ANA,5,REG
2023021215,20232024,2024-04-05,ANA,1,SEA,3,REG
2023021235,20232024,2024-04-07,ANA,5,STL,6,SO
2023021249,20232024,2024-04-09,ANA,3,LAK,1,REG
2023021268,20232024,2024-04-12,ANA,3,CGY,6,REG
2023021281,20232024,2024-04-13,LAK,3,ANA,1,REG
2023021311,20232024,2024-04-18,VGK,1,ANA,4,REG
2023020017,20232024,2023-10-13,NJD,3,ARI,4,SO
2023020037,20232024,2023-10-16,NYR,2,ARI,1,REG
2023020043,20232024,2023-10-17,NYI,1,ARI,0,REG
2023020057,20232024,2023-10-19,STL,2,ARI,6,REG
2023020097,20232024,2023-10-24,LAK,6,ARI,3,REG
2023020115,20232024,2023-10-27,ARI,4,LAK,5,REG
2023020137,20232024,2023-10-30,ARI,8,CHI,1,REG
2023020153,20232024,2023-11-02,ARI,3,MTL,2,REG
2023020160,20232024,2023-11-04,ARI,3,WPG,5,REG
2023020185,20232024,2023-11-07,ARI,4,SEA,3,SO
2023020199,20232024,2023-11-09,STL,2,ARI,1,REG
2023020218,20232024,2023-11-11,NSH,5,ARI,7,REG
2023020233,20232024,2023-11-14,DAL,4,ARI,3,OT
2023020243,20232024,2023-11-16,CBJ,2,ARI,3,REG
2023020262,20232024,2023-11-18,WPG,5,ARI,2,REG
2023020276,20232024,2023-11-20,ARI,1,LAK,4,REG
2023020287,20232024,2023-11-22,ARI,5,STL,6,REG
2023020315,20232024,2023-11-25,VGK,0,ARI,2,REG
2023020334,20232024,2023-11-28,ARI,3,TBL,1,REG
2023020350,20232024,2023-11-30,ARI,4,COL,3,OT
2023020365,20232024,2023-12-02,ARI,4,STL,1,REG
2023020378,20232024,2023-12-04,ARI,6,WSH,0,REG
2023020400,20232024,2023-12-07,ARI,1,PHI,4,REG
2023020408,20232024,2023-12-09,BOS,5,ARI,3,REG
2023020428,20232024,2023-12-11,BUF,5,ARI,2,REG
2023020434,20232024,2023-12-12,PIT,4,ARI,2,REG
2023020459,20232024,2023-12-15,ARI,1,SJS,0,REG
2023020470,20232024,2023-12-16,ARI,2,BUF,0,REG
2023020493,20232024,2023-12-19,ARI,4,OTT,3,REG
2023020509,20232024,2023-12-21,SJS,2,ARI,5,REG
2023020525,20232024,2023-12-23,COL,4,ARI,1,REG
2023020537,20232024,2023-12-27,ARI,5,COL,4,OT
2023020581,20232024,2024-01-02,ARI,1,FLA,4,REG
2023020597,20232024,2024-01-04,ARI,1,NYI,5,REG
2023020619,20232024,2024-01-07,ARI,2,WPG,6,REG
2023020633,20232024,2024-01-09,ARI,4,BOS,3,OT
2023020649,20232024,2024-01-11,ARI,2,CGY,6,REG
2023020665,20232024,2024-01-13,MIN,0,ARI,6,REG
2023020687,20232024,2024-01-16,CGY,3,ARI,2,OT
2023020700,20232024,2024-01-18,VAN,2,ARI,1,REG
2023020708,20232024,2024-01-20,ARI,3,NSH,2,REG
2023020727,20232024,2024-01-22,ARI,5,PIT,2,REG
2023020739,20232024,2024-01-24,FLA,6,ARI,2,REG
2023020750,20232024,2024-01-25,TBL,6,ARI,3,REG
2023020763,20232024,2024-01-27,CAR,3,ARI,1,REG
2023020800,20232024,2024-02-08,ARI,2,VGK,3,REG
2023020815,20232024,2024-02-10,NSH,5,ARI,4,OT
2023020821,20232024,2024-02-12,PHI,5,ARI,3,REG
2023020836,20232024,2024-02-14,ARI,1,MIN,3,REG
2023020849,20232024,2024-02-16,ARI,1,CAR,5,REG
2023020864,20232024,2024-02-18,COL,4,ARI,3,REG
2023020871,20232024,2024-02-19,ARI,3,EDM,6,REG
2023020887,20232024,2024-02-21,ARI,3,TOR,6,REG
2023020921,20232024,2024-02-25,WPG,4,ARI,3,OT
2023020929,20232024,2024-02-27,MTL,4,ARI,2,REG
2023020946,20232024,2024-02-29,TOR,4,ARI,2,REG
2023020953,20232024,2024-03-01,OTT,3,ARI,5,REG
2023020969,20232024,2024-03-03,WSH,2,ARI,5,REG
2023020987,20232024,2024-03-05,ARI,2,CHI,5,REG
2023021001,20232024,2024-03-07,ARI,2,MIN,5,REG
2023021005,20232024,2024-03-08,ARI,4,DET,0,REG
2023021025,20232024,2024-03-10,CHI,7,ARI,4,REG
2023021037,20232024,2024-03-12,MIN,4,ARI,1,REG
2023021048,20232024,2024-03-14,DET,1,ARI,4,REG
2023021062,20232024,2024-03-16,ARI,4,NJD,1,REG
2023021096,20232024,2024-03-20,DAL,5,ARI,2,REG
2023021112,20232024,2024-03-22,ARI,2,SEA,1,OT
2023021130,20232024,2024-03-24,ARI,2,DAL,4,REG
2023021145,20232024,2024-03-26,ARI,6,CBJ,2,REG
2023021161,20232024,2024-03-28,ARI,8,NSH,4,REG
2023021168,20232024,2024-03-30,ARI,5,NYR,8,REG
2023021200,20232024,2024-04-03,ARI,1,VAN,2,REG
2023021216,20232024,2024-04-05,ARI,7,VGK,4,REG
2023021231,20232024,2024-04-07,SJS,2,ARI,5,REG
2023021250,20232024,2024-04-09,SEA,5,ARI,0,REG
2023021254,20232024,2024-04-10,VAN,3,ARI,4,OT
2023021267,20232024,2024-04-12,EDM,2,ARI,3,OT
2023021286,20232024,2024-04-14,CGY,6,ARI,5,REG
2023021306,20232024,2024-04-17,ARI,5,EDM,2,REG
2023020006,20232024,2023-10-11,BOS,3,CHI,1,REG
2023020021,20232024,2023-10-14,BOS,3,NSH,2,REG
2023020062,20232024,2023-10-19,SJS,1,BOS,3,REG
2023020079,20232024,2023-10-21,LAK,2,BOS,4,REG
2023020092,20232024,2023-10-24,CHI,0,BOS,3,REG
2023020119,20232024,2023-10-28,BOS,4,DET,1,REG
2023020130,20232024,2023-10-30,BOS,3,FLA,2,OT
2023020145,20232024,2023-11-02,BOS,3,TOR,2,SO
2023020161,20232024,2023-11-04,DET,5,BOS,4,REG
2023020178,20232024,2023-11-06,DAL,2,BOS,3,REG
2023020193,20232024,2023-11-09,BOS,5,NYI,2,REG
2023020212,20232024,2023-11-11,MTL,3,BOS,2,OT
2023020229,20232024,2023-11-14,BUF,2,BOS,5,REG
2023020258,20232024,2023-11-18,BOS,5,MTL,2,REG
2023020273,20232024,2023-11-20,TBL,5,BOS,4,OT
2023020282,20232024,2023-11-22,FLA,1,BOS,3,REG
2023020293,20232024,2023-11-24,BOS,2,DET,5,REG
2023020308,20232024,2023-11-25,NYR,7,BOS,4,REG
2023020321,20232024,2023-11-27,CBJ,5,BOS,2,REG
2023020340,20232024,2023-11-30,BOS,3,SJS,0,REG
2023020364,20232024,2023-12-02,TOR,3,BOS,4,OT
2023020371,20232024,2023-12-03,BOS,3,CBJ,1,REG
2023020392,20232024,2023-12-07,BOS,1,BUF,3,REG
2023020443,20232024,2023-12-13,NJD,2,BOS,1,OT
2023020457,20232024,2023-12-15,NYI,4,BOS,5,SO
2023020462,20232024,2023-12-16,BOS,1,NYR,2,OT
2023020484,20232024,2023-12-19,BOS,3,MIN,4,OT
2023020512,20232024,2023-12-22,WPG,5,BOS,1,REG
2023020518,20232024,2023-12-23,MIN,3,BOS,2,REG
2023020532,20232024,2023-12-27,BUF,1,BOS,4,REG
2023020557,20232024,2023-12-30,BOS,5,NJD,2,REG
2023020565,20232024,2023-12-31,DET,3,BOS,5,REG
2023020574,20232024,2024-01-02,CBJ,1,BOS,4,REG
2023020589,20232024,2024-01-04,BOS,5,PIT,6,REG
2023020607,20232024,2024-01-06,BOS,7,TBL,3,REG
2023020624,20232024,2024-01-08,COL,4,BOS,3,SO
2023020650,20232024,2024-01-11,VGK,2,BOS,1,OT
2023020667,20232024,2024-01-13,STL,3,BOS,4,OT
2023020671,20232024,2024-01-15,BOS,3,NJD,0,REG
2023020692,20232024,2024-01-18,BOS,5,COL,2,REG
2023020710,20232024,2024-01-20,BOS,9,MTL,4,REG
2023020724,20232024,2024-01-22,BOS,4,WPG,1,REG
2023020741,20232024,2024-01-24,BOS,2,CAR,3,REG
2023020749,20232024,2024-01-25,OTT,2,BOS,3,OT
2023020759,20232024,2024-01-27,PHI,2,BOS,6,REG
2023020783,20232024,2024-02-06,BOS,1,CGY,4,REG
2023020794,20232024,2024-02-08,BOS,4,VAN,0,REG
2023020808,20232024,2024-02-10,BOS,0,WSH,3,REG
2023020823,20232024,2024-02-13,BOS,2,TBL,3,SO
2023020837,20232024,2024-02-15,BOS,1,SEA,4,REG
2023020853,20232024,2024-02-17,BOS,4,LAK,5,OT
2023020867,20232024,2024-02-19,BOS,4,DAL,3,SO
2023020888,20232024,2024-02-21,EDM,5,BOS,6,OT
2023020896,20232024,2024-02-22,CGY,3,BOS,2,OT
2023020911,20232024,2024-02-24,VAN,3,BOS,2,OT
2023020926,20232024,2024-02-26,SEA,4,BOS,3,SO
2023020941,20232024,2024-02-29,BOS,5,VGK,4,REG
2023020957,20232024,2024-03-02,NYI,5,BOS,1,REG
2023020978,20232024,2024-03-04,TOR,1,BOS,4,REG
2023020981,20232024,2024-03-05,BOS,1,EDM,2,OT
2023020993,20232024,2024-03-07,BOS,4,TOR,1,REG
2023021012,20232024,2024-03-09,BOS,5,PIT,1,REG
2023021027,20232024,2024-03-11,BOS,1,STL,5,REG
2023021049,20232024,2024-03-14,MTL,1,BOS,2,OT
2023021064,20232024,2024-03-16,BOS,6,PHI,5,REG
2023021082,20232024,2024-03-19,BOS,6,OTT,2,REG
2023021098,20232024,2024-03-21,BOS,2,NYR,5,REG
2023021114,20232024,2024-03-23,PHI,3,BOS,2,REG
2023021136,20232024,2024-03-26,FLA,3,BOS,4,REG
2023021149,20232024,2024-03-27,TBL,3,BOS,1,REG
2023021176,20232024,2024-03-30,WSH,2,BOS,3,SO
2023021194,20232024,2024-04-02,NSH,0,BOS,3,REG
2023021202,20232024,2024-04-04,CAR,1,BOS,4,REG
2023021218,20232024,2024-04-06,BOS,3,FLA,2,OT
2023021239,20232024,2024-04-09,BOS,1,CAR,4,REG
2023021279,20232024,2024-04-13,PIT,4,BOS,6,REG
2023021291,20232024,2024-04-15,WSH,2,BOS,0,REG
2023021295,20232024,2024-04-16,BOS,1,OTT,3,REG
2023020010,20232024,2023-10-12,BUF,1,NYR,5,REG
2023020027,20232024,2023-10-14,NYI,3,BUF,2,REG
2023020040,20232024,2023-10-17,BUF,3,TBL,2,OT
2023020051,20232024,2023-10-19,BUF,3,CGY,4,REG
2023020067,20232024,2023-10-21,BUF,3,NYI,1,REG
2023020082,20232024,2023-10-23,BUF,1,MTL,3,REG
2023020085,20232024,2023-10-24,OTT,4,BUF,6,REG
2023020113,20232024,2023-10-27,NJD,5,BUF,4,REG
2023020126,20232024,2023-10-29,BUF,4,COL,0,REG
2023020141,20232024,2023-11-01,PHI,2,BUF,5,REG
2023020157,20232024,2023-11-03,BUF,1,PHI,5,REG
2023020165,20232024,2023-11-04,TOR,4,BUF,6,REG
2023020180,20232024,2023-11-07,CAR,3,BUF,2,OT
2023020204,20232024,2023-11-10,BUF,3,MIN,2,REG
2023020217,20232024,2023-11-11,PIT,4,BUF,0,REG
2023020252,20232024,2023-11-17,WPG,3,BUF,2,REG
2023020270,20232024,2023-11-19,CHI,2,BUF,3,REG
2023020285,20232024,2023-11-22,WSH,4,BUF,3,OT
2023020301,20232024,2023-11-24,BUF,3,PIT,2,REG
2023020310,20232024,2023-11-25,NJD,7,BUF,2,REG
2023020322,20232024,2023-11-27,NYR,1,BUF,5,REG
2023020348,20232024,2023-11-30,STL,6,BUF,4,REG
2023020360,20232024,2023-12-02,CAR,6,BUF,2,REG
2023020372,20232024,2023-12-03,BUF,1,NSH,2,REG
2023020380,20232024,2023-12-05,BUF,3,DET,5,REG
2023020411,20232024,2023-12-09,BUF,2,MTL,3,SO
2023020445,20232024,2023-12-13,COL,5,BUF,1,REG
2023020460,20232024,2023-12-15,VGK,2,BUF,5,REG
2023020485,20232024,2023-12-19,BUF,4,CBJ,9,REG
2023020498,20232024,2023-12-21,BUF,9,TOR,3,REG
2023020522,20232024,2023-12-23,NYR,4,BUF,3,OT
2023020556,20232024,2023-12-30,BUF,3,CBJ,2,OT
2023020566,20232024,2023-12-31,OTT,5,BUF,1,REG
2023020590,20232024,2024-01-04,MTL,1,BUF,6,REG
2023020612,20232024,2024-01-06,PIT,1,BUF,3,REG
2023020625,20232024,2024-01-09,BUF,2,SEA,5,REG
2023020638,20232024,2024-01-11,BUF,5,OTT,3,REG
2023020654,20232024,2024-01-13,BUF,0,VAN,1,REG
2023020672,20232024,2024-01-15,BUF,3,SJS,0,REG
2023020691,20232024,2024-01-18,BUF,3,CHI,0,REG
2023020706,20232024,2024-01-20,BUF,1,TBL,3,REG
2023020745,20232024,2024-01-24,LAK,3,BUF,5,REG
2023020762,20232024,2024-01-27,SJS,2,BUF,5,REG
2023020784,20232024,2024-02-06,BUF,1,DAL,2,REG
2023020804,20232024,2024-02-10,BUF,1,STL,3,REG
2023020824,20232024,2024-02-13,BUF,7,LAK,0,REG
2023020838,20232024,2024-02-15,BUF,0,FLA,4,REG
2023020854,20232024,2024-02-17,MIN,2,BUF,3,OT
2023020884,20232024,2024-02-21,MTL,2,BUF,3,REG
2023020900,20232024,2024-02-23,CBJ,1,BUF,2,REG
2023020918,20232024,2024-02-25,BUF,3,CAR,2,SO
2023020928,20232024,2024-02-27,FLA,3,BUF,2,REG
2023020945,20232024,2024-02-29,TBL,2,BUF,3,OT
2023020960,20232024,2024-03-02,BUF,7,VGK,2,REG
2023020971,20232024,2024-03-03,BUF,2,WPG,5,REG
2023020990,20232024,2024-03-06,TOR,2,BUF,1,OT
2023021000,20232024,2024-03-07,NSH,4,BUF,2,REG
2023021009,20232024,2024-03-09,BUF,3,EDM,2,SO
2023021031,20232024,2024-03-12,BUF,7,DET,3,REG
2023021045,20232024,2024-03-14,BUF,4,NYI,0,REG
2023021059,20232024,2024-03-16,DET,4,BUF,1,REG
2023021081,20232024,2024-03-18,SEA,2,BUF,6,REG
2023021093,20232024,2024-03-19,VAN,3,BUF,2,REG
2023021104,20232024,2024-03-21,EDM,8,BUF,3,REG
2023021132,20232024,2024-03-24,CGY,1,BUF,4,REG
2023021148,20232024,2024-03-27,BUF,2,OTT,6,REG
2023021164,20232024,2024-03-29,BUF,5,NJD,2,REG
2023021170,20232024,2024-03-30,BUF,0,TOR,3,REG
2023021189,20232024,2024-04-02,BUF,6,WSH,2,REG
2023021211,20232024,2024-04-05,BUF,4,PHI,2,REG
2023021228,20232024,2024-04-07,DET,3,BUF,1,REG
2023021246,20232024,2024-04-09,DAL,3,BUF,2,REG
2023021255,20232024,2024-04-11,BUF,4,WSH,2,REG
2023021273,20232024,2024-04-13,FLA,3,BUF,2,OT
2023021290,20232024,2024-04-15,TBL,2,BUF,4,REG
2023020007,20232024,2023-10-11,CGY,5,WPG,3,REG
2023020025,20232024,2023-10-14,PIT,5,CGY,2,REG
2023020039,20232024,2023-10-16,WSH,3,CGY,2,SO
2023020063,20232024,2023-10-20,CBJ,3,CGY,1,REG
2023020080,20232024,2023-10-22,DET,6,CGY,2,REG
2023020096,20232024,2023-10-24,CGY,1,NYR,3,REG
2023020109,20232024,2023-10-26,CGY,0,STL,3,REG
2023020129,20232024,2023-10-29,EDM,5,CGY,2,REG
2023020142,20232024,2023-11-01,CGY,3,DAL,4,REG
2023020170,20232024,2023-11-04,SEA,3,CGY,6,REG
2023020186,20232024,2023-11-07,CGY,4,NSH,2,REG
2023020207,20232024,2023-11-10,TOR,5,CGY,4,SO
2023020213,20232024,2023-11-11,OTT,4,CGY,1,REG
2023020231,20232024,2023-11-14,MTL,1,CGY,2,REG
2023020247,20232024,2023-11-16,CGY,5,VAN,2,REG
2023020260,20232024,2023-11-18,CGY,4,NYI,5,SO
2023020277,20232024,2023-11-20,SEA,3,CGY,4,OT
2023020288,20232024,2023-11-22,NSH,4,CGY,2,REG
2023020305,20232024,2023-11-24,DAL,4,CGY,7,REG
2023020313,20232024,2023-11-25,COL,3,CGY,1,REG
2023020325,20232024,2023-11-27,CGY,2,VGK,1,OT
2023020351,20232024,2023-11-30,CGY,4,DAL,3,OT
2023020367,20232024,2023-12-02,CGY,3,VAN,4,REG
2023020385,20232024,2023-12-05,CGY,2,MIN,5,REG
2023020401,20232024,2023-12-07,CGY,3,CAR,2,REG
2023020409,20232024,2023-12-09,CGY,2,NJD,4,REG
2023020431,20232024,2023-12-11,COL,6,CGY,5,REG
2023020440,20232024,2023-12-12,VGK,5,CGY,4,OT
2023020450,20232024,2023-12-14,MIN,3,CGY,2,SO
2023020471,20232024,2023-12-16,CGY,4,TBL,2,REG
2023020483,20232024,2023-12-18,CGY,3,FLA,1,REG
2023020526,20232024,2023-12-23,LAK,5,CGY,3,REG
2023020539,20232024,2023-12-27,CGY,1,SEA,2,REG
2023020570,20232024,2023-12-31,CGY,4,PHI,3,REG
2023020578,20232024,2024-01-02,MIN,1,CGY,3,REG
2023020595,20232024,2024-01-04,NSH,3,CGY,6,REG
2023020605,20232024,2024-01-06,PHI,3,CGY,2,REG
2023020617,20232024,2024-01-07,CHI,4,CGY,3,REG
2023020634,20232024,2024-01-09,CGY,6,OTT,3,REG
2023020668,20232024,2024-01-13,VGK,1,CGY,3,REG
2023020697,20232024,2024-01-18,CGY,3,TOR,4,REG
2023020714,20232024,2024-01-20,CGY,1,EDM,3,REG
2023020735,20232024,2024-01-23,CGY,3,STL,4,REG
2023020753,20232024,2024-01-25,CGY,2,CBJ,5,REG
2023020771,20232024,2024-01-27,CGY,1,CHI,0,REG
2023020796,20232024,2024-02-08,NJD,3,CGY,5,REG
2023020807,20232024,2024-02-10,NYI,2,CGY,5,REG
2023020820,20232024,2024-02-12,NYR,2,CGY,0,REG
2023020846,20232024,2024-02-15,CGY,3,SJS,6,REG
2023020852,20232024,2024-02-17,CGY,0,DET,5,REG
2023020872,20232024,2024-02-19,CGY,6,WPG,3,REG
2023020912,20232024,2024-02-24,EDM,3,CGY,6,REG
2023020935,20232024,2024-02-27,CGY,4,LAK,2,REG
2023020968,20232024,2024-03-02,CGY,4,PIT,3,REG
2023020980,20232024,2024-03-04,CGY,2,SEA,4,REG
2023020999,20232024,2024-03-07,TBL,3,CGY,6,REG
2023021013,20232024,2024-03-09,FLA,5,CGY,1,REG
2023021024,20232024,2024-03-10,CAR,7,CGY,2,REG
2023021039,20232024,2024-03-12,CGY,2,COL,6,REG
2023021055,20232024,2024-03-14,CGY,4,VGK,1,REG
2023021066,20232024,2024-03-16,CGY,5,MTL,2,REG
2023021080,20232024,2024-03-18,CGY,2,WSH,5,REG
2023021120,20232024,2024-03-23,VAN,4,CGY,2,REG
2023021143,20232024,2024-03-26,CHI,3,CGY,1,REG
2023021157,20232024,2024-03-28,STL,5,CGY,3,REG
2023021178,20232024,2024-03-30,CGY,4,LAK,2,REG
2023021209,20232024,2024-04-04,WPG,5,CGY,2,REG
2023021226,20232024,2024-04-06,CGY,2,EDM,4,REG
2023021251,20232024,2024-04-09,SJS,2,CGY,3,OT
2023021264,20232024,2024-04-11,LAK,4,CGY,1,REG
2023021302,20232024,2024-04-16,VAN,4,CGY,1,REG
2023021309,20232024,2024-04-18,CGY,5,SJS,1,REG
2023020004,20232024,2023-10-11,CAR,5,OTT,3,REG
2023020032,20232024,2023-10-14,LAK,5,CAR,6,SO
2023020047,20232024,2023-10-17,SJS,3,CAR,6,REG
2023020060,20232024,2023-10-19,SEA,7,CAR,4,REG
2023020076,20232024,2023-10-21,COL,6,CAR,4,REG
2023020086,20232024,2023-10-24,TBL,3,CAR,0,REG
2023020101,20232024,2023-10-26,CAR,3,SEA,2,OT
2023020112,20232024,2023-10-27,CAR,3,SJS,0,REG
2023020131,20232024,2023-10-30,PHI,2,CAR,3,REG
2023020148,20232024,2023-11-02,NYR,2,CAR,1,REG
2023020167,20232024,2023-11-04,NYI,3,CAR,4,OT
2023020205,20232024,2023-11-10,FLA,5,CAR,2,REG
2023020214,20232024,2023-11-11,TBL,0,CAR,4,REG
2023020238,20232024,2023-11-15,CAR,1,PHI,3,REG
2023020259,20232024,2023-11-18,CAR,4,PIT,2,REG
2023020279,20232024,2023-11-22,CAR,6,EDM,3,REG
2023020303,20232024,2023-11-24,CAR,2,TBL,8,REG
2023020318,20232024,2023-11-26,CAR,3,CBJ,2,REG
2023020328,20232024,2023-11-28,PHI,1,CAR,4,REG
2023020341,20232024,2023-11-30,CAR,4,NYI,5,OT
2023020377,20232024,2023-12-04,WPG,2,CAR,1,REG
2023020391,20232024,2023-12-06,EDM,6,CAR,1,REG
2023020419,20232024,2023-12-09,VAN,4,CAR,3,REG
2023020433,20232024,2023-12-12,OTT,1,CAR,4,REG
2023020447,20232024,2023-12-14,DET,1,CAR,2,REG
2023020455,20232024,2023-12-15,CAR,5,NSH,6,OT
2023020475,20232024,2023-12-17,CAR,1,WSH,2,SO
2023020486,20232024,2023-12-19,CAR,6,VGK,3,REG
2023020503,20232024,2023-12-21,PIT,2,CAR,1,SO
2023020516,20232024,2023-12-23,CAR,4,NYI,5,REG
2023020535,20232024,2023-12-27,NSH,2,CAR,5,REG
2023020542,20232024,2023-12-28,CAR,5,MTL,3,REG
2023020561,20232024,2023-12-30,TOR,2,CAR,3,REG
2023020575,20232024,2024-01-02,NYR,1,CAR,6,REG
2023020603,20232024,2024-01-05,WSH,2,CAR,6,REG
2023020608,20232024,2024-01-06,CAR,1,STL,2,SO
2023020657,20232024,2024-01-13,CAR,3,PIT,2,OT
2023020675,20232024,2024-01-15,CAR,2,LAK,5,REG
2023020702,20232024,2024-01-19,CAR,4,DET,2,REG
2023020719,20232024,2024-01-21,CAR,2,MIN,5,REG
2023020746,20232024,2024-01-25,CAR,3,NJD,2,REG
2023020785,20232024,2024-02-06,CAR,2,VAN,3,REG
2023020799,20232024,2024-02-08,CAR,5,COL,2,REG
2023020810,20232024,2024-02-10,CAR,1,NJD,0,OT
2023020830,20232024,2024-02-13,DAL,4,CAR,2,REG
2023020862,20232024,2024-02-17,VGK,1,CAR,3,REG
2023020874,20232024,2024-02-19,CAR,6,CHI,3,REG
2023020889,20232024,2024-02-22,CAR,1,FLA,0,REG
2023020907,20232024,2024-02-24,CAR,1,DAL,2,REG
2023020932,20232024,2024-02-27,MIN,2,CAR,3,REG
2023020942,20232024,2024-02-29,CBJ,2,CAR,4,REG
2023020956,20232024,2024-03-02,CAR,3,WPG,5,REG
2023020994,20232024,2024-03-07,CAR,4,MTL,1,REG
2023021011,20232024,2024-03-09,NJD,2,CAR,4,REG
2023021032,20232024,2024-03-12,CAR,0,NYR,1,REG
2023021046,20232024,2024-03-14,CAR,4,FLA,0,REG
2023021067,20232024,2024-03-16,TOR,4,CAR,5,SO
2023021077,20232024,2024-03-17,OTT,2,CAR,7,REG
2023021087,20232024,2024-03-19,NYI,1,CAR,4,REG
2023021099,20232024,2024-03-21,CAR,3,PHI,2,OT
2023021109,20232024,2024-03-22,WSH,7,CAR,6,SO
2023021127,20232024,2024-03-24,CAR,2,TOR,1,REG
2023021138,20232024,2024-03-26,PIT,4,CAR,1,REG
2023021150,20232024,2024-03-28,CAR,4,DET,0,REG
2023021172,20232024,2024-03-30,MTL,0,CAR,3,REG
2023021212,20232024,2024-04-05,CAR,4,WSH,2,REG
2023021230,20232024,2024-04-07,CAR,3,CBJ,0,REG
2023021265,20232024,2024-04-12,STL,2,CAR,5,REG
2023021285,20232024,2024-04-14,CHI,2,CAR,4,REG
2023021296,20232024,2024-04-16,CBJ,6,CAR,3,REG
2023020002,20232024,2023-10-10,PIT,2,CHI,4,REG
2023020024,20232024,2023-10-14,MTL,3,CHI,2,REG
2023020038,20232024,2023-10-16,TOR,1,CHI,4,REG
2023020061,20232024,2023-10-19,COL,4,CHI,0,REG
2023020071,20232024,2023-10-21,CHI,3,VGK,5,REG
2023020111,20232024,2023-10-27,VGK,3,CHI,4,OT
2023020168,20232024,2023-11-04,CHI,5,FLA,2,REG
2023020174,20232024,2023-11-05,CHI,2,NJD,4,REG
2023020198,20232024,2023-11-09,TBL,3,CHI,5,REG
2023020222,20232024,2023-11-12,FLA,4,CHI,3,REG
2023020246,20232024,2023-11-16,CHI,2,TBL,4,REG
2023020256,20232024,2023-11-18,NSH,4,CHI,2,REG
2023020280,20232024,2023-11-22,CBJ,7,CHI,3,REG
2023020295,20232024,2023-11-24,CHI,4,TOR,3,OT
2023020317,20232024,2023-11-26,CHI,2,STL,4,REG
2023020333,20232024,2023-11-28,CHI,4,SEA,3,REG
2023020342,20232024,2023-11-30,DET,5,CHI,1,REG
2023020357,20232024,2023-12-02,WPG,3,CHI,1,REG
2023020369,20232024,2023-12-03,MIN,4,CHI,1,REG
2023020384,20232024,2023-12-05,CHI,3,NSH,4,SO
2023020416,20232024,2023-12-09,CHI,3,STL,1,REG
2023020422,20232024,2023-12-10,CHI,2,WSH,4,REG
2023020437,20232024,2023-12-12,EDM,4,CHI,1,REG
2023020453,20232024,2023-12-14,SEA,7,CHI,1,REG
2023020474,20232024,2023-12-17,CHI,3,VAN,4,REG
2023020492,20232024,2023-12-19,CHI,3,COL,2,REG
2023020513,20232024,2023-12-22,CHI,2,MTL,5,REG
2023020524,20232024,2023-12-23,STL,7,CHI,5,REG
2023020538,20232024,2023-12-27,CHI,2,WPG,1,OT
2023020551,20232024,2023-12-29,DAL,5,CHI,4,OT
2023020572,20232024,2023-12-31,DAL,8,CHI,1,REG
2023020579,20232024,2024-01-02,NSH,3,CHI,0,REG
2023020591,20232024,2024-01-04,NYR,4,CHI,1,REG
2023020602,20232024,2024-01-05,NJD,4,CHI,2,REG
2023020632,20232024,2024-01-09,CHI,1,EDM,2,REG
2023020648,20232024,2024-01-11,WPG,2,CHI,1,REG
2023020664,20232024,2024-01-13,CHI,1,DAL,3,REG
2023020686,20232024,2024-01-16,CHI,2,SJS,1,SO
2023020705,20232024,2024-01-19,CHI,4,NYI,3,OT
2023020728,20232024,2024-01-22,VAN,2,CHI,0,REG
2023020743,20232024,2024-01-24,SEA,6,CHI,2,REG
2023020754,20232024,2024-01-25,EDM,3,CHI,0,REG
2023020793,20232024,2024-02-07,CHI,1,MIN,2,REG
2023020802,20232024,2024-02-09,CHI,3,NYR,4,OT
2023020832,20232024,2024-02-13,CHI,2,VAN,4,REG
2023020845,20232024,2024-02-15,CHI,1,PIT,4,REG
2023020851,20232024,2024-02-17,CHI,3,OTT,2,REG
2023020885,20232024,2024-02-21,CHI,1,PHI,3,REG
2023020901,20232024,2024-02-23,CHI,2,WPG,3,OT
2023020920,20232024,2024-02-25,CHI,2,DET,3,OT
2023020949,20232024,2024-02-29,CHI,0,COL,5,REG
2023020965,20232024,2024-03-02,CHI,2,CBJ,5,REG
2023020979,20232024,2024-03-04,COL,5,CHI,0,REG
2023021017,20232024,2024-03-09,WSH,4,CHI,1,REG
2023021058,20232024,2024-03-15,CHI,0,LAK,5,REG
2023021076,20232024,2024-03-17,CHI,5,SJS,2,REG
2023021092,20232024,2024-03-19,LAK,6,CHI,2,REG
2023021122,20232024,2024-03-23,SJS,4,CHI,5,OT
2023021153,20232024,2024-03-28,OTT,2,CHI,0,REG
2023021173,20232024,2024-03-30,PHI,1,CHI,5,REG
2023021192,20232024,2024-04-02,NYI,2,CHI,1,REG
2023021220,20232024,2024-04-06,CHI,3,DAL,2,REG
2023021229,20232024,2024-04-07,CHI,0,MIN,4,REG
2023021252,20232024,2024-04-10,STL,5,CHI,2,REG
2023021266,20232024,2024-04-12,CHI,1,NSH,5,REG
2023021301,20232024,2024-04-16,VGK,3,CHI,1,REG
2023021312,20232024,2024-04-18,LAK,5,CHI,4,OT
2023020008,20232024,2023-10-11,LAK,2,COL,5,REG
2023020030,20232024,2023-10-14,SJS,1,COL,2,SO
2023020046,20232024,2023-10-17,SEA,1,COL,4,REG
2023020090,20232024,2023-10-24,NYI,4,COL,7,REG
2023020105,20232024,2023-10-26,PIT,4,COL,0,REG
2023020143,20232024,2023-11-01,COL,4,STL,1,REG
2023020173,20232024,2023-11-04,VGK,7,COL,0,REG
2023020188,20232024,2023-11-07,COL,6,NJD,3,REG
2023020201,20232024,2023-11-09,COL,3,SEA,4,REG
2023020219,20232024,2023-11-11,COL,2,STL,8,REG
2023020228,20232024,2023-11-13,SEA,1,COL,5,REG
2023020264,20232024,2023-11-18,DAL,3,COL,6,REG
2023020275,20232024,2023-11-20,NSH,4,COL,3,REG
2023020291,20232024,2023-11-22,COL,5,VAN,2,REG
2023020306,20232024,2023-11-24,MIN,2,COL,3,REG
2023020324,20232024,2023-11-27,COL,4,TBL,1,REG
2023020373,20232024,2023-12-03,LAK,4,COL,1,REG
2023020402,20232024,2023-12-07,COL,2,WPG,4,REG
2023020417,20232024,2023-12-09,COL,2,PHI,5,REG
2023020467,20232024,2023-12-16,WPG,6,COL,2,REG
2023020477,20232024,2023-12-17,COL,6,SJS,2,REG
2023020507,20232024,2023-12-21,COL,6,OTT,4,REG
2023020552,20232024,2023-12-29,STL,1,COL,2,REG
2023020571,20232024,2023-12-31,COL,3,SJS,1,REG
2023020582,20232024,2024-01-02,COL,5,NYI,4,OT
2023020593,20232024,2024-01-04,DAL,4,COL,5,OT
2023020606,20232024,2024-01-06,COL,4,FLA,8,REG
2023020637,20232024,2024-01-10,COL,3,VGK,0,REG
2023020662,20232024,2024-01-13,TOR,3,COL,5,REG
2023020678,20232024,2024-01-15,MTL,4,COL,3,REG
2023020682,20232024,2024-01-16,OTT,4,COL,7,REG
2023020707,20232024,2024-01-20,PHI,4,COL,7,REG
2023020742,20232024,2024-01-24,COL,6,WSH,2,REG
2023020757,20232024,2024-01-26,COL,5,LAK,1,REG
2023020781,20232024,2024-02-05,NYR,2,COL,1,OT
2023020787,20232024,2024-02-06,NJD,5,COL,3,REG
2023020809,20232024,2024-02-10,FLA,4,COL,0,REG
2023020828,20232024,2024-02-13,WSH,3,COL,6,REG
2023020842,20232024,2024-02-15,TBL,6,COL,3,REG
2023020881,20232024,2024-02-20,COL,3,VAN,1,REG
2023020890,20232024,2024-02-22,DET,2,COL,1,OT
2023020908,20232024,2024-02-24,COL,3,TOR,4,REG
2023020936,20232024,2024-02-27,COL,5,DAL,1,REG
2023020959,20232024,2024-03-02,NSH,5,COL,1,REG
2023020991,20232024,2024-03-06,COL,7,DET,2,REG
2023021006,20232024,2024-03-08,COL,2,MIN,1,OT
2023021044,20232024,2024-03-13,VAN,3,COL,4,OT
2023021070,20232024,2024-03-16,EDM,2,COL,3,OT
2023021089,20232024,2024-03-19,STL,3,COL,4,REG
2023021111,20232024,2024-03-22,COL,6,CBJ,1,REG
2023021125,20232024,2024-03-24,COL,5,PIT,4,OT
2023021144,20232024,2024-03-26,COL,1,MTL,2,REG
2023021159,20232024,2024-03-28,COL,2,NYR,3,SO
2023021169,20232024,2024-03-30,COL,7,NSH,4,REG
2023021181,20232024,2024-04-01,CBJ,4,COL,1,REG
2023021207,20232024,2024-04-04,MIN,2,COL,5,REG
2023021214,20232024,2024-04-05,EDM,6,COL,2,REG
2023021236,20232024,2024-04-07,COL,4,DAL,7,REG
2023021248,20232024,2024-04-09,COL,5,MIN,2,REG
2023021272,20232024,2024-04-13,COL,0,WPG,7,REG
2023021284,20232024,2024-04-14,VGK,4,COL,3,OT
2023021310,20232024,2024-04-18,COL,5,EDM,1,REG
2023020011,20232024,2023-10-12,CBJ,2,PHI,4,REG
2023020022,20232024,2023-10-14,CBJ,5,NYR,3,REG
2023020035,20232024,2023-10-16,CBJ,0,DET,4,REG
2023020073,20232024,2023-10-21,MIN,4,CBJ,5,OT
2023020103,20232024,2023-10-26,MTL,4,CBJ,3,OT
2023020120,20232024,2023-10-28,CBJ,0,NYI,2,REG
2023020136,20232024,2023-10-30,DAL,5,CBJ,3,REG
2023020146,20232024,2023-11-02,CBJ,4,TBL,2,REG
2023020166,20232024,2023-11-04,WSH,2,CBJ,1,REG
2023020176,20232024,2023-11-06,FLA,5,CBJ,4,OT
2023020194,20232024,2023-11-09,CBJ,2,DAL,5,REG
2023020210,20232024,2023-11-11,DET,5,CBJ,4,REG
2023020225,20232024,2023-11-12,NYR,4,CBJ,3,SO
2023020230,20232024,2023-11-14,CBJ,3,PIT,5,REG
2023020263,20232024,2023-11-18,WSH,4,CBJ,3,REG
2023020268,20232024,2023-11-19,PHI,5,CBJ,2,REG
2023020296,20232024,2023-11-24,NJD,1,CBJ,2,REG
2023020337,20232024,2023-11-29,CBJ,2,MTL,4,REG
2023020354,20232024,2023-12-01,CBJ,4,OTT,2,REG
2023020381,20232024,2023-12-05,CBJ,3,LAK,4,OT
2023020397,20232024,2023-12-07,NYI,7,CBJ,3,REG
2023020405,20232024,2023-12-08,CBJ,5,STL,2,REG
2023020420,20232024,2023-12-10,CBJ,2,FLA,5,REG
2023020449,20232024,2023-12-14,TOR,5,CBJ,6,OT
2023020463,20232024,2023-12-16,CBJ,3,NJD,6,REG
2023020499,20232024,2023-12-21,CBJ,2,WSH,3,OT
2023020517,20232024,2023-12-23,CBJ,1,TOR,4,REG
2023020528,20232024,2023-12-27,NJD,4,CBJ,3,OT
2023020546,20232024,2023-12-29,CBJ,6,TOR,5,OT
2023020592,20232024,2024-01-04,PHI,2,CBJ,3,SO
2023020609,20232024,2024-01-06,CBJ,3,MIN,4,OT
2023020631,20232024,2024-01-09,WPG,5,CBJ,0,REG
2023020658,20232024,2024-01-13,CBJ,4,SEA,7,REG
2023020673,20232024,2024-01-15,CBJ,4,VAN,3,SO
2023020703,20232024,2024-01-19,CBJ,1,NJD,4,REG
2023020736,20232024,2024-01-23,EDM,4,CBJ,1,REG
2023020772,20232024,2024-01-27,VAN,5,CBJ,4,OT
2023020774,20232024,2024-01-28,SEA,4,CBJ,2,REG
2023020776,20232024,2024-01-30,STL,0,CBJ,1,REG
2023020811,20232024,2024-02-10,CBJ,2,TBL,4,REG
2023020826,20232024,2024-02-13,OTT,6,CBJ,3,REG
2023020861,20232024,2024-02-17,SJS,3,CBJ,4,REG
2023020883,20232024,2024-02-20,LAK,5,CBJ,1,REG
2023020919,20232024,2024-02-25,CBJ,4,NYR,2,REG
2023020939,20232024,2024-02-28,NYR,4,CBJ,1,REG
2023020975,20232024,2024-03-04,CBJ,6,VGK,3,REG
2023020983,20232024,2024-03-05,PIT,5,CBJ,3,REG
2023020995,20232024,2024-03-07,CBJ,4,EDM,2,REG
2023021010,20232024,2024-03-09,CBJ,1,NSH,2,REG
2023021033,20232024,2024-03-12,MTL,3,CBJ,0,REG
2023021047,20232024,2024-03-14,CBJ,2,OTT,3,SO
2023021065,20232024,2024-03-16,CBJ,4,SJS,2,REG
2023021075,20232024,2024-03-17,CBJ,1,WPG,6,REG
2023021083,20232024,2024-03-19,DET,4,CBJ,3,OT
2023021123,20232024,2024-03-23,VGK,4,CBJ,2,REG
2023021154,20232024,2024-03-28,PIT,3,CBJ,2,REG
2023021171,20232024,2024-03-30,CBJ,4,PIT,3,SO
2023021203,20232024,2024-04-04,CBJ,2,NYI,4,REG
2023021222,20232024,2024-04-06,CBJ,6,PHI,2,REG
2023021245,20232024,2024-04-09,TBL,5,CBJ,2,REG
2023021256,20232024,2024-04-11,FLA,4,CBJ,0,REG
2023021278,20232024,2024-04-13,NSH,6,CBJ,4,REG
2023020013,20232024,2023-10-12,DAL,2,STL,1,SO
2023020048,20232024,2023-10-17,VGK,3,DAL,2,SO
2023020072,20232024,2023-10-21,DAL,5,PHI,4,OT
2023020088,20232024,2023-10-24,PIT,1,DAL,4,REG
2023020108,20232024,2023-10-26,DAL,1,TOR,4,REG
2023020152,20232024,2023-11-02,EDM,3,DAL,4,REG
2023020172,20232024,2023-11-04,VAN,2,DAL,0,REG
2023020211,20232024,2023-11-11,WPG,2,DAL,3,REG
2023020223,20232024,2023-11-12,MIN,3,DAL,8,REG
2023020274,20232024,2023-11-20,DAL,6,NYR,3,REG
2023020289,20232024,2023-11-22,DAL,1,VGK,2,OT
2023020332,20232024,2023-11-28,WPG,0,DAL,2,REG
2023020356,20232024,2023-12-02,DAL,8,TBL,1,REG
2023020375,20232024,2023-12-04,TBL,4,DAL,0,REG
2023020388,20232024,2023-12-06,FLA,5,DAL,4,REG
2023020396,20232024,2023-12-07,WSH,4,DAL,5,SO
2023020410,20232024,2023-12-09,DAL,1,VGK,6,REG
2023020430,20232024,2023-12-11,DAL,6,DET,3,REG
2023020458,20232024,2023-12-15,DAL,5,OTT,4,REG
2023020469,20232024,2023-12-16,STL,4,DAL,3,OT
2023020482,20232024,2023-12-18,DAL,4,SEA,3,OT
2023020505,20232024,2023-12-21,DAL,4,VAN,3,OT
2023020515,20232024,2023-12-23,NSH,2,DAL,3,REG
2023020536,20232024,2023-12-27,STL,2,DAL,1,REG
2023020577,20232024,2024-01-02,DAL,3,MTL,4,REG
2023020614,20232024,2024-01-06,DAL,3,NSH,4,REG
2023020623,20232024,2024-01-08,MIN,0,DAL,4,REG
2023020636,20232024,2024-01-10,DAL,7,MIN,2,REG
2023020651,20232024,2024-01-12,DAL,3,NSH,6,REG
2023020684,20232024,2024-01-16,DAL,5,LAK,1,REG
2023020694,20232024,2024-01-18,PHI,5,DAL,1,REG
2023020711,20232024,2024-01-20,NJD,2,DAL,6,REG
2023020721,20232024,2024-01-21,NYI,3,DAL,2,OT
2023020730,20232024,2024-01-23,DET,4,DAL,5,REG
2023020760,20232024,2024-01-27,DAL,5,WSH,4,OT
2023020792,20232024,2024-02-07,TOR,5,DAL,4,REG
2023020806,20232024,2024-02-10,MTL,2,DAL,3,REG
2023020847,20232024,2024-02-15,NSH,2,DAL,9,REG
2023020850,20232024,2024-02-17,DAL,3,EDM,4,OT
2023020877,20232024,2024-02-20,NYR,3,DAL,1,REG
2023020892,20232024,2024-02-22,OTT,4,DAL,1,REG
2023020924,20232024,2024-02-26,DAL,2,NYI,3,OT
2023020947,20232024,2024-02-29,DAL,4,WPG,1,REG
2023020966,20232024,2024-03-02,DAL,3,SJS,2,SO
2023020989,20232024,2024-03-05,SJS,6,DAL,7,OT
2023021021,20232024,2024-03-09,LAK,1,DAL,4,REG
2023021036,20232024,2024-03-12,DAL,3,FLA,4,REG
2023021053,20232024,2024-03-14,DAL,2,NJD,6,REG
2023021068,20232024,2024-03-16,DAL,4,LAK,1,REG
2023021110,20232024,2024-03-22,DAL,4,PIT,2,REG
2023021147,20232024,2024-03-26,SJS,3,DAL,6,REG
2023021163,20232024,2024-03-28,VAN,1,DAL,3,REG
2023021179,20232024,2024-03-30,SEA,0,DAL,3,REG
2023021199,20232024,2024-04-03,DAL,5,EDM,0,REG
2023021262,20232024,2024-04-11,DAL,0,WPG,3,REG
2023021271,20232024,2024-04-13,DAL,3,SEA,1,REG
2023021305,20232024,2024-04-17,DAL,2,STL,1,SO
2023020012,20232024,2023-10-12,NJD,4,DET,3,REG
2023020023,20232024,2023-10-14,DET,6,TBL,4,REG
2023020050,20232024,2023-10-18,DET,6,PIT,3,REG
2023020065,20232024,2023-10-21,OTT,2,DET,5,REG
2023020091,20232024,2023-10-24,DET,4,SEA,5,OT
2023020102,20232024,2023-10-26,DET,1,WPG,4,REG
2023020134,20232024,2023-10-30,NYI,3,DET,4,OT
2023020147,20232024,2023-11-02,DET,0,FLA,2,REG
2023020183,20232024,2023-11-07,NYR,5,DET,3,REG
2023020195,20232024,2023-11-09,DET,2,MTL,3,OT
2023020242,20232024,2023-11-16,OTT,5,DET,4,OT
2023020251,20232024,2023-11-17,DET,2,TOR,3,REG
2023020281,20232024,2023-11-22,DET,4,NJD,0,REG
2023020316,20232024,2023-11-26,DET,4,MIN,1,REG
2023020338,20232024,2023-11-29,NYR,3,DET,2,REG
2023020361,20232024,2023-12-02,MTL,4,DET,5,OT
2023020393,20232024,2023-12-07,DET,5,SJS,6,OT
2023020412,20232024,2023-12-09,DET,1,OTT,5,REG
2023020436,20232024,2023-12-12,STL,4,DET,6,REG
2023020465,20232024,2023-12-16,PHI,1,DET,0,REG
2023020495,20232024,2023-12-20,WPG,5,DET,2,REG
2023020510,20232024,2023-12-22,DET,7,PHI,6,SO
2023020519,20232024,2023-12-23,NJD,3,DET,2,REG
2023020534,20232024,2023-12-27,MIN,6,DET,3,REG
2023020547,20232024,2023-12-29,DET,5,NSH,4,OT
2023020586,20232024,2024-01-02,SJS,3,DET,5,REG
2023020600,20232024,2024-01-04,LAK,3,DET,4,SO
2023020640,20232024,2024-01-11,DET,2,EDM,3,OT
2023020659,20232024,2024-01-13,DET,5,LAK,3,REG
2023020670,20232024,2024-01-14,TOR,2,DET,4,REG
2023020689,20232024,2024-01-17,FLA,2,DET,3,OT
2023020720,20232024,2024-01-21,DET,2,TBL,1,REG
2023020747,20232024,2024-01-25,DET,3,PHI,0,REG
2023020764,20232024,2024-01-27,DET,5,VGK,2,REG
2023020778,20232024,2024-01-31,DET,2,OTT,3,OT
2023020805,20232024,2024-02-10,DET,4,VAN,3,OT
2023020833,20232024,2024-02-13,EDM,8,DET,4,REG
2023020848,20232024,2024-02-15,VAN,4,DET,1,REG
2023020870,20232024,2024-02-19,SEA,3,DET,4,OT
2023020909,20232024,2024-02-24,DET,6,STL,1,REG
2023020927,20232024,2024-02-27,DET,8,WSH,3,REG
2023020943,20232024,2024-02-29,DET,3,NYI,5,REG
2023020961,20232024,2024-03-02,DET,0,FLA,4,REG
2023021020,20232024,2024-03-09,VGK,5,DET,3,REG
2023021078,20232024,2024-03-17,PIT,6,DET,3,REG
2023021100,20232024,2024-03-21,DET,6,NYI,3,REG
2023021116,20232024,2024-03-23,NSH,1,DET,0,REG
2023021140,20232024,2024-03-26,WSH,4,DET,3,OT
2023021165,20232024,2024-03-30,FLA,3,DET,2,SO
2023021184,20232024,2024-04-01,TBL,2,DET,4,REG
2023021213,20232024,2024-04-05,DET,3,NYR,4,REG
2023021240,20232024,2024-04-09,DET,1,WSH,2,REG
2023021258,20232024,2024-04-11,PIT,6,DET,5,OT
2023021277,20232024,2024-04-13,TOR,4,DET,5,OT
2023021287,20232024,2024-04-15,DET,5,MTL,4,OT
2023021298,20232024,2024-04-16,MTL,4,DET,5,SO
2023020009,20232024,2023-10-11,VAN,8,EDM,1,REG
2023020029,20232024,2023-10-14,EDM,3,VAN,4,REG
2023020044,20232024,2023-10-17,NSH,1,EDM,6,REG
2023020054,20232024,2023-10-19,PHI,4,EDM,1,REG
2023020077,20232024,2023-10-21,EDM,2,WPG,3,OT
2023020094,20232024,2023-10-24,MIN,7,EDM,4,REG
2023020110,20232024,2023-10-26,EDM,0,NYR,3,REG
2023020159,20232024,2023-11-04,EDM,2,NSH,5,REG
2023020179,20232024,2023-11-06,VAN,6,EDM,2,REG
2023020203,20232024,2023-11-09,SJS,3,EDM,2,REG
2023020220,20232024,2023-11-11,SEA,1,EDM,4,REG
2023020227,20232024,2023-11-13,EDM,4,NYI,1,REG
2023020239,20232024,2023-11-15,EDM,4,SEA,3,OT
2023020257,20232024,2023-11-18,TBL,6,EDM,4,REG
2023020272,20232024,2023-11-20,FLA,5,EDM,3,REG
2023020298,20232024,2023-11-24,WSH,0,EDM,5,REG
2023020335,20232024,2023-11-28,EDM,5,VGK,4,SO
2023020349,20232024,2023-11-30,WPG,1,EDM,3,REG
2023020407,20232024,2023-12-08,EDM,4,MIN,3,REG
2023020421,20232024,2023-12-10,EDM,4,NJD,1,REG
2023020452,20232024,2023-12-14,EDM,4,TBL,7,REG
2023020472,20232024,2023-12-16,EDM,1,FLA,5,REG
2023020490,20232024,2023-12-19,NYI,3,EDM,1,REG
2023020501,20232024,2023-12-21,NJD,3,EDM,6,REG
2023020511,20232024,2023-12-22,NYR,3,EDM,4,REG
2023020545,20232024,2023-12-28,SJS,0,EDM,5,REG
2023020563,20232024,2023-12-30,LAK,2,EDM,3,SO
2023020583,20232024,2024-01-02,EDM,5,PHI,2,REG
2023020615,20232024,2024-01-06,EDM,3,OTT,1,REG
2023020660,20232024,2024-01-13,MTL,1,EDM,2,OT
2023020688,20232024,2024-01-16,EDM,4,TOR,2,REG
2023020698,20232024,2024-01-18,EDM,4,SEA,2,REG
2023020761,20232024,2024-01-27,EDM,4,NSH,1,REG
2023020790,20232024,2024-02-06,VGK,3,EDM,1,REG
2023020816,20232024,2024-02-10,LAK,4,EDM,0,REG
2023020844,20232024,2024-02-15,STL,6,EDM,3,REG
2023020902,20232024,2024-02-23,EDM,2,MIN,4,REG
2023020925,20232024,2024-02-26,EDM,4,LAK,2,REG
2023020940,20232024,2024-02-28,EDM,3,STL,2,OT
2023020958,20232024,2024-03-02,SEA,1,EDM,2,REG
2023020974,20232024,2024-03-03,EDM,6,PIT,1,REG
2023021022,20232024,2024-03-10,PIT,0,EDM,4,REG
2023021043,20232024,2024-03-13,EDM,7,WSH,2,REG
2023021090,20232024,2024-03-19,EDM,3,MTL,2,OT
2023021118,20232024,2024-03-23,TOR,6,EDM,3,REG
2023021128,20232024,2024-03-24,OTT,5,EDM,3,REG
2023021142,20232024,2024-03-26,WPG,3,EDM,4,OT
2023021160,20232024,2024-03-28,EDM,4,LAK,1,REG
2023021186,20232024,2024-04-01,STL,3,EDM,2,OT
2023021253,20232024,2024-04-10,EDM,5,VGK,1,REG
2023021280,20232024,2024-04-13,EDM,1,VAN,3,REG
2023021293,20232024,2024-04-15,EDM,9,SJS,2,REG
2023020014,20232024,2023-10-12,MIN,2,FLA,0,REG
2023020020,20232024,2023-10-14,WPG,6,FLA,4,REG
2023020036,20232024,2023-10-16,NJD,3,FLA,4,REG
2023020052,20232024,2023-10-19,FLA,3,TOR,1,REG
2023020068,20232024,2023-10-21,FLA,3,VAN,5,REG
2023020089,20232024,2023-10-24,FLA,3,SJS,1,REG
2023020118,20232024,2023-10-28,FLA,3,SEA,2,REG
2023020191,20232024,2023-11-08,WSH,3,FLA,4,OT
2023020237,20232024,2023-11-14,SJS,3,FLA,5,REG
2023020249,20232024,2023-11-16,LAK,2,FLA,1,REG
2023020304,20232024,2023-11-24,FLA,0,WPG,3,REG
2023020323,20232024,2023-11-27,OTT,0,FLA,5,REG
2023020329,20232024,2023-11-28,TOR,2,FLA,1,SO
2023020343,20232024,2023-11-30,MTL,1,FLA,5,REG
2023020359,20232024,2023-12-02,FLA,3,NYI,4,REG
2023020406,20232024,2023-12-08,FLA,3,PIT,1,REG
2023020438,20232024,2023-12-12,SEA,4,FLA,0,REG
2023020454,20232024,2023-12-14,VAN,4,FLA,0,REG
2023020500,20232024,2023-12-21,FLA,1,STL,4,REG
2023020514,20232024,2023-12-23,FLA,4,VGK,2,REG
2023020530,20232024,2023-12-27,TBL,2,FLA,3,REG
2023020548,20232024,2023-12-29,FLA,4,NYR,3,REG
2023020558,20232024,2023-12-30,FLA,4,MTL,1,REG
2023020599,20232024,2024-01-04,VGK,1,FLA,4,REG
2023020630,20232024,2024-01-09,STL,1,FLA,5,REG
2023020641,20232024,2024-01-11,FLA,3,LAK,2,OT
2023020656,20232024,2024-01-13,FLA,1,NJD,4,REG
2023020704,20232024,2024-01-19,FLA,4,MIN,6,REG
2023020726,20232024,2024-01-22,NSH,1,FLA,4,REG
2023020756,20232024,2024-01-26,PIT,2,FLA,3,SO
2023020769,20232024,2024-01-27,NYI,2,FLA,3,OT
2023020786,20232024,2024-02-06,FLA,1,PHI,2,REG
2023020795,20232024,2024-02-08,FLA,4,WSH,2,REG
2023020834,20232024,2024-02-14,PIT,2,FLA,5,REG
2023020856,20232024,2024-02-17,TBL,2,FLA,9,REG
2023020876,20232024,2024-02-20,FLA,3,OTT,2,OT
2023020906,20232024,2024-02-24,FLA,3,WSH,2,OT
2023020944,20232024,2024-02-29,FLA,4,MTL,3,SO
2023020976,20232024,2024-03-04,NYR,2,FLA,4,REG
2023020982,20232024,2024-03-05,NJD,3,FLA,5,REG
2023020996,20232024,2024-03-07,FLA,1,PHI,2,REG
2023021063,20232024,2024-03-16,FLA,3,TBL,5,REG
2023021101,20232024,2024-03-21,FLA,0,NSH,3,REG
2023021119,20232024,2024-03-23,NYR,4,FLA,3,SO
2023021129,20232024,2024-03-24,PHI,1,FLA,4,REG
2023021151,20232024,2024-03-28,FLA,2,NYI,3,REG
2023021185,20232024,2024-04-01,TOR,6,FLA,4,REG
2023021190,20232024,2024-04-02,MTL,5,FLA,3,REG
2023021205,20232024,2024-04-04,OTT,0,FLA,6,REG
2023021241,20232024,2024-04-09,FLA,2,OTT,0,REG
2023021297,20232024,2024-04-16,FLA,5,TOR,2,REG
2023020045,20232024,2023-10-17,WPG,1,LAK,5,REG
2023020056,20232024,2023-10-19,MIN,3,LAK,7,REG
2023020125,20232024,2023-10-28,LAK,3,VGK,4,SO
2023020139,20232024,2023-10-31,TOR,1,LAK,4,REG
2023020149,20232024,2023-11-02,OTT,2,LAK,3,REG
2023020163,20232024,2023-11-04,PHI,0,LAK,5,REG
2023020192,20232024,2023-11-08,VGK,1,LAK,4,REG
2023020202,20232024,2023-11-09,LAK,3,PIT,4,OT
2023020221,20232024,2023-11-11,LAK,2,PHI,4,REG
2023020266,20232024,2023-11-18,LAK,5,STL,1,REG
2023020309,20232024,2023-11-25,LAK,4,MTL,0,REG
2023020339,20232024,2023-11-29,LAK,1,WSH,2,REG
2023020394,20232024,2023-12-07,MTL,0,LAK,4,REG
2023020415,20232024,2023-12-09,NYI,3,LAK,2,OT
2023020424,20232024,2023-12-10,NYR,4,LAK,1,REG
2023020446,20232024,2023-12-13,LAK,2,WPG,5,REG
2023020473,20232024,2023-12-16,SEA,2,LAK,3,SO
2023020494,20232024,2023-12-19,SJS,1,LAK,4,REG
2023020497,20232024,2023-12-20,LAK,1,SEA,2,REG
2023020541,20232024,2023-12-27,LAK,5,SJS,1,REG
2023020544,20232024,2023-12-28,VGK,3,LAK,2,REG
2023020585,20232024,2024-01-02,LAK,0,TOR,3,REG
2023020618,20232024,2024-01-07,WSH,4,LAK,3,REG
2023020626,20232024,2024-01-09,TBL,3,LAK,2,OT
2023020699,20232024,2024-01-18,LAK,1,NSH,2,REG
2023020717,20232024,2024-01-20,LAK,2,NYR,1,REG
2023020729,20232024,2024-01-22,LAK,3,SJS,4,SO
2023020773,20232024,2024-01-28,STL,4,LAK,3,OT
2023020779,20232024,2024-01-31,NSH,2,LAK,4,REG
2023020839,20232024,2024-02-15,NJD,1,LAK,2,REG
2023020865,20232024,2024-02-18,PIT,1,LAK,2,REG
2023020899,20232024,2024-02-22,LAK,1,NSH,4,REG
2023020951,20232024,2024-02-29,VAN,1,LAK,5,REG
2023020970,20232024,2024-03-03,LAK,5,NJD,1,REG
2023020988,20232024,2024-03-05,LAK,1,VAN,2,OT
2023021003,20232024,2024-03-07,LAK,4,OTT,3,OT
2023021030,20232024,2024-03-11,LAK,3,NYI,0,REG
2023021041,20232024,2024-03-13,STL,3,LAK,1,REG
2023021097,20232024,2024-03-20,LAK,6,MIN,0,REG
2023021121,20232024,2024-03-23,LAK,4,TBL,3,OT
2023021135,20232024,2024-03-25,VAN,2,LAK,3,REG
2023021187,20232024,2024-04-01,WPG,4,LAK,3,REG
2023021201,20232024,2024-04-03,LAK,5,SEA,2,REG
2023021210,20232024,2024-04-04,SJS,1,LAK,2,REG
2023021227,20232024,2024-04-06,LAK,6,VAN,3,REG
2023021294,20232024,2024-04-15,LAK,1,MIN,3,REG
2023020026,20232024,2023-10-14,TOR,7,MIN,4,REG
2023020041,20232024,2023-10-17,MTL,2,MIN,5,REG
2023020104,20232024,2023-10-26,PHI,6,MIN,2,REG
2023020114,20232024,2023-10-27,WSH,3,MIN,2,SO
2023020127,20232024,2023-10-29,NJD,4,MIN,3,REG
2023020151,20232024,2023-11-02,MIN,3,NJD,5,REG
2023020169,20232024,2023-11-04,MIN,5,NYR,4,SO
2023020182,20232024,2023-11-07,NYI,2,MIN,4,REG
2023020196,20232024,2023-11-09,NYR,4,MIN,1,REG
2023020254,20232024,2023-11-18,OTT,2,MIN,1,SO
2023020267,20232024,2023-11-19,MIN,3,TOR,4,OT
2023020330,20232024,2023-11-28,MIN,3,STL,1,REG
2023020347,20232024,2023-11-30,NSH,1,MIN,6,REG
2023020404,20232024,2023-12-07,VAN,2,MIN,0,REG
2023020426,20232024,2023-12-10,SEA,0,MIN,3,REG
2023020461,20232024,2023-12-16,MIN,2,VAN,1,SO
2023020480,20232024,2023-12-18,PIT,4,MIN,3,REG
2023020506,20232024,2023-12-21,MIN,4,MTL,3,OT
2023020555,20232024,2023-12-30,WPG,4,MIN,2,REG
2023020564,20232024,2023-12-31,MIN,2,WPG,3,REG
2023020594,20232024,2024-01-04,MIN,1,TBL,4,REG
2023020652,20232024,2024-01-12,MIN,3,PHI,4,OT
2023020676,20232024,2024-01-15,MIN,5,NYI,0,REG
2023020695,20232024,2024-01-18,TBL,7,MIN,3,REG
2023020734,20232024,2024-01-23,MIN,5,WSH,3,REG
2023020752,20232024,2024-01-25,MIN,2,NSH,3,REG
2023020801,20232024,2024-02-09,MIN,3,PIT,2,REG
2023020822,20232024,2024-02-12,VGK,3,MIN,5,REG
2023020869,20232024,2024-02-19,MIN,10,VAN,7,REG
2023020880,20232024,2024-02-20,WPG,6,MIN,3,REG
2023020913,20232024,2024-02-24,SEA,2,MIN,5,REG
2023020948,20232024,2024-02-29,NSH,6,MIN,1,REG
2023020967,20232024,2024-03-02,STL,3,MIN,1,REG
2023020972,20232024,2024-03-03,MIN,4,SJS,3,REG
2023021023,20232024,2024-03-10,MIN,4,NSH,3,OT
2023021069,20232024,2024-03-16,STL,3,MIN,2,SO
2023021115,20232024,2024-03-23,MIN,4,STL,5,OT
2023021156,20232024,2024-03-28,MIN,3,SJS,1,REG
2023021166,20232024,2024-03-30,MIN,1,VGK,2,OT
2023021193,20232024,2024-04-02,MIN,3,OTT,2,REG
2023021219,20232024,2024-04-06,MIN,2,WPG,4,REG
2023021269,20232024,2024-04-12,VGK,7,MIN,2,REG
2023021282,20232024,2024-04-13,SJS,2,MIN,6,REG
2023021307,20232024,2024-04-18,MIN,3,SEA,4,REG
2023020005,20232024,2023-10-11,TOR,6,MTL,5,SO
2023020069,20232024,2023-10-21,MTL,3,WSH,2,OT
2023020087,20232024,2023-10-24,MTL,2,NJD,5,REG
2023020121,20232024,2023-10-28,MTL,4,WPG,3,SO
2023020138,20232024,2023-10-30,VGK,3,MTL,2,SO
2023020164,20232024,2023-11-04,STL,6,MTL,3,REG
2023020181,20232024,2023-11-07,MTL,3,TBL,5,REG
2023020224,20232024,2023-11-12,MTL,2,VAN,5,REG
2023020244,20232024,2023-11-16,MTL,5,VGK,6,REG
2023020300,20232024,2023-11-24,SJS,2,MTL,3,SO
2023020376,20232024,2023-12-04,MTL,4,SEA,2,REG
2023020423,20232024,2023-12-10,MTL,1,NSH,2,REG
2023020442,20232024,2023-12-13,MTL,3,PIT,4,SO
2023020464,20232024,2023-12-16,MTL,5,NYI,3,REG
2023020481,20232024,2023-12-18,WPG,2,MTL,3,OT
2023020568,20232024,2023-12-31,TBL,4,MTL,3,REG
2023020610,20232024,2024-01-06,MTL,4,NYR,3,SO
2023020635,20232024,2024-01-10,PHI,3,MTL,2,SO
2023020642,20232024,2024-01-11,MTL,2,SJS,3,REG
2023020690,20232024,2024-01-17,NJD,2,MTL,3,REG
2023020693,20232024,2024-01-18,OTT,6,MTL,2,REG
2023020731,20232024,2024-01-23,MTL,1,OTT,4,REG
2023020748,20232024,2024-01-25,MTL,4,NYI,3,REG
2023020766,20232024,2024-01-27,PIT,3,MTL,2,OT
2023020789,20232024,2024-02-06,WSH,2,MTL,5,REG
2023020817,20232024,2024-02-11,MTL,2,STL,7,REG
2023020840,20232024,2024-02-15,NYR,7,MTL,4,REG
2023020857,20232024,2024-02-17,MTL,3,WSH,4,REG
2023020893,20232024,2024-02-22,PIT,4,MTL,1,REG
2023020903,20232024,2024-02-24,NJD,4,MTL,3,REG
2023020963,20232024,2024-03-02,TBL,4,MTL,3,SO
2023020985,20232024,2024-03-05,NSH,3,MTL,4,OT
2023021014,20232024,2024-03-09,MTL,2,TOR,3,REG
2023021106,20232024,2024-03-21,VAN,4,MTL,1,REG
2023021133,20232024,2024-03-24,SEA,1,MTL,5,REG
2023021152,20232024,2024-03-28,MTL,4,PHI,1,REG
2023021204,20232024,2024-04-04,MTL,4,TBL,7,REG
2023021223,20232024,2024-04-06,MTL,2,TOR,4,REG
2023021234,20232024,2024-04-07,NYR,5,MTL,2,REG
2023021242,20232024,2024-04-09,MTL,9,PHI,3,REG
2023021261,20232024,2024-04-11,NYI,3,MTL,2,OT
2023021276,20232024,2024-04-13,OTT,5,MTL,4,SO
2023020001,20232024,2023-10-10,TBL,5,NSH,3,REG
2023020015,20232024,2023-10-12,NSH,3,SEA,0,REG
2023020053,20232024,2023-10-19,NYR,1,NSH,4,REG
2023020074,20232024,2023-10-21,NSH,5,SJS,1,REG
2023020095,20232024,2023-10-24,NSH,2,VAN,3,REG
2023020122,20232024,2023-10-28,NSH,3,TOR,2,OT
2023020140,20232024,2023-10-31,VAN,5,NSH,2,REG
2023020154,20232024,2023-11-02,SEA,4,NSH,2,REG
2023020200,20232024,2023-11-09,WPG,6,NSH,3,REG
2023020297,20232024,2023-11-24,STL,3,NSH,8,REG
2023020319,20232024,2023-11-26,NSH,3,WPG,2,REG
2023020331,20232024,2023-11-28,NSH,3,PIT,2,OT
2023020358,20232024,2023-12-02,NSH,3,NYR,4,REG
2023020398,20232024,2023-12-07,NSH,5,TBL,1,REG
2023020413,20232024,2023-12-09,TOR,4,NSH,0,REG
2023020435,20232024,2023-12-12,NSH,3,PHI,2,OT
2023020468,20232024,2023-12-16,NSH,3,WSH,1,REG
2023020491,20232024,2023-12-19,NSH,2,VAN,5,REG
2023020502,20232024,2023-12-21,PHI,2,NSH,4,REG
2023020562,20232024,2023-12-30,WSH,2,NSH,3,SO
2023020666,20232024,2024-01-13,NSH,3,NYI,1,REG
2023020680,20232024,2024-01-15,VGK,4,NSH,1,REG
2023020775,20232024,2024-01-29,OTT,4,NSH,3,OT
2023020831,20232024,2024-02-13,NSH,2,NJD,4,REG
2023020855,20232024,2024-02-17,STL,2,NSH,5,REG
2023020882,20232024,2024-02-20,VGK,3,NSH,5,REG
2023020914,20232024,2024-02-24,SJS,2,NSH,4,REG
2023020933,20232024,2024-02-27,NSH,4,OTT,1,REG
2023021042,20232024,2024-03-13,WPG,2,NSH,4,REG
2023021071,20232024,2024-03-16,SEA,1,NSH,4,REG
2023021088,20232024,2024-03-19,NSH,8,SJS,2,REG
2023021141,20232024,2024-03-26,NSH,5,VGK,4,OT
2023021208,20232024,2024-04-04,NSH,6,STL,3,REG
2023021225,20232024,2024-04-06,NYI,2,NSH,0,REG
2023021233,20232024,2024-04-07,NJD,2,NSH,3,SO
2023021247,20232024,2024-04-09,NSH,3,WPG,4,OT
2023021289,20232024,2024-04-15,PIT,4,NSH,2,REG
2023020064,20232024,2023-10-20,NYI,4,NJD,5,OT
2023020099,20232024,2023-10-25,NJD,4,WSH,6,REG
2023020158,20232024,2023-11-03,STL,4,NJD,1,REG
2023020206,20232024,2023-11-10,NJD,2,WSH,4,REG
2023020236,20232024,2023-11-14,WPG,6,NJD,3,REG
2023020245,20232024,2023-11-16,PIT,2,NJD,5,REG
2023020261,20232024,2023-11-18,NJD,3,NYR,5,REG
2023020327,20232024,2023-11-28,NJD,5,NYI,4,REG
2023020344,20232024,2023-11-30,PHI,3,NJD,4,OT
2023020355,20232024,2023-12-01,NJD,3,SJS,6,REG
2023020387,20232024,2023-12-05,VAN,5,NJD,6,REG
2023020403,20232024,2023-12-07,SEA,1,NJD,2,REG
2023020487,20232024,2023-12-19,NJD,2,PHI,3,OT
2023020549,20232024,2023-12-29,OTT,2,NJD,6,REG
2023020587,20232024,2024-01-03,WSH,3,NJD,6,REG
2023020611,20232024,2024-01-06,NJD,4,VAN,6,REG
2023020644,20232024,2024-01-11,TBL,4,NJD,3,OT
2023020725,20232024,2024-01-22,NJD,6,VGK,5,OT
2023020767,20232024,2024-01-27,TBL,6,NJD,3,REG
2023020819,20232024,2024-02-12,NJD,3,SEA,1,REG
2023020859,20232024,2024-02-17,NJD,6,PHI,3,REG
2023020879,20232024,2024-02-20,WSH,6,NJD,2,REG
2023020891,20232024,2024-02-22,NJD,1,NYR,5,REG
2023020916,20232024,2024-02-25,NJD,1,TBL,4,REG
2023020938,20232024,2024-02-27,SJS,2,NJD,7,REG
2023020997,20232024,2024-03-07,NJD,4,STL,1,REG
2023021028,20232024,2024-03-11,NYR,3,NJD,1,REG
2023021074,20232024,2024-03-17,VGK,3,NJD,1,REG
2023021084,20232024,2024-03-19,NJD,5,PIT,2,REG
2023021102,20232024,2024-03-21,NJD,4,WPG,1,REG
2023021117,20232024,2024-03-23,NJD,2,OTT,5,REG
2023021126,20232024,2024-03-24,NYI,0,NJD,4,REG
2023021139,20232024,2024-03-26,TOR,3,NJD,6,REG
2023021191,20232024,2024-04-02,NJD,3,PIT,6,REG
2023021198,20232024,2024-04-03,NYR,4,NJD,3,REG
2023021224,20232024,2024-04-06,OTT,3,NJD,4,REG
2023021243,20232024,2024-04-09,NJD,2,TOR,5,REG
2023021260,20232024,2024-04-11,TOR,5,NJD,6,REG
2023021274,20232024,2024-04-13,PHI,1,NJD,0,REG
2023021288,20232024,2024-04-15,NJD,1,NYI,4,REG
2023020107,20232024,2023-10-26,NYI,3,OTT,2,REG
2023020150,20232024,2023-11-02,WSH,0,NYI,3,REG
2023020216,20232024,2023-11-11,NYI,1,WSH,4,REG
2023020241,20232024,2023-11-15,VAN,4,NYI,3,OT
2023020248,20232024,2023-11-16,SEA,4,NYI,3,SO
2023020286,20232024,2023-11-22,NYI,3,PHI,2,REG
2023020302,20232024,2023-11-24,OTT,3,NYI,5,REG
2023020312,20232024,2023-11-25,NYI,0,PHI,1,SO
2023020383,20232024,2023-12-05,NYI,4,SJS,5,OT
2023020429,20232024,2023-12-11,NYI,4,TOR,3,OT
2023020496,20232024,2023-12-20,WSH,3,NYI,2,OT
2023020533,20232024,2023-12-27,NYI,0,PIT,7,REG
2023020550,20232024,2023-12-29,NYI,5,WSH,1,REG
2023020567,20232024,2023-12-31,PIT,3,NYI,1,REG
2023020616,20232024,2024-01-06,VGK,5,NYI,2,REG
2023020628,20232024,2024-01-09,NYI,2,VAN,5,REG
2023020646,20232024,2024-01-11,NYI,4,TOR,3,OT
2023020685,20232024,2024-01-16,WPG,4,NYI,2,REG
2023020733,20232024,2024-01-23,NYI,2,VGK,3,REG
2023020782,20232024,2024-02-05,TOR,2,NYI,3,REG
2023020798,20232024,2024-02-08,NYI,6,TBL,2,REG
2023020829,20232024,2024-02-13,NYI,1,SEA,2,SO
2023020863,20232024,2024-02-18,NYI,5,NYR,6,OT
2023020878,20232024,2024-02-20,PIT,4,NYI,5,OT
2023020895,20232024,2024-02-22,STL,4,NYI,0,REG
2023020904,20232024,2024-02-24,NYI,2,TBL,4,REG
2023020984,20232024,2024-03-05,NYI,4,STL,2,REG
2023021004,20232024,2024-03-07,SJS,2,NYI,7,REG
2023021060,20232024,2024-03-16,NYI,3,OTT,4,OT
2023021073,20232024,2024-03-17,NYR,5,NYI,2,REG
2023021113,20232024,2024-03-23,NYI,6,WPG,3,REG
2023021174,20232024,2024-03-30,TBL,4,NYI,1,REG
2023021183,20232024,2024-04-01,PHI,3,NYI,4,OT
2023021244,20232024,2024-04-09,NYI,4,NYR,2,REG
2023021270,20232024,2024-04-13,NYR,3,NYI,2,SO
2023021303,20232024,2024-04-17,NYI,5,PIT,4,REG
2023020078,20232024,2023-10-21,SEA,1,NYR,4,REG
2023020124,20232024,2023-10-28,VAN,3,NYR,4,OT
2023020135,20232024,2023-10-30,WPG,2,NYR,3,OT
2023020283,20232024,2023-11-22,PIT,0,NYR,1,REG
2023020294,20232024,2023-11-24,PHI,1,NYR,3,REG
2023020370,20232024,2023-12-03,NYR,6,SJS,5,REG
2023020382,20232024,2023-12-05,OTT,6,NYR,2,REG
2023020414,20232024,2023-12-09,WSH,4,NYR,0,REG
2023020432,20232024,2023-12-12,NYR,3,TOR,7,REG
2023020489,20232024,2023-12-19,TOR,2,NYR,5,REG
2023020529,20232024,2023-12-27,NYR,5,WSH,1,REG
2023020560,20232024,2023-12-30,TBL,1,NYR,5,REG
2023020621,20232024,2024-01-08,NYR,3,VAN,6,REG
2023020647,20232024,2024-01-11,STL,5,NYR,2,REG
2023020653,20232024,2024-01-13,WSH,3,NYR,2,REG
2023020669,20232024,2024-01-14,NYR,2,WSH,1,REG
2023020681,20232024,2024-01-16,NYR,5,SEA,2,REG
2023020701,20232024,2024-01-18,VGK,5,NYR,1,REG
2023020738,20232024,2024-01-23,SJS,3,NYR,2,OT
2023020755,20232024,2024-01-26,NYR,2,VGK,5,REG
2023020765,20232024,2024-01-27,OTT,2,NYR,7,REG
2023020791,20232024,2024-02-07,NYR,3,TBL,1,REG
2023020905,20232024,2024-02-24,PHI,1,NYR,2,REG
2023020964,20232024,2024-03-02,TOR,4,NYR,3,SO
2023021018,20232024,2024-03-09,NYR,4,STL,0,REG
2023021052,20232024,2024-03-14,TBL,6,NYR,3,REG
2023021061,20232024,2024-03-16,PIT,4,NYR,7,REG
2023021085,20232024,2024-03-19,NYR,2,WPG,4,REG
2023021137,20232024,2024-03-26,NYR,6,PHI,5,OT
2023021182,20232024,2024-04-01,NYR,2,PIT,5,REG
2023021257,20232024,2024-04-11,NYR,1,PHI,4,REG
2023021292,20232024,2024-04-15,NYR,4,OTT,0,REG
2023020019,20232024,2023-10-14,OTT,5,PHI,2,REG
2023020033,20232024,2023-10-15,OTT,5,TBL,2,REG
2023020049,20232024,2023-10-18,OTT,6,WSH,1,REG
2023020123,20232024,2023-10-28,PIT,2,OTT,5,REG
2023020162,20232024,2023-11-04,OTT,4,TBL,6,REG
2023020190,20232024,2023-11-08,TOR,3,OTT,6,REG
2023020197,20232024,2023-11-09,OTT,2,VAN,5,REG
2023020362,20232024,2023-12-02,OTT,2,SEA,0,REG
2023020395,20232024,2023-12-07,OTT,3,TOR,4,REG
2023020451,20232024,2023-12-14,STL,4,OTT,2,REG
2023020478,20232024,2023-12-17,VGK,6,OTT,3,REG
2023020520,20232024,2023-12-23,OTT,5,PIT,4,OT
2023020531,20232024,2023-12-27,TOR,2,OTT,4,REG
2023020584,20232024,2024-01-02,VAN,6,OTT,3,REG
2023020598,20232024,2024-01-04,SEA,4,OTT,1,REG
2023020655,20232024,2024-01-13,OTT,5,SJS,4,REG
2023020709,20232024,2024-01-20,OTT,1,WPG,2,OT
2023020718,20232024,2024-01-21,PHI,3,OTT,5,REG
2023020812,20232024,2024-02-10,OTT,5,TOR,3,REG
2023020875,20232024,2024-02-19,TBL,2,OTT,4,REG
2023020910,20232024,2024-02-24,OTT,4,VGK,3,SO
2023020923,20232024,2024-02-26,WSH,6,OTT,3,REG
2023020962,20232024,2024-03-02,PHI,4,OTT,2,REG
2023021015,20232024,2024-03-09,SJS,2,OTT,1,REG
2023021034,20232024,2024-03-12,OTT,2,PIT,1,OT
2023021103,20232024,2024-03-21,OTT,2,STL,5,REG
2023021175,20232024,2024-03-30,WPG,2,OTT,3,REG
2023021232,20232024,2024-04-07,WSH,2,OTT,3,OT
2023021259,20232024,2024-04-11,TBL,2,OTT,3,SO
2023020042,20232024,2023-10-17,PHI,2,VAN,0,REG
2023020098,20232024,2023-10-24,VGK,3,PHI,2,REG
2023020189,20232024,2023-11-07,SJS,2,PHI,1,REG
2023020255,20232024,2023-11-18,PHI,4,VGK,3,OT
2023020363,20232024,2023-12-02,PIT,3,PHI,4,SO
2023020374,20232024,2023-12-04,PHI,2,PIT,1,OT
2023020448,20232024,2023-12-14,PHI,4,WSH,3,SO
2023020543,20232024,2023-12-28,VAN,1,PHI,4,REG
2023020554,20232024,2023-12-29,SEA,2,PHI,1,OT
2023020622,20232024,2024-01-08,PHI,1,PIT,4,REG
2023020663,20232024,2024-01-13,WPG,0,PHI,2,REG
2023020679,20232024,2024-01-15,STL,2,PHI,4,REG
2023020732,20232024,2024-01-23,PHI,3,TBL,6,REG
2023020797,20232024,2024-02-08,PHI,4,WPG,1,REG
2023020813,20232024,2024-02-10,PHI,3,SEA,2,REG
2023020843,20232024,2024-02-15,TOR,4,PHI,3,OT
2023020917,20232024,2024-02-25,PIT,7,PHI,6,REG
2023020930,20232024,2024-02-27,PHI,6,TBL,2,REG
2023020954,20232024,2024-03-01,WSH,5,PHI,2,REG
2023020977,20232024,2024-03-04,PHI,1,STL,2,SO
2023021016,20232024,2024-03-09,TBL,7,PHI,0,REG
2023021035,20232024,2024-03-12,PHI,3,SJS,2,REG
2023021050,20232024,2024-03-14,PHI,2,TOR,6,REG
2023021086,20232024,2024-03-19,PHI,4,TOR,3,REG
2023021299,20232024,2024-04-16,PHI,1,WSH,2,REG
2023020018,20232024,2023-10-13,WSH,0,PIT,4,REG
2023020075,20232024,2023-10-21,STL,4,PIT,2,REG
2023020171,20232024,2023-11-04,SJS,2,PIT,10,REG
2023020269,20232024,2023-11-19,PIT,3,VGK,0,REG
2023020311,20232024,2023-11-25,PIT,3,TOR,2,REG
2023020345,20232024,2023-11-30,TBL,2,PIT,4,REG
2023020389,20232024,2023-12-06,TBL,3,PIT,1,REG
2023020466,20232024,2023-12-16,TOR,7,PIT,0,REG
2023020559,20232024,2023-12-30,PIT,4,STL,2,REG
2023020576,20232024,2024-01-02,PIT,3,WSH,4,REG
2023020643,20232024,2024-01-11,PIT,3,VAN,4,OT
2023020677,20232024,2024-01-15,PIT,3,SEA,0,REG
2023020716,20232024,2024-01-20,VGK,3,PIT,2,REG
2023020788,20232024,2024-02-06,PIT,3,WPG,0,REG
2023020814,20232024,2024-02-10,WPG,2,PIT,1,REG
2023020937,20232024,2024-02-27,VAN,3,PIT,4,OT
2023020950,20232024,2024-02-29,SEA,2,PIT,0,REG
2023020998,20232024,2024-03-07,PIT,0,WSH,6,REG
2023021051,20232024,2024-03-14,PIT,6,SJS,3,REG
2023021206,20232024,2024-04-04,WSH,1,PIT,4,REG
2023021217,20232024,2024-04-06,PIT,5,TBL,4,REG
2023021237,20232024,2024-04-08,TOR,3,PIT,2,OT
2023020016,20232024,2023-10-12,SJS,1,VGK,4,REG
2023020106,20232024,2023-10-26,TBL,6,SJS,0,REG
2023020128,20232024,2023-10-29,WSH,3,SJS,1,REG
2023020156,20232024,2023-11-02,SJS,1,VAN,10,REG
2023020209,20232024,2023-11-10,VGK,5,SJS,0,REG
2023020250,20232024,2023-11-16,SJS,5,STL,1,REG
2023020278,20232024,2023-11-20,VAN,3,SJS,1,REG
2023020292,20232024,2023-11-22,SEA,7,SJS,1,REG
2023020314,20232024,2023-11-25,SJS,4,VAN,3,REG
2023020326,20232024,2023-11-27,SJS,2,WSH,1,REG
2023020427,20232024,2023-12-10,VGK,5,SJS,4,SO
2023020441,20232024,2023-12-12,SJS,2,WPG,1,REG
2023020527,20232024,2023-12-23,VAN,7,SJS,4,REG
2023020601,20232024,2024-01-04,SJS,1,WPG,2,REG
2023020613,20232024,2024-01-06,SJS,1,TOR,4,REG
2023020627,20232024,2024-01-09,TOR,7,SJS,1,REG
2023020777,20232024,2024-01-30,SJS,2,SEA,0,REG
2023020835,20232024,2024-02-14,WPG,1,SJS,0,REG
2023020873,20232024,2024-02-19,SJS,0,VGK,4,REG
2023021108,20232024,2024-03-21,SJS,1,TBL,4,REG
2023021177,20232024,2024-03-30,STL,0,SJS,4,REG
2023021188,20232024,2024-04-01,SJS,2,SEA,4,REG
2023021221,20232024,2024-04-06,SJS,3,STL,2,OT
2023021263,20232024,2024-04-11,SEA,1,SJS,3,REG
2023020003,20232024,2023-10-10,VGK,4,SEA,1,REG
2023020028,20232024,2023-10-14,STL,2,SEA,1,SO
2023020133,20232024,2023-10-30,TBL,3,SEA,4,OT
2023020265,20232024,2023-11-18,VAN,3,SEA,4,REG
2023020307,20232024,2023-11-24,SEA,1,VAN,5,REG
2023020346,20232024,2023-11-30,TOR,4,SEA,3,SO
2023020418,20232024,2023-12-09,SEA,3,TBL,4,OT
2023020573,20232024,2024-01-01,SEA,3,VGK,0,REG
2023020645,20232024,2024-01-11,WSH,1,SEA,4,REG
2023020723,20232024,2024-01-21,SEA,1,TOR,3,REG
2023020758,20232024,2024-01-26,SEA,3,STL,4,OT
2023020897,20232024,2024-02-22,SEA,5,VAN,2,REG
2023020986,20232024,2024-03-05,WPG,3,SEA,4,REG
2023021008,20232024,2024-03-08,SEA,0,WPG,3,REG
2023021040,20232024,2024-03-12,SEA,4,VGK,5,OT
2023021056,20232024,2024-03-14,SEA,1,WSH,2,REG
2023021107,20232024,2024-03-21,VGK,3,SEA,1,REG
2023021283,20232024,2024-04-14,STL,4,SEA,1,REG
2023021300,20232024,2024-04-16,WPG,4,SEA,3,REG
2023020093,20232024,2023-10-24,WPG,4,STL,2,REG
2023020116,20232024,2023-10-27,VAN,5,STL,0,REG
2023020184,20232024,2023-11-07,STL,2,WPG,5,REG
2023020235,20232024,2023-11-14,STL,5,TBL,0,REG
2023020379,20232024,2023-12-04,VGK,1,STL,2,OT
2023020390,20232024,2023-12-06,STL,3,VGK,6,REG
2023020488,20232024,2023-12-19,TBL,6,STL,1,REG
2023020596,20232024,2024-01-04,STL,2,VAN,1,REG
2023020696,20232024,2024-01-18,WSH,5,STL,2,REG
2023020713,20232024,2024-01-20,STL,3,WSH,0,REG
2023020744,20232024,2024-01-24,VAN,3,STL,4,OT
2023020827,20232024,2024-02-13,TOR,4,STL,1,REG
2023020868,20232024,2024-02-19,STL,2,TOR,4,REG
2023020934,20232024,2024-02-27,WPG,4,STL,2,REG
2023021134,20232024,2024-03-25,STL,1,VGK,2,OT
2023020055,20232024,2023-10-19,TBL,4,VAN,3,REG
2023020070,20232024,2023-10-21,TBL,3,TOR,4,OT
2023020177,20232024,2023-11-06,TOR,6,TBL,5,OT
2023020284,20232024,2023-11-22,TBL,2,WPG,3,OT
2023020439,20232024,2023-12-12,VAN,4,TBL,1,REG
2023020504,20232024,2023-12-21,TBL,5,VGK,4,REG
2023020521,20232024,2023-12-23,WSH,1,TBL,2,SO
2023020580,20232024,2024-01-02,WPG,4,TBL,2,REG
2023020894,20232024,2024-02-22,TBL,3,WSH,5,REG
2023021094,20232024,2024-03-19,VGK,3,TBL,5,REG
2023021197,20232024,2024-04-03,TOR,1,TBL,4,REG
2023021275,20232024,2024-04-13,WSH,4,TBL,2,REG
2023021304,20232024,2024-04-17,TBL,6,TOR,4,REG
2023020083,20232024,2023-10-24,WSH,1,TOR,4,REG
2023020215,20232024,2023-11-11,TOR,5,VAN,2,REG
2023020712,20232024,2024-01-20,VAN,6,TOR,4,REG
2023020740,20232024,2024-01-24,TOR,1,WPG,0,OT
2023020768,20232024,2024-01-27,WPG,2,TOR,4,REG
2023020898,20232024,2024-02-22,VGK,3,TOR,7,REG
2023020931,20232024,2024-02-27,TOR,2,VGK,6,REG
2023021095,20232024,2024-03-20,WSH,3,TOR,7,REG
2023021155,20232024,2024-03-28,TOR,5,WSH,1,REG
2023020353,20232024,2023-11-30,VAN,1,VGK,4,REG
2023020818,20232024,2024-02-11,WSH,2,VAN,3,OT
2023020860,20232024,2024-02-17,VAN,2,WPG,4,REG
2023021002,20232024,2024-03-07,VGK,1,VAN,3,REG
2023021019,20232024,2024-03-09,VAN,5,WPG,0,REG
2023021072,20232024,2024-03-16,VAN,1,WSH,2,REG
2023021196,20232024,2024-04-02,VGK,6,VAN,3,REG
2023021238,20232024,2024-04-08,VAN,4,VGK,3,REG
2023021308,20232024,2024-04-18,WPG,4,VAN,2,REG
2023020058,20232024,2023-10-19,WPG,3,VGK,5,REG
2023020155,20232024,2023-11-02,VGK,5,WPG,2,REG
2023020232,20232024,2023-11-14,WSH,3,VGK,0,REG
2023020368,20232024,2023-12-02,VGK,4,WSH,1,REG
2023021158,20232024,2024-03-28,WPG,1,VGK,4,REG
2023021029,20232024,2024-03-11,WPG,3,WSH,0,REG
2023021124,20232024,2024-03-24,WSH,3,WPG,0,REG
