team,season,game_date,points,is_home,goals_for,goals_against,cum_points,games_played,elimination_date,clinch_date,trade_deadline
ANA,20212022,2021-10-13,2,TRUE,4,1,2,1,2022-03-26,NA,2022-03-21
ANA,20212022,2021-10-15,0,TRUE,1,2,2,2,2022-03-26,NA,2022-03-21
ANA,20212022,2021-10-18,2,FALSE,3,2,4,3,2022-03-26,NA,2022-03-21
ANA,20212022,2021-10-19,0,FALSE,5,6,4,4,2022-03-26,NA,2022-03-21
ANA,20212022,2021-10-21,0,FALSE,1,5,4,5,2022-03-26,NA,2022-03-21
ANA,20212022,2021-10-23,1,FALSE,3,4,5,6,2022-03-26,NA,2022-03-21
ANA,20212022,2021-10-26,0,TRUE,3,4,5,7,2022-03-26,NA,2022-03-21
ANA,20212022,2021-10-28,1,TRUE,3,4,6,8,2022-03-26,NA,2022-03-21
ANA,20212022,2021-10-29,1,FALSE,4,5,7,9,2022-03-26,NA,2022-03-21
ANA,20212022,2021-10-31,2,TRUE,4,2,9,10,2022-03-26,NA,2022-03-21
ANA,20212022,2021-11-02,2,TRUE,4,0,11,11,2022-03-26,NA,2022-03-21
ANA,20212022,2021-11-05,2,TRUE,3,1,13,12,2022-03-26,NA,2022-03-21
ANA,20212022,2021-11-07,2,TRUE,4,1,15,13,2022-03-26,NA,2022-03-21
ANA,20212022,2021-11-09,2,FALSE,3,2,17,14,2022-03-26,NA,2022-03-21
ANA,20212022,2021-11-11,2,FALSE,7,4,19,15,2022-03-26,NA,2022-03-21
ANA,20212022,2021-11-14,2,TRUE,5,1,21,16,2022-03-26,NA,2022-03-21
ANA,20212022,2021-11-16,2,TRUE,3,2,23,17,2022-03-26,NA,2022-03-21
ANA,20212022,2021-11-18,0,TRUE,1,2,23,18,2022-03-26,NA,2022-03-21
ANA,20212022,2021-11-22,0,FALSE,2,3,23,19,2022-03-26,NA,2022-03-21
ANA,20212022,2021-11-24,0,FALSE,2,5,23,20,2022-03-26,NA,2022-03-21
ANA,20212022,2021-11-26,2,TRUE,4,0,25,21,2022-03-26,NA,2022-03-21
ANA,20212022,2021-11-28,0,TRUE,1,5,25,22,2022-03-26,NA,2022-03-21
ANA,20212022,2021-11-30,2,FALSE,5,4,27,23,2022-03-26,NA,2022-03-21
ANA,20212022,2021-12-01,2,TRUE,6,5,29,24,2022-03-26,NA,2022-03-21
ANA,20212022,2021-12-03,1,TRUE,3,4,30,25,2022-03-26,NA,2022-03-21
ANA,20212022,2021-12-06,1,FALSE,3,4,31,26,2022-03-26,NA,2022-03-21
ANA,20212022,2021-12-07,2,FALSE,2,0,33,27,2022-03-26,NA,2022-03-21
ANA,20212022,2021-12-09,2,FALSE,2,1,35,28,2022-03-26,NA,2022-03-21
ANA,20212022,2021-12-11,0,FALSE,0,1,35,29,2022-03-26,NA,2022-03-21
ANA,20212022,2021-12-12,2,FALSE,3,2,37,30,2022-03-26,NA,2022-03-21
ANA,20212022,2021-12-15,2,TRUE,4,1,39,31,2022-03-26,NA,2022-03-21
ANA,20212022,2021-12-17,1,TRUE,5,6,40,32,2022-03-26,NA,2022-03-21
ANA,20212022,2021-12-29,1,TRUE,1,2,41,33,2022-03-26,NA,2022-03-21
ANA,20212022,2021-12-31,0,FALSE,1,3,41,34,2022-03-26,NA,2022-03-21
ANA,20212022,2022-01-02,0,FALSE,2,4,41,35,2022-03-26,NA,2022-03-21
ANA,20212022,2022-01-04,2,TRUE,4,1,43,36,2022-03-26,NA,2022-03-21
ANA,20212022,2022-01-08,0,TRUE,1,4,43,37,2022-03-26,NA,2022-03-21
ANA,20212022,2022-01-09,2,TRUE,4,3,45,38,2022-03-26,NA,2022-03-21
ANA,20212022,2022-01-11,0,TRUE,1,4,45,39,2022-03-26,NA,2022-03-21
ANA,20212022,2022-01-14,0,FALSE,3,7,45,40,2022-03-26,NA,2022-03-21
ANA,20212022,2022-01-15,0,FALSE,0,3,45,41,2022-03-26,NA,2022-03-21
ANA,20212022,2022-01-19,0,TRUE,0,2,45,42,2022-03-26,NA,2022-03-21
ANA,20212022,2022-01-21,2,TRUE,5,1,47,43,2022-03-26,NA,2022-03-21
ANA,20212022,2022-01-24,2,FALSE,5,3,49,44,2022-03-26,NA,2022-03-21
ANA,20212022,2022-01-26,1,FALSE,3,4,50,45,2022-03-26,NA,2022-03-21
ANA,20212022,2022-01-27,2,FALSE,5,4,52,46,2022-03-26,NA,2022-03-21
ANA,20212022,2022-01-29,2,FALSE,2,1,54,47,2022-03-26,NA,2022-03-21
ANA,20212022,2022-01-31,1,FALSE,1,2,55,48,2022-03-26,NA,2022-03-21
ANA,20212022,2022-02-11,0,TRUE,3,4,55,49,2022-03-26,NA,2022-03-21
ANA,20212022,2022-02-16,0,FALSE,2,6,55,50,2022-03-26,NA,2022-03-21
ANA,20212022,2022-02-17,0,FALSE,3,7,55,51,2022-03-26,NA,2022-03-21
ANA,20212022,2022-02-19,2,FALSE,7,4,57,52,2022-03-26,NA,2022-03-21
ANA,20212022,2022-02-22,2,TRUE,4,3,59,53,2022-03-26,NA,2022-03-21
ANA,20212022,2022-02-25,0,TRUE,1,4,59,54,2022-03-26,NA,2022-03-21
ANA,20212022,2022-02-27,0,TRUE,0,4,59,55,2022-03-26,NA,2022-03-21
ANA,20212022,2022-03-01,2,TRUE,4,3,61,56,2022-03-26,NA,2022-03-21
ANA,20212022,2022-03-04,0,TRUE,4,5,61,57,2022-03-26,NA,2022-03-21
ANA,20212022,2022-03-06,2,TRUE,3,2,63,58,2022-03-26,NA,2022-03-21
ANA,20212022,2022-03-08,0,FALSE,3,8,63,59,2022-03-26,NA,2022-03-21
ANA,20212022,2022-03-10,0,FALSE,1,4,63,60,2022-03-26,NA,2022-03-21
ANA,20212022,2022-03-12,1,FALSE,1,2,64,61,2022-03-26,NA,2022-03-21
ANA,20212022,2022-03-13,0,FALSE,3,4,64,62,2022-03-26,NA,2022-03-21
ANA,20212022,2022-03-15,1,FALSE,3,4,65,63,2022-03-26,NA,2022-03-21
ANA,20212022,2022-03-18,0,TRUE,0,3,65,64,2022-03-26,NA,2022-03-21
ANA,20212022,2022-03-21,0,TRUE,3,6,65,65,2022-03-26,NA,2022-03-21
ANA,20212022,2022-03-23,0,TRUE,2,4,65,66,2022-03-26,NA,2022-03-21
ANA,20212022,2022-03-26,0,FALSE,1,4,65,67,2022-03-26,NA,2022-03-21
ANA,20212022,2022-03-29,0,TRUE,2,3,65,68,2022-03-26,NA,2022-03-21
ANA,20212022,2022-03-31,1,TRUE,2,3,66,69,2022-03-26,NA,2022-03-21
ANA,20212022,2022-04-01,2,FALSE,5,0,68,70,2022-03-26,NA,2022-03-21
ANA,20212022,2022-04-03,0,TRUE,1,6,68,71,2022-03-26,NA,2022-03-21
ANA,20212022,2022-04-06,0,TRUE,2,4,68,72,2022-03-26,NA,2022-03-21
ANA,20212022,2022-04-09,2,FALSE,5,3,70,73,2022-03-26,NA,2022-03-21
ANA,20212022,2022-04-10,0,FALSE,2,5,70,74,2022-03-26,NA,2022-03-21
ANA,20212022,2022-04-12,1,FALSE,2,3,71,75,2022-03-26,NA,2022-03-21
ANA,20212022,2022-04-14,1,FALSE,3,4,72,76,2022-03-26,NA,2022-03-21
ANA,20212022,2022-04-17,2,TRUE,6,4,74,77,2022-03-26,NA,2022-03-21
ANA,20212022,2022-04-19,0,TRUE,1,2,74,78,2022-03-26,NA,2022-03-21
ANA,20212022,2022-04-23,0,FALSE,2,4,74,79,2022-03-26,NA,2022-03-21
ANA,20212022,2022-04-24,0,TRUE,3,6,74,80,2022-03-26,NA,2022-03-21
ANA,20212022,2022-04-26,2,FALSE,5,2,76,81,2022-03-26,NA,2022-03-21
ANA,20212022,2022-04-29,0,FALSE,2,4,76,82,2022-03-26,NA,2022-03-21
ANA,20222023,2022-10-12,2,TRUE,5,4,2,1,2023-02-17,NA,2023-03-03
ANA,20222023,2022-10-15,0,FALSE,1,7,2,2,2023-02-17,NA,2023-03-03
ANA,20222023,2022-10-17,0,FALSE,4,6,2,3,2023-02-17,NA,2023-03-03
ANA,20222023,2022-10-18,0,FALSE,2,4,2,4,2023-02-17,NA,2023-03-03
ANA,20222023,2022-10-20,1,FALSE,1,2,3,5,2023-02-17,NA,2023-03-03
ANA,20222023,2022-10-23,0,FALSE,1,5,3,6,2023-02-17,NA,2023-03-03
ANA,20222023,2022-10-26,0,TRUE,2,4,3,7,2023-02-17,NA,2023-03-03
ANA,20222023,2022-10-28,0,FALSE,0,4,3,8,2023-02-17,NA,2023-03-03
ANA,20222023,2022-10-30,2,TRUE,4,3,5,9,2023-02-17,NA,2023-03-03
ANA,20222023,2022-11-01,2,FALSE,6,5,7,10,2023-02-17,NA,2023-03-03
ANA,20222023,2022-11-03,0,FALSE,5,8,7,11,2023-02-17,NA,2023-03-03
ANA,20222023,2022-11-05,2,FALSE,5,4,9,12,2023-02-17,NA,2023-03-03
ANA,20222023,2022-11-06,0,TRUE,3,5,9,13,2023-02-17,NA,2023-03-03
ANA,20222023,2022-11-09,0,TRUE,1,4,9,14,2023-02-17,NA,2023-03-03
ANA,20222023,2022-11-12,0,TRUE,2,3,9,15,2023-02-17,NA,2023-03-03
ANA,20222023,2022-11-15,2,TRUE,3,2,11,16,2023-02-17,NA,2023-03-03
ANA,20222023,2022-11-17,0,FALSE,2,3,11,17,2023-02-17,NA,2023-03-03
ANA,20222023,2022-11-19,0,FALSE,2,6,11,18,2023-02-17,NA,2023-03-03
ANA,20222023,2022-11-21,0,FALSE,1,3,11,19,2023-02-17,NA,2023-03-03
ANA,20222023,2022-11-23,2,TRUE,3,2,13,20,2023-02-17,NA,2023-03-03
ANA,20222023,2022-11-25,0,TRUE,1,5,13,21,2023-02-17,NA,2023-03-03
ANA,20222023,2022-11-27,0,TRUE,4,5,13,22,2023-02-17,NA,2023-03-03
ANA,20222023,2022-11-29,1,FALSE,1,2,14,23,2023-02-17,NA,2023-03-03
ANA,20222023,2022-12-01,0,FALSE,0,5,14,24,2023-02-17,NA,2023-03-03
ANA,20222023,2022-12-03,1,FALSE,4,5,15,25,2023-02-17,NA,2023-03-03
ANA,20222023,2022-12-04,0,FALSE,2,5,15,26,2023-02-17,NA,2023-03-03
ANA,20222023,2022-12-06,2,TRUE,4,3,17,27,2023-02-17,NA,2023-03-03
ANA,20222023,2022-12-09,0,TRUE,1,6,17,28,2023-02-17,NA,2023-03-03
ANA,20222023,2022-12-12,0,FALSE,0,3,17,29,2023-02-17,NA,2023-03-03
ANA,20222023,2022-12-13,0,FALSE,0,7,17,30,2023-02-17,NA,2023-03-03
ANA,20222023,2022-12-15,2,FALSE,5,2,19,31,2023-02-17,NA,2023-03-03
ANA,20222023,2022-12-17,2,FALSE,4,3,21,32,2023-02-17,NA,2023-03-03
ANA,20222023,2022-12-20,0,FALSE,1,4,21,33,2023-02-17,NA,2023-03-03
ANA,20222023,2022-12-21,0,TRUE,1,4,21,34,2023-02-17,NA,2023-03-03
ANA,20222023,2022-12-23,1,TRUE,2,3,22,35,2023-02-17,NA,2023-03-03
ANA,20222023,2022-12-28,2,TRUE,3,2,24,36,2023-02-17,NA,2023-03-03
ANA,20222023,2022-12-30,0,TRUE,1,6,24,37,2023-02-17,NA,2023-03-03
ANA,20222023,2023-01-02,0,TRUE,1,4,24,38,2023-02-17,NA,2023-03-03
ANA,20222023,2023-01-04,2,TRUE,2,0,26,39,2023-02-17,NA,2023-03-03
ANA,20222023,2023-01-06,2,TRUE,5,4,28,40,2023-02-17,NA,2023-03-03
ANA,20222023,2023-01-08,0,TRUE,1,7,28,41,2023-02-17,NA,2023-03-03
ANA,20222023,2023-01-11,0,TRUE,2,6,28,42,2023-02-17,NA,2023-03-03
ANA,20222023,2023-01-13,0,TRUE,2,6,28,43,2023-02-17,NA,2023-03-03
ANA,20222023,2023-01-16,1,FALSE,3,4,29,44,2023-02-17,NA,2023-03-03
ANA,20222023,2023-01-17,0,FALSE,2,5,29,45,2023-02-17,NA,2023-03-03
ANA,20222023,2023-01-19,2,FALSE,5,3,31,46,2023-02-17,NA,2023-03-03
ANA,20222023,2023-01-21,0,FALSE,3,6,31,47,2023-02-17,NA,2023-03-03
ANA,20222023,2023-01-24,2,FALSE,5,2,33,48,2023-02-17,NA,2023-03-03
ANA,20222023,2023-01-26,2,FALSE,5,3,35,49,2023-02-17,NA,2023-03-03
ANA,20222023,2023-01-28,2,TRUE,2,1,37,50,2023-02-17,NA,2023-03-03
ANA,20222023,2023-02-06,1,FALSE,2,3,38,51,2023-02-17,NA,2023-03-03
ANA,20222023,2023-02-07,2,FALSE,3,2,40,52,2023-02-17,NA,2023-03-03
ANA,20222023,2023-02-10,0,TRUE,3,6,40,53,2023-02-17,NA,2023-03-03
ANA,20222023,2023-02-12,0,FALSE,2,7,40,54,2023-02-17,NA,2023-03-03
ANA,20222023,2023-02-15,0,TRUE,3,7,40,55,2023-02-17,NA,2023-03-03
ANA,20222023,2023-02-17,0,TRUE,3,6,40,56,2023-02-17,NA,2023-03-03
ANA,20222023,2023-02-20,1,FALSE,3,4,41,57,2023-02-17,NA,2023-03-03
ANA,20222023,2023-02-21,0,FALSE,1,6,41,58,2023-02-17,NA,2023-03-03
ANA,20222023,2023-02-23,2,FALSE,4,2,43,59,2023-02-17,NA,2023-03-03
ANA,20222023,2023-02-25,2,FALSE,3,2,45,60,2023-02-17,NA,2023-03-03
ANA,20222023,2023-02-27,2,TRUE,4,2,47,61,2023-02-17,NA,2023-03-03
ANA,20222023,2023-03-01,1,TRUE,2,3,48,62,2023-02-17,NA,2023-03-03
ANA,20222023,2023-03-03,2,TRUE,3,2,50,63,2023-02-17,NA,2023-03-03
ANA,20222023,2023-03-07,0,FALSE,2,5,50,64,2023-02-17,NA,2023-03-03
ANA,20222023,2023-03-08,1,FALSE,2,3,51,65,2023-02-17,NA,2023-03-03
ANA,20222023,2023-03-10,2,FALSE,3,1,53,66,2023-02-17,NA,2023-03-03
ANA,20222023,2023-03-12,1,TRUE,4,5,54,67,2023-02-17,NA,2023-03-03
ANA,20222023,2023-03-15,0,TRUE,3,6,54,68,2023-02-17,NA,2023-03-03
ANA,20222023,2023-03-17,2,TRUE,7,4,56,69,2023-02-17,NA,2023-03-03
ANA,20222023,2023-03-19,0,TRUE,1,2,56,70,2023-02-17,NA,2023-03-03
ANA,20222023,2023-03-21,0,TRUE,1,5,56,71,2023-02-17,NA,2023-03-03
ANA,20222023,2023-03-23,0,TRUE,2,3,56,72,2023-02-17,NA,2023-03-03
ANA,20222023,2023-03-25,0,TRUE,3,6,56,73,2023-02-17,NA,2023-03-03
ANA,20222023,2023-03-27,0,TRUE,1,5,56,74,2023-02-17,NA,2023-03-03
ANA,20222023,2023-03-30,0,FALSE,1,4,56,75,2023-02-17,NA,2023-03-03
ANA,20222023,2023-04-01,0,FALSE,0,6,56,76,2023-02-17,NA,2023-03-03
ANA,20222023,2023-04-02,0,FALSE,4,5,56,77,2023-02-17,NA,2023-03-03
ANA,20222023,2023-04-05,0,TRUE,1,3,56,78,2023-02-17,NA,2023-03-03
ANA,20222023,2023-04-08,1,FALSE,4,5,57,79,2023-02-17,NA,2023-03-03
ANA,20222023,2023-04-09,1,TRUE,4,5,58,80,2023-02-17,NA,2023-03-03
ANA,20222023,2023-04-11,0,TRUE,2,3,58,81,2023-02-17,NA,2023-03-03
ANA,20222023,2023-04-13,0,TRUE,3,5,58,82,2023-02-17,NA,2023-03-03
ANA,20232024,2023-10-14,0,FALSE,1,4,0,1,2024-02-25,NA,2024-03-08
ANA,20232024,2023-10-15,2,TRUE,6,3,2,2,2024-02-25,NA,2024-03-08
ANA,20232024,2023-10-19,0,TRUE,2,3,2,3,2024-02-25,NA,2024-03-08
ANA,20232024,2023-10-21,0,FALSE,1,2,2,4,2024-02-25,NA,2024-03-08
ANA,20232024,2023-10-22,0,TRUE,1,3,2,5,2024-02-25,NA,2024-03-08
ANA,20232024,2023-10-24,2,FALSE,3,2,4,6,2024-02-25,NA,2024-03-08
ANA,20232024,2023-10-26,2,FALSE,4,3,6,7,2024-02-25,NA,2024-03-08
ANA,20232024,2023-10-28,2,FALSE,7,4,8,8,2024-02-25,NA,2024-03-08
ANA,20232024,2023-10-30,2,FALSE,4,3,10,9,2024-02-25,NA,2024-03-08
ANA,20232024,2023-11-01,2,TRUE,4,3,12,10,2024-02-25,NA,2024-03-08
ANA,20232024,2023-11-05,2,TRUE,4,2,14,11,2024-02-25,NA,2024-03-08
ANA,20232024,2023-11-07,0,TRUE,0,2,14,12,2024-02-25,NA,2024-03-08
ANA,20232024,2023-11-10,0,TRUE,3,6,14,13,2024-02-25,NA,2024-03-08
ANA,20232024,2023-11-12,2,TRUE,4,1,16,14,2024-02-25,NA,2024-03-08
ANA,20232024,2023-11-14,2,FALSE,3,2,18,15,2024-02-25,NA,2024-03-08
ANA,20232024,2023-11-15,0,FALSE,2,8,18,16,2024-02-25,NA,2024-03-08
ANA,20232024,2023-11-17,0,TRUE,1,2,18,17,2024-02-25,NA,2024-03-08
ANA,20232024,2023-11-19,0,TRUE,1,3,18,18,2024-02-25,NA,2024-03-08
ANA,20232024,2023-11-22,0,TRUE,3,4,18,19,2024-02-25,NA,2024-03-08
ANA,20232024,2023-11-24,0,TRUE,2,5,18,20,2024-02-25,NA,2024-03-08
ANA,20232024,2023-11-26,0,FALSE,2,8,18,21,2024-02-25,NA,2024-03-08
ANA,20232024,2023-11-28,0,FALSE,1,3,18,22,2024-02-25,NA,2024-03-08
ANA,20232024,2023-11-30,0,TRUE,4,5,18,23,2024-02-25,NA,2024-03-08
ANA,20232024,2023-12-02,2,TRUE,4,3,20,24,2024-02-25,NA,2024-03-08
ANA,20232024,2023-12-05,0,FALSE,2,3,20,25,2024-02-25,NA,2024-03-08
ANA,20232024,2023-12-07,0,FALSE,0,1,20,26,2024-02-25,NA,2024-03-08
ANA,20232024,2023-12-10,0,TRUE,2,4,20,27,2024-02-25,NA,2024-03-08
ANA,20232024,2023-12-13,0,FALSE,3,4,20,28,2024-02-25,NA,2024-03-08
ANA,20232024,2023-12-15,0,FALSE,1,5,20,29,2024-02-25,NA,2024-03-08
ANA,20232024,2023-12-17,2,FALSE,5,1,22,30,2024-02-25,NA,2024-03-08
ANA,20232024,2023-12-18,2,FALSE,4,3,24,31,2024-02-25,NA,2024-03-08
ANA,20232024,2023-12-21,0,TRUE,0,3,24,32,2024-02-25,NA,2024-03-08
ANA,20232024,2023-12-23,0,TRUE,2,3,24,33,2024-02-25,NA,2024-03-08
ANA,20232024,2023-12-27,2,TRUE,5,2,26,34,2024-02-25,NA,2024-03-08
ANA,20232024,2023-12-29,0,TRUE,0,2,26,35,2024-02-25,NA,2024-03-08
ANA,20232024,2023-12-31,0,TRUE,2,7,26,36,2024-02-25,NA,2024-03-08
ANA,20232024,2024-01-03,1,TRUE,1,2,27,37,2024-02-25,NA,2024-03-08
ANA,20232024,2024-01-05,0,TRUE,1,3,27,38,2024-02-25,NA,2024-03-08
ANA,20232024,2024-01-07,0,TRUE,2,3,27,39,2024-02-25,NA,2024-03-08
ANA,20232024,2024-01-09,2,FALSE,5,3,29,40,2024-02-25,NA,2024-03-08
ANA,20232024,2024-01-11,0,FALSE,3,6,29,41,2024-02-25,NA,2024-03-08
ANA,20232024,2024-01-13,0,FALSE,1,5,29,42,2024-02-25,NA,2024-03-08
ANA,20232024,2024-01-15,2,FALSE,5,4,31,43,2024-02-25,NA,2024-03-08
ANA,20232024,2024-01-16,0,FALSE,0,2,31,44,2024-02-25,NA,2024-03-08
ANA,20232024,2024-01-20,0,FALSE,3,5,31,45,2024-02-25,NA,2024-03-08
ANA,20232024,2024-01-21,0,TRUE,2,5,31,46,2024-02-25,NA,2024-03-08
ANA,20232024,2024-01-23,2,TRUE,4,2,33,47,2024-02-25,NA,2024-03-08
ANA,20232024,2024-01-25,1,FALSE,3,4,34,48,2024-02-25,NA,2024-03-08
ANA,20232024,2024-01-27,2,FALSE,3,2,36,49,2024-02-25,NA,2024-03-08
ANA,20232024,2024-01-31,2,TRUE,3,2,38,50,2024-02-25,NA,2024-03-08
ANA,20232024,2024-02-09,0,TRUE,3,5,38,51,2024-02-25,NA,2024-03-08
ANA,20232024,2024-02-13,0,FALSE,0,5,38,52,2024-02-25,NA,2024-03-08
ANA,20232024,2024-02-15,2,FALSE,5,1,40,53,2024-02-25,NA,2024-03-08
ANA,20232024,2024-02-17,0,FALSE,2,9,40,54,2024-02-25,NA,2024-03-08
ANA,20232024,2024-02-19,2,FALSE,4,3,42,55,2024-02-25,NA,2024-03-08
ANA,20232024,2024-02-21,0,TRUE,4,7,42,56,2024-02-25,NA,2024-03-08
ANA,20232024,2024-02-24,1,FALSE,2,3,43,57,2024-02-25,NA,2024-03-08
ANA,20232024,2024-02-25,0,TRUE,2,4,43,58,2024-02-25,NA,2024-03-08
ANA,20232024,2024-02-29,2,FALSE,6,4,45,59,2024-02-25,NA,2024-03-08
ANA,20232024,2024-03-01,2,TRUE,4,3,47,60,2024-02-25,NA,2024-03-08
ANA,20232024,2024-03-03,0,TRUE,1,2,47,61,2024-02-25,NA,2024-03-08
ANA,20232024,2024-03-06,2,TRUE,2,1,49,62,2024-02-25,NA,2024-03-08
ANA,20232024,2024-03-08,0,TRUE,2,6,49,63,2024-02-25,NA,2024-03-08
ANA,20232024,2024-03-10,0,TRUE,1,6,49,64,2024-02-25,NA,2024-03-08
ANA,20232024,2024-03-12,0,FALSE,2,7,49,65,2024-02-25,NA,2024-03-08
ANA,20232024,2024-03-14,0,FALSE,0,2,49,66,2024-02-25,NA,2024-03-08
ANA,20232024,2024-03-15,0,FALSE,0,6,49,67,2024-02-25,NA,2024-03-08
ANA,20232024,2024-03-17,0,FALSE,2,4,49,68,2024-02-25,NA,2024-03-08
ANA,20232024,2024-03-19,0,TRUE,0,4,49,69,2024-02-25,NA,2024-03-08
ANA,20232024,2024-03-21,2,TRUE,4,0,51,70,2024-02-25,NA,2024-03-08
ANA,20232024,2024-03-24,1,TRUE,2,3,52,71,2024-02-25,NA,2024-03-08
ANA,20232024,2024-03-26,0,FALSE,0,4,52,72,2024-02-25,NA,2024-03-08
ANA,20232024,2024-03-28,0,FALSE,2,4,52,73,2024-02-25,NA,2024-03-08
ANA,20232024,2024-03-30,0,FALSE,1,6,52,74,2024-02-25,NA,2024-03-08
ANA,20232024,2024-03-31,0,FALSE,2,3,52,75,2024-02-25,NA,2024-03-08
ANA,20232024,2024-04-02,2,FALSE,5,3,54,76,2024-02-25,NA,2024-03-08
ANA,20232024,2024-04-05,0,TRUE,1,3,54,77,2024-02-25,NA,2024-03-08
ANA,20232024,2024-04-07,1,TRUE,5,6,55,78,2024-02-25,NA,2024-03-08
ANA,20232024,2024-04-09,2,TRUE,3,1,57,79,2024-02-25,NA,2024-03-08
ANA,20232024,2024-04-12,0,TRUE,3,6,57,80,2024-02-25,NA,2024-03-08
ANA,20232024,2024-04-13,0,FALSE,1,3,57,81,2024-02-25,NA,2024-03-08
ANA,20232024,2024-04-18,2,FALSE,4,1,59,82,2024-02-25,NA,2024-03-08
ARI,20212022,2021-10-14,0,FALSE,2,8,0,1,2022-02-11,NA,2022-03-21
ARI,20212022,2021-10-16,1,FALSE,1,2,1,2,2022-02-11,NA,2022-03-21
ARI,20212022,2021-10-18,0,TRUE,4,7,1,3,2022-02-11,NA,2022-03-21
ARI,20212022,2021-10-21,0,TRUE,1,5,1,4,2022-02-11,NA,2022-03-21
ARI,20212022,2021-10-23,0,TRUE,0,3,1,5,2022-02-11,NA,2022-03-21
ARI,20212022,2021-10-25,0,FALSE,3,5,1,6,2022-02-11,NA,2022-03-21
ARI,20212022,2021-10-28,0,FALSE,1,5,1,7,2022-02-11,NA,2022-03-21
ARI,20212022,2021-10-29,0,FALSE,0,2,1,8,2022-02-11,NA,2022-03-21
ARI,20212022,2021-10-31,0,FALSE,1,2,1,9,2022-02-11,NA,2022-03-21
ARI,20212022,2021-11-02,0,FALSE,0,3,1,10,2022-02-11,NA,2022-03-21
ARI,20212022,2021-11-05,0,FALSE,1,3,1,11,2022-02-11,NA,2022-03-21
ARI,20212022,2021-11-06,2,TRUE,5,4,3,12,2022-02-11,NA,2022-03-21
ARI,20212022,2021-11-10,0,TRUE,2,5,3,13,2022-02-11,NA,2022-03-21
ARI,20212022,2021-11-12,0,FALSE,1,2,3,14,2022-02-11,NA,2022-03-21
ARI,20212022,2021-11-13,0,FALSE,1,4,3,15,2022-02-11,NA,2022-03-21
ARI,20212022,2021-11-16,2,FALSE,3,2,5,16,2022-02-11,NA,2022-03-21
ARI,20212022,2021-11-18,1,TRUE,4,5,6,17,2022-02-11,NA,2022-03-21
ARI,20212022,2021-11-20,2,TRUE,2,1,8,18,2022-02-11,NA,2022-03-21
ARI,20212022,2021-11-21,2,FALSE,2,1,10,19,2022-02-11,NA,2022-03-21
ARI,20212022,2021-11-24,0,TRUE,3,5,10,20,2022-02-11,NA,2022-03-21
ARI,20212022,2021-11-27,0,TRUE,2,3,10,21,2022-02-11,NA,2022-03-21
ARI,20212022,2021-11-29,2,FALSE,1,0,12,22,2022-02-11,NA,2022-03-21
ARI,20212022,2021-11-30,0,FALSE,2,5,12,23,2022-02-11,NA,2022-03-21
ARI,20212022,2021-12-03,0,TRUE,1,7,12,24,2022-02-11,NA,2022-03-21
ARI,20212022,2021-12-06,0,FALSE,1,4,12,25,2022-02-11,NA,2022-03-21
ARI,20212022,2021-12-10,0,TRUE,1,3,12,26,2022-02-11,NA,2022-03-21
ARI,20212022,2021-12-11,0,TRUE,3,5,12,27,2022-02-11,NA,2022-03-21
ARI,20212022,2021-12-15,0,TRUE,2,3,12,28,2022-02-11,NA,2022-03-21
ARI,20212022,2021-12-17,2,FALSE,6,5,14,29,2022-02-11,NA,2022-03-21
ARI,20212022,2021-12-28,1,FALSE,7,8,15,30,2022-02-11,NA,2022-03-21
ARI,20212022,2022-01-04,0,TRUE,1,3,15,31,2022-02-11,NA,2022-03-21
ARI,20212022,2022-01-06,2,TRUE,6,4,17,32,2022-02-11,NA,2022-03-21
ARI,20212022,2022-01-08,0,TRUE,2,4,17,33,2022-02-11,NA,2022-03-21
ARI,20212022,2022-01-12,2,TRUE,2,1,19,34,2022-02-11,NA,2022-03-21
ARI,20212022,2022-01-14,1,FALSE,3,4,20,35,2022-02-11,NA,2022-03-21
ARI,20212022,2022-01-15,0,TRUE,0,5,20,36,2022-02-11,NA,2022-03-21
ARI,20212022,2022-01-17,2,TRUE,5,2,22,37,2022-02-11,NA,2022-03-21
ARI,20212022,2022-01-19,2,FALSE,4,1,24,38,2022-02-11,NA,2022-03-21
ARI,20212022,2022-01-21,0,FALSE,0,4,24,39,2022-02-11,NA,2022-03-21
ARI,20212022,2022-01-22,0,FALSE,3,7,24,40,2022-02-11,NA,2022-03-21
ARI,20212022,2022-01-25,0,FALSE,3,6,24,41,2022-02-11,NA,2022-03-21
ARI,20212022,2022-01-28,0,TRUE,1,2,24,42,2022-02-11,NA,2022-03-21
ARI,20212022,2022-01-29,0,TRUE,1,3,24,43,2022-02-11,NA,2022-03-21
ARI,20212022,2022-02-01,2,FALSE,3,2,26,44,2022-02-11,NA,2022-03-21
ARI,20212022,2022-02-02,0,TRUE,2,4,26,45,2022-02-11,NA,2022-03-21
ARI,20212022,2022-02-08,0,FALSE,1,5,26,46,2022-02-11,NA,2022-03-21
ARI,20212022,2022-02-09,2,FALSE,5,2,28,47,2022-02-11,NA,2022-03-21
ARI,20212022,2022-02-11,0,TRUE,3,4,28,48,2022-02-11,NA,2022-03-21
ARI,20212022,2022-02-19,0,TRUE,3,5,28,49,2022-02-11,NA,2022-03-21
ARI,20212022,2022-02-20,2,TRUE,3,1,30,50,2022-02-11,NA,2022-03-21
ARI,20212022,2022-02-23,0,TRUE,2,3,30,51,2022-02-11,NA,2022-03-21
ARI,20212022,2022-02-25,2,TRUE,3,1,32,52,2022-02-11,NA,2022-03-21
ARI,20212022,2022-02-27,0,TRUE,3,5,32,53,2022-02-11,NA,2022-03-21
ARI,20212022,2022-03-03,2,TRUE,2,1,34,54,2022-02-11,NA,2022-03-21
ARI,20212022,2022-03-05,2,TRUE,8,5,36,55,2022-02-11,NA,2022-03-21
ARI,20212022,2022-03-08,2,FALSE,9,2,38,56,2022-02-11,NA,2022-03-21
ARI,20212022,2022-03-10,2,FALSE,5,4,40,57,2022-02-11,NA,2022-03-21
ARI,20212022,2022-03-12,0,FALSE,2,3,40,58,2022-02-11,NA,2022-03-21
ARI,20212022,2022-03-14,2,FALSE,5,3,42,59,2022-02-11,NA,2022-03-21
ARI,20212022,2022-03-15,2,FALSE,6,3,44,60,2022-02-11,NA,2022-03-21
ARI,20212022,2022-03-19,0,TRUE,1,4,44,61,2022-02-11,NA,2022-03-21
ARI,20212022,2022-03-20,0,FALSE,2,4,44,62,2022-02-11,NA,2022-03-21
ARI,20212022,2022-03-22,0,TRUE,2,4,44,63,2022-02-11,NA,2022-03-21
ARI,20212022,2022-03-25,0,FALSE,2,4,44,64,2022-02-11,NA,2022-03-21
ARI,20212022,2022-03-27,1,FALSE,1,2,45,65,2022-02-11,NA,2022-03-21
ARI,20212022,2022-03-28,0,FALSE,1,6,45,66,2022-02-11,NA,2022-03-21
ARI,20212022,2022-03-30,2,TRUE,5,2,47,67,2022-02-11,NA,2022-03-21
ARI,20212022,2022-04-01,0,TRUE,0,5,47,68,2022-02-11,NA,2022-03-21
ARI,20212022,2022-04-03,2,FALSE,3,2,49,69,2022-02-11,NA,2022-03-21
ARI,20212022,2022-04-04,0,FALSE,1,5,49,70,2022-02-11,NA,2022-03-21
ARI,20212022,2022-04-07,0,TRUE,1,5,49,71,2022-02-11,NA,2022-03-21
ARI,20212022,2022-04-09,0,FALSE,1,6,49,72,2022-02-11,NA,2022-03-21
ARI,20212022,2022-04-12,0,TRUE,2,6,49,73,2022-02-11,NA,2022-03-21
ARI,20212022,2022-04-14,0,FALSE,1,7,49,74,2022-02-11,NA,2022-03-21
ARI,20212022,2022-04-16,0,FALSE,1,9,49,75,2022-02-11,NA,2022-03-21
ARI,20212022,2022-04-18,0,TRUE,3,5,49,76,2022-02-11,NA,2022-03-21
ARI,20212022,2022-04-20,1,TRUE,3,4,50,77,2022-02-11,NA,2022-03-21
ARI,20212022,2022-04-22,0,TRUE,0,2,50,78,2022-02-11,NA,2022-03-21
ARI,20212022,2022-04-23,1,TRUE,4,5,51,79,2022-02-11,NA,2022-03-21
ARI,20212022,2022-04-26,2,FALSE,5,3,53,80,2022-02-11,NA,2022-03-21
ARI,20212022,2022-04-27,2,FALSE,4,3,55,81,2022-02-11,NA,2022-03-21
ARI,20212022,2022-04-29,2,TRUE,5,4,57,82,2022-02-11,NA,2022-03-21
ARI,20222023,2022-10-13,0,FALSE,2,6,0,1,2023-03-03,NA,2023-03-03
ARI,20222023,2022-10-15,0,FALSE,3,6,0,2,2023-03-03,NA,2023-03-03
ARI,20222023,2022-10-17,2,FALSE,4,2,2,3,2023-03-03,NA,2023-03-03
ARI,20222023,2022-10-20,0,FALSE,2,6,2,4,2023-03-03,NA,2023-03-03
ARI,20222023,2022-10-22,0,FALSE,2,6,2,5,2023-03-03,NA,2023-03-03
ARI,20222023,2022-10-25,2,FALSE,6,3,4,6,2023-03-03,NA,2023-03-03
ARI,20222023,2022-10-28,1,TRUE,2,3,5,7,2023-03-03,NA,2023-03-03
ARI,20222023,2022-10-30,0,TRUE,2,3,5,8,2023-03-03,NA,2023-03-03
ARI,20222023,2022-11-01,2,TRUE,3,1,7,9,2023-03-03,NA,2023-03-03
ARI,20222023,2022-11-03,0,TRUE,2,7,7,10,2023-03-03,NA,2023-03-03
ARI,20222023,2022-11-05,2,FALSE,3,2,9,11,2023-03-03,NA,2023-03-03
ARI,20222023,2022-11-08,2,FALSE,4,1,11,12,2023-03-03,NA,2023-03-03
ARI,20222023,2022-11-10,2,FALSE,2,0,13,13,2023-03-03,NA,2023-03-03
ARI,20222023,2022-11-12,0,FALSE,2,4,13,14,2023-03-03,NA,2023-03-03
ARI,20222023,2022-11-13,0,FALSE,1,4,13,15,2023-03-03,NA,2023-03-03
ARI,20222023,2022-11-17,0,FALSE,1,4,13,16,2023-03-03,NA,2023-03-03
ARI,20222023,2022-11-21,1,FALSE,3,4,14,17,2023-03-03,NA,2023-03-03
ARI,20222023,2022-11-23,2,FALSE,4,0,16,18,2023-03-03,NA,2023-03-03
ARI,20222023,2022-11-25,1,FALSE,3,4,17,19,2023-03-03,NA,2023-03-03
ARI,20222023,2022-11-27,0,FALSE,3,4,17,20,2023-03-03,NA,2023-03-03
ARI,20222023,2022-12-01,0,FALSE,3,5,17,21,2023-03-03,NA,2023-03-03
ARI,20222023,2022-12-03,1,FALSE,2,3,18,22,2023-03-03,NA,2023-03-03
ARI,20222023,2022-12-05,0,FALSE,2,3,18,23,2023-03-03,NA,2023-03-03
ARI,20222023,2022-12-07,0,FALSE,2,8,18,24,2023-03-03,NA,2023-03-03
ARI,20222023,2022-12-09,2,TRUE,4,3,20,25,2023-03-03,NA,2023-03-03
ARI,20222023,2022-12-11,2,TRUE,5,4,22,26,2023-03-03,NA,2023-03-03
ARI,20222023,2022-12-13,0,FALSE,2,3,22,27,2023-03-03,NA,2023-03-03
ARI,20222023,2022-12-16,2,TRUE,5,4,24,28,2023-03-03,NA,2023-03-03
ARI,20222023,2022-12-17,0,TRUE,2,5,24,29,2023-03-03,NA,2023-03-03
ARI,20222023,2022-12-19,1,TRUE,2,3,25,30,2023-03-03,NA,2023-03-03
ARI,20222023,2022-12-21,0,FALSE,2,5,25,31,2023-03-03,NA,2023-03-03
ARI,20222023,2022-12-23,2,TRUE,2,1,27,32,2023-03-03,NA,2023-03-03
ARI,20222023,2022-12-27,2,TRUE,6,3,29,33,2023-03-03,NA,2023-03-03
ARI,20222023,2022-12-29,2,TRUE,6,3,31,34,2023-03-03,NA,2023-03-03
ARI,20222023,2022-12-31,0,FALSE,3,5,31,35,2023-03-03,NA,2023-03-03
ARI,20222023,2023-01-03,0,FALSE,3,5,31,36,2023-03-03,NA,2023-03-03
ARI,20222023,2023-01-05,0,FALSE,2,6,31,37,2023-03-03,NA,2023-03-03
ARI,20222023,2023-01-06,0,FALSE,0,2,31,38,2023-03-03,NA,2023-03-03
ARI,20222023,2023-01-08,0,TRUE,1,4,31,39,2023-03-03,NA,2023-03-03
ARI,20222023,2023-01-10,0,TRUE,2,4,31,40,2023-03-03,NA,2023-03-03
ARI,20222023,2023-01-12,0,TRUE,3,5,31,41,2023-03-03,NA,2023-03-03
ARI,20222023,2023-01-14,0,FALSE,1,2,31,42,2023-03-03,NA,2023-03-03
ARI,20222023,2023-01-15,0,FALSE,1,2,31,43,2023-03-03,NA,2023-03-03
ARI,20222023,2023-01-17,2,TRUE,4,3,33,44,2023-03-03,NA,2023-03-03
ARI,20222023,2023-01-19,0,TRUE,0,4,33,45,2023-03-03,NA,2023-03-03
ARI,20222023,2023-01-21,0,FALSE,0,4,33,46,2023-03-03,NA,2023-03-03
ARI,20222023,2023-01-22,2,TRUE,4,1,35,47,2023-03-03,NA,2023-03-03
ARI,20222023,2023-01-24,0,TRUE,2,5,35,48,2023-03-03,NA,2023-03-03
ARI,20222023,2023-01-26,2,TRUE,5,0,37,49,2023-03-03,NA,2023-03-03
ARI,20222023,2023-01-28,1,FALSE,1,2,38,50,2023-03-03,NA,2023-03-03
ARI,20222023,2023-02-06,2,TRUE,3,2,40,51,2023-03-03,NA,2023-03-03
ARI,20222023,2023-02-10,1,FALSE,3,4,41,52,2023-03-03,NA,2023-03-03
ARI,20222023,2023-02-11,1,FALSE,5,6,42,53,2023-03-03,NA,2023-03-03
ARI,20222023,2023-02-13,2,FALSE,4,2,44,54,2023-03-03,NA,2023-03-03
ARI,20222023,2023-02-15,2,TRUE,1,0,46,55,2023-03-03,NA,2023-03-03
ARI,20222023,2023-02-18,1,FALSE,5,6,47,56,2023-03-03,NA,2023-03-03
ARI,20222023,2023-02-19,2,TRUE,3,2,49,57,2023-03-03,NA,2023-03-03
ARI,20222023,2023-02-22,0,TRUE,3,6,49,58,2023-03-03,NA,2023-03-03
ARI,20222023,2023-02-26,0,TRUE,2,6,49,59,2023-03-03,NA,2023-03-03
ARI,20222023,2023-02-28,2,TRUE,4,1,51,60,2023-03-03,NA,2023-03-03
ARI,20222023,2023-03-01,0,FALSE,2,4,51,61,2023-03-03,NA,2023-03-03
ARI,20222023,2023-03-03,0,TRUE,1,6,51,62,2023-03-03,NA,2023-03-03
ARI,20222023,2023-03-05,1,TRUE,4,5,52,63,2023-03-03,NA,2023-03-03
ARI,20222023,2023-03-07,2,TRUE,6,2,54,64,2023-03-03,NA,2023-03-03
ARI,20222023,2023-03-09,2,TRUE,4,1,56,65,2023-03-03,NA,2023-03-03
ARI,20222023,2023-03-11,1,FALSE,2,3,57,66,2023-03-03,NA,2023-03-03
ARI,20222023,2023-03-12,2,TRUE,5,4,59,67,2023-03-03,NA,2023-03-03
ARI,20222023,2023-03-14,2,TRUE,4,3,61,68,2023-03-03,NA,2023-03-03
ARI,20222023,2023-03-16,2,TRUE,3,2,63,69,2023-03-03,NA,2023-03-03
ARI,20222023,2023-03-18,2,TRUE,4,2,65,70,2023-03-03,NA,2023-03-03
ARI,20222023,2023-03-21,0,FALSE,1,2,65,71,2023-03-03,NA,2023-03-03
ARI,20222023,2023-03-22,1,FALSE,3,4,66,72,2023-03-03,NA,2023-03-03
ARI,20222023,2023-03-24,0,FALSE,1,3,66,73,2023-03-03,NA,2023-03-03
ARI,20222023,2023-03-26,1,TRUE,3,4,67,74,2023-03-03,NA,2023-03-03
ARI,20222023,2023-03-27,0,TRUE,4,5,67,75,2023-03-03,NA,2023-03-03
ARI,20222023,2023-03-31,0,TRUE,2,5,67,76,2023-03-03,NA,2023-03-03
ARI,20222023,2023-04-01,0,TRUE,2,7,67,77,2023-03-03,NA,2023-03-03
ARI,20222023,2023-04-03,0,FALSE,1,8,67,78,2023-03-03,NA,2023-03-03
ARI,20222023,2023-04-06,0,FALSE,2,4,67,79,2023-03-03,NA,2023-03-03
ARI,20222023,2023-04-08,2,TRUE,5,4,69,80,2023-03-03,NA,2023-03-03
ARI,20222023,2023-04-10,0,TRUE,1,4,69,81,2023-03-03,NA,2023-03-03
ARI,20222023,2023-04-13,1,TRUE,4,5,70,82,2023-03-03,NA,2023-03-03
ARI,20232024,2023-10-13,2,FALSE,4,3,2,1,2024-03-10,NA,2024-03-08
ARI,20232024,2023-10-16,0,FALSE,1,2,2,2,2024-03-10,NA,2024-03-08
ARI,20232024,2023-10-17,0,FALSE,0,1,2,3,2024-03-10,NA,2024-03-08
ARI,20232024,2023-10-19,2,FALSE,6,2,4,4,2024-03-10,NA,2024-03-08
ARI,20232024,2023-10-21,2,TRUE,2,1,6,5,2024-03-10,NA,2024-03-08
ARI,20232024,2023-10-24,0,FALSE,3,6,6,6,2024-03-10,NA,2024-03-08
ARI,20232024,2023-10-27,0,TRUE,4,5,6,7,2024-03-10,NA,2024-03-08
ARI,20232024,2023-10-30,2,TRUE,8,1,8,8,2024-03-10,NA,2024-03-08
ARI,20232024,2023-11-01,1,FALSE,3,4,9,9,2024-03-10,NA,2024-03-08
ARI,20232024,2023-11-02,2,TRUE,3,2,11,10,2024-03-10,NA,2024-03-08
ARI,20232024,2023-11-04,0,TRUE,3,5,11,11,2024-03-10,NA,2024-03-08
ARI,20232024,2023-11-07,2,TRUE,4,3,13,12,2024-03-10,NA,2024-03-08
ARI,20232024,2023-11-09,0,FALSE,1,2,13,13,2024-03-10,NA,2024-03-08
ARI,20232024,2023-11-11,2,FALSE,7,5,15,14,2024-03-10,NA,2024-03-08
ARI,20232024,2023-11-14,1,FALSE,3,4,16,15,2024-03-10,NA,2024-03-08
ARI,20232024,2023-11-16,2,FALSE,3,2,18,16,2024-03-10,NA,2024-03-08
ARI,20232024,2023-11-18,0,FALSE,2,5,18,17,2024-03-10,NA,2024-03-08
ARI,20232024,2023-11-20,0,TRUE,1,4,18,18,2024-03-10,NA,2024-03-08
ARI,20232024,2023-11-22,0,TRUE,5,6,18,19,2024-03-10,NA,2024-03-08
ARI,20232024,2023-11-25,2,FALSE,2,0,20,20,2024-03-10,NA,2024-03-08
ARI,20232024,2023-11-28,2,TRUE,3,1,22,21,2024-03-10,NA,2024-03-08
ARI,20232024,2023-11-30,2,TRUE,4,3,24,22,2024-03-10,NA,2024-03-08
ARI,20232024,2023-12-02,2,TRUE,4,1,26,23,2024-03-10,NA,2024-03-08
ARI,20232024,2023-12-04,2,TRUE,6,0,28,24,2024-03-10,NA,2024-03-08
ARI,20232024,2023-12-07,0,TRUE,1,4,28,25,2024-03-10,NA,2024-03-08
ARI,20232024,2023-12-09,0,FALSE,3,5,28,26,2024-03-10,NA,2024-03-08
ARI,20232024,2023-12-11,0,FALSE,2,5,28,27,2024-03-10,NA,2024-03-08
ARI,20232024,2023-12-12,0,FALSE,2,4,28,28,2024-03-10,NA,2024-03-08
ARI,20232024,2023-12-15,2,TRUE,1,0,30,29,2024-03-10,NA,2024-03-08
ARI,20232024,2023-12-16,2,TRUE,2,0,32,30,2024-03-10,NA,2024-03-08
ARI,20232024,2023-12-19,2,TRUE,4,3,34,31,2024-03-10,NA,2024-03-08
ARI,20232024,2023-12-21,2,FALSE,5,2,36,32,2024-03-10,NA,2024-03-08
ARI,20232024,2023-12-23,0,FALSE,1,4,36,33,2024-03-10,NA,2024-03-08
ARI,20232024,2023-12-27,2,TRUE,5,4,38,34,2024-03-10,NA,2024-03-08
ARI,20232024,2023-12-29,2,FALSE,2,0,40,35,2024-03-10,NA,2024-03-08
ARI,20232024,2024-01-02,0,TRUE,1,4,40,36,2024-03-10,NA,2024-03-08
ARI,20232024,2024-01-04,0,TRUE,1,5,40,37,2024-03-10,NA,2024-03-08
ARI,20232024,2024-01-07,0,TRUE,2,6,40,38,2024-03-10,NA,2024-03-08
ARI,20232024,2024-01-09,2,TRUE,4,3,42,39,2024-03-10,NA,2024-03-08
ARI,20232024,2024-01-11,0,TRUE,2,6,42,40,2024-03-10,NA,2024-03-08
ARI,20232024,2024-01-13,2,FALSE,6,0,44,41,2024-03-10,NA,2024-03-08
ARI,20232024,2024-01-16,1,FALSE,2,3,45,42,2024-03-10,NA,2024-03-08
ARI,20232024,2024-01-18,0,FALSE,1,2,45,43,2024-03-10,NA,2024-03-08
ARI,20232024,2024-01-20,2,TRUE,3,2,47,44,2024-03-10,NA,2024-03-08
ARI,20232024,2024-01-22,2,TRUE,5,2,49,45,2024-03-10,NA,2024-03-08
ARI,20232024,2024-01-24,0,FALSE,2,6,49,46,2024-03-10,NA,2024-03-08
ARI,20232024,2024-01-25,0,FALSE,3,6,49,47,2024-03-10,NA,2024-03-08
ARI,20232024,2024-01-27,0,FALSE,1,3,49,48,2024-03-10,NA,2024-03-08
ARI,20232024,2024-02-08,0,TRUE,2,3,49,49,2024-03-10,NA,2024-03-08
ARI,20232024,2024-02-10,1,FALSE,4,5,50,50,2024-03-10,NA,2024-03-08
ARI,20232024,2024-02-12,0,FALSE,3,5,50,51,2024-03-10,NA,2024-03-08
ARI,20232024,2024-02-14,0,TRUE,1,3,50,52,2024-03-10,NA,2024-03-08
ARI,20232024,2024-02-16,0,TRUE,1,5,50,53,2024-03-10,NA,2024-03-08
ARI,20232024,2024-02-18,0,FALSE,3,4,50,54,2024-03-10,NA,2024-03-08
ARI,20232024,2024-02-19,0,TRUE,3,6,50,55,2024-03-10,NA,2024-03-08
ARI,20232024,2024-02-21,0,TRUE,3,6,50,56,2024-03-10,NA,2024-03-08
ARI,20232024,2024-02-25,1,FALSE,3,4,51,57,2024-03-10,NA,2024-03-08
ARI,20232024,2024-02-27,0,FALSE,2,4,51,58,2024-03-10,NA,2024-03-08
ARI,20232024,2024-02-29,0,FALSE,2,4,51,59,2024-03-10,NA,2024-03-08
ARI,20232024,2024-03-01,2,FALSE,5,3,53,60,2024-03-10,NA,2024-03-08
ARI,20232024,2024-03-03,2,FALSE,5,2,55,61,2024-03-10,NA,2024-03-08
ARI,20232024,2024-03-05,0,TRUE,2,5,55,62,2024-03-10,NA,2024-03-08
ARI,20232024,2024-03-07,0,TRUE,2,5,55,63,2024-03-10,NA,2024-03-08
ARI,20232024,2024-03-08,2,TRUE,4,0,57,64,2024-03-10,NA,2024-03-08
ARI,20232024,2024-03-10,0,FALSE,4,7,57,65,2024-03-10,NA,2024-03-08
ARI,20232024,2024-03-12,0,FALSE,1,4,57,66,2024-03-10,NA,2024-03-08
ARI,20232024,2024-03-14,2,FALSE,4,1,59,67,2024-03-10,NA,2024-03-08
ARI,20232024,2024-03-16,2,TRUE,4,1,61,68,2024-03-10,NA,2024-03-08
ARI,20232024,2024-03-20,0,FALSE,2,5,61,69,2024-03-10,NA,2024-03-08
ARI,20232024,2024-03-22,2,TRUE,2,1,63,70,2024-03-10,NA,2024-03-08
ARI,20232024,2024-03-24,0,TRUE,2,4,63,71,2024-03-10,NA,2024-03-08
ARI,20232024,2024-03-26,2,TRUE,6,2,65,72,2024-03-10,NA,2024-03-08
ARI,20232024,2024-03-28,2,TRUE,8,4,67,73,2024-03-10,NA,2024-03-08
ARI,20232024,2024-03-30,0,TRUE,5,8,67,74,2024-03-10,NA,2024-03-08
ARI,20232024,2024-04-03,0,TRUE,1,2,67,75,2024-03-10,NA,2024-03-08
ARI,20232024,2024-04-05,2,TRUE,7,4,69,76,2024-03-10,NA,2024-03-08
ARI,20232024,2024-04-07,2,FALSE,5,2,71,77,2024-03-10,NA,2024-03-08
ARI,20232024,2024-04-09,0,FALSE,0,5,71,78,2024-03-10,NA,2024-03-08
ARI,20232024,2024-04-10,2,FALSE,4,3,73,79,2024-03-10,NA,2024-03-08
ARI,20232024,2024-04-12,2,FALSE,3,2,75,80,2024-03-10,NA,2024-03-08
ARI,20232024,2024-04-14,0,FALSE,5,6,75,81,2024-03-10,NA,2024-03-08
ARI,20232024,2024-04-17,2,TRUE,5,2,77,82,2024-03-10,NA,2024-03-08
BOS,20212022,2021-10-16,2,TRUE,3,1,2,1,NA,2022-04-08,2022-03-21
BOS,20212022,2021-10-20,0,FALSE,3,6,2,2,NA,2022-04-08,2022-03-21
BOS,20212022,2021-10-22,2,FALSE,4,1,4,3,NA,2022-04-08,2022-03-21
BOS,20212022,2021-10-24,2,TRUE,4,3,6,4,NA,2022-04-08,2022-03-21
BOS,20212022,2021-10-27,0,FALSE,1,4,6,5,NA,2022-04-08,2022-03-21
BOS,20212022,2021-10-28,0,FALSE,0,3,6,6,NA,2022-04-08,2022-03-21
BOS,20212022,2021-10-30,2,TRUE,3,2,8,7,NA,2022-04-08,2022-03-21
BOS,20212022,2021-11-04,2,TRUE,5,1,10,8,NA,2022-04-08,2022-03-21
BOS,20212022,2021-11-06,0,FALSE,2,5,10,9,NA,2022-04-08,2022-03-21
BOS,20212022,2021-11-09,2,TRUE,3,2,12,10,NA,2022-04-08,2022-03-21
BOS,20212022,2021-11-11,0,TRUE,3,5,12,11,NA,2022-04-08,2022-03-21
BOS,20212022,2021-11-13,2,FALSE,5,2,14,12,NA,2022-04-08,2022-03-21
BOS,20212022,2021-11-14,2,TRUE,5,2,16,13,NA,2022-04-08,2022-03-21
BOS,20212022,2021-11-20,2,FALSE,5,2,18,14,NA,2022-04-08,2022-03-21
BOS,20212022,2021-11-21,0,TRUE,0,4,18,15,NA,2022-04-08,2022-03-21
BOS,20212022,2021-11-24,2,FALSE,5,1,20,16,NA,2022-04-08,2022-03-21
BOS,20212022,2021-11-26,0,TRUE,2,5,20,17,NA,2022-04-08,2022-03-21
BOS,20212022,2021-11-28,2,TRUE,3,2,22,18,NA,2022-04-08,2022-03-21
BOS,20212022,2021-11-30,0,TRUE,1,2,22,19,NA,2022-04-08,2022-03-21
BOS,20212022,2021-12-02,2,FALSE,2,0,24,20,NA,2022-04-08,2022-03-21
BOS,20212022,2021-12-04,1,TRUE,2,3,25,21,NA,2022-04-08,2022-03-21
BOS,20212022,2021-12-08,1,FALSE,1,2,26,22,NA,2022-04-08,2022-03-21
BOS,20212022,2021-12-09,2,FALSE,3,2,28,23,NA,2022-04-08,2022-03-21
BOS,20212022,2021-12-11,2,FALSE,4,2,30,24,NA,2022-04-08,2022-03-21
BOS,20212022,2021-12-14,0,TRUE,1,4,30,25,NA,2022-04-08,2022-03-21
BOS,20212022,2021-12-16,0,FALSE,1,3,30,26,NA,2022-04-08,2022-03-21
BOS,20212022,2022-01-01,2,TRUE,4,3,32,27,NA,2022-04-08,2022-03-21
BOS,20212022,2022-01-02,2,FALSE,5,1,34,28,NA,2022-04-08,2022-03-21
BOS,20212022,2022-01-04,2,TRUE,5,3,36,29,NA,2022-04-08,2022-03-21
BOS,20212022,2022-01-06,0,TRUE,2,3,36,30,NA,2022-04-08,2022-03-21
BOS,20212022,2022-01-08,2,FALSE,5,2,38,31,NA,2022-04-08,2022-03-21
BOS,20212022,2022-01-10,2,FALSE,7,3,40,32,NA,2022-04-08,2022-03-21
BOS,20212022,2022-01-12,2,TRUE,5,1,42,33,NA,2022-04-08,2022-03-21
BOS,20212022,2022-01-13,2,TRUE,3,2,44,34,NA,2022-04-08,2022-03-21
BOS,20212022,2022-01-15,2,TRUE,4,3,46,35,NA,2022-04-08,2022-03-21
BOS,20212022,2022-01-18,0,TRUE,1,7,46,36,NA,2022-04-08,2022-03-21
BOS,20212022,2022-01-20,2,TRUE,4,3,48,37,NA,2022-04-08,2022-03-21
BOS,20212022,2022-01-22,2,TRUE,3,2,50,38,NA,2022-04-08,2022-03-21
BOS,20212022,2022-01-24,0,TRUE,3,5,50,39,NA,2022-04-08,2022-03-21
BOS,20212022,2022-01-26,1,FALSE,3,4,51,40,NA,2022-04-08,2022-03-21
BOS,20212022,2022-01-28,2,FALSE,2,1,53,41,NA,2022-04-08,2022-03-21
BOS,20212022,2022-01-30,0,FALSE,1,6,53,42,NA,2022-04-08,2022-03-21
BOS,20212022,2022-02-01,2,TRUE,3,2,55,43,NA,2022-04-08,2022-03-21
BOS,20212022,2022-02-08,0,TRUE,2,4,55,44,NA,2022-04-08,2022-03-21
BOS,20212022,2022-02-10,0,TRUE,0,6,55,45,NA,2022-04-08,2022-03-21
BOS,20212022,2022-02-12,2,FALSE,2,0,57,46,NA,2022-04-08,2022-03-21
BOS,20212022,2022-02-15,1,FALSE,1,2,58,47,NA,2022-04-08,2022-03-21
BOS,20212022,2022-02-17,0,FALSE,1,4,58,48,NA,2022-04-08,2022-03-21
BOS,20212022,2022-02-19,2,FALSE,3,2,60,49,NA,2022-04-08,2022-03-21
BOS,20212022,2022-02-21,2,TRUE,5,1,62,50,NA,2022-04-08,2022-03-21
BOS,20212022,2022-02-24,2,FALSE,3,2,64,51,NA,2022-04-08,2022-03-21
BOS,20212022,2022-02-26,2,FALSE,3,1,66,52,NA,2022-04-08,2022-03-21
BOS,20212022,2022-02-28,2,FALSE,7,0,68,53,NA,2022-04-08,2022-03-21
BOS,20212022,2022-03-01,0,FALSE,3,4,68,54,NA,2022-04-08,2022-03-21
BOS,20212022,2022-03-03,2,FALSE,5,2,70,55,NA,2022-04-08,2022-03-21
BOS,20212022,2022-03-05,2,FALSE,5,4,72,56,NA,2022-04-08,2022-03-21
BOS,20212022,2022-03-07,1,TRUE,2,3,73,57,NA,2022-04-08,2022-03-21
BOS,20212022,2022-03-10,2,TRUE,4,3,75,58,NA,2022-04-08,2022-03-21
BOS,20212022,2022-03-12,2,TRUE,3,2,77,59,NA,2022-04-08,2022-03-21
BOS,20212022,2022-03-15,2,FALSE,2,1,79,60,NA,2022-04-08,2022-03-21
BOS,20212022,2022-03-16,0,FALSE,2,4,79,61,NA,2022-04-08,2022-03-21
BOS,20212022,2022-03-18,2,FALSE,4,2,81,62,NA,2022-04-08,2022-03-21
BOS,20212022,2022-03-21,2,FALSE,3,2,83,63,NA,2022-04-08,2022-03-21
BOS,20212022,2022-03-24,2,TRUE,3,2,85,64,NA,2022-04-08,2022-03-21
BOS,20212022,2022-03-26,2,TRUE,6,3,87,65,NA,2022-04-08,2022-03-21
BOS,20212022,2022-03-29,0,TRUE,4,6,87,66,NA,2022-04-08,2022-03-21
BOS,20212022,2022-03-31,2,TRUE,8,1,89,67,NA,2022-04-08,2022-03-21
BOS,20212022,2022-04-02,2,TRUE,5,2,91,68,NA,2022-04-08,2022-03-21
BOS,20212022,2022-04-04,2,FALSE,3,2,93,69,NA,2022-04-08,2022-03-21
BOS,20212022,2022-04-05,0,FALSE,3,5,93,70,NA,2022-04-08,2022-03-21
BOS,20212022,2022-04-08,2,FALSE,2,1,95,71,NA,2022-04-08,2022-03-21
BOS,20212022,2022-04-10,0,FALSE,2,4,95,72,NA,2022-04-08,2022-03-21
BOS,20212022,2022-04-12,0,TRUE,2,4,95,73,NA,2022-04-08,2022-03-21
BOS,20212022,2022-04-14,0,TRUE,2,3,95,74,NA,2022-04-08,2022-03-21
BOS,20212022,2022-04-16,2,TRUE,2,1,97,75,NA,2022-04-08,2022-03-21
BOS,20212022,2022-04-19,2,FALSE,3,2,99,76,NA,2022-04-08,2022-03-21
BOS,20212022,2022-04-21,0,FALSE,0,4,99,77,NA,2022-04-08,2022-03-21
BOS,20212022,2022-04-23,2,TRUE,3,1,101,78,NA,2022-04-08,2022-03-21
BOS,20212022,2022-04-24,2,FALSE,5,3,103,79,NA,2022-04-08,2022-03-21
BOS,20212022,2022-04-26,2,TRUE,4,2,105,80,NA,2022-04-08,2022-03-21
BOS,20212022,2022-04-28,2,TRUE,5,0,107,81,NA,2022-04-08,2022-03-21
BOS,20212022,2022-04-29,0,FALSE,2,5,107,82,NA,2022-04-08,2022-03-21
BOS,20222023,2022-10-12,2,FALSE,5,2,2,1,NA,2023-02-23,2023-03-03
BOS,20222023,2022-10-15,2,TRUE,6,3,4,2,NA,2023-02-23,2023-03-03
BOS,20222023,2022-10-17,2,TRUE,5,3,6,3,NA,2023-02-23,2023-03-03
BOS,20222023,2022-10-18,0,FALSE,5,7,6,4,NA,2023-02-23,2023-03-03
BOS,20222023,2022-10-20,2,TRUE,2,1,8,5,NA,2023-02-23,2023-03-03
BOS,20222023,2022-10-22,2,TRUE,4,3,10,6,NA,2023-02-23,2023-03-03
BOS,20222023,2022-10-25,2,TRUE,3,1,12,7,NA,2023-02-23,2023-03-03
BOS,20222023,2022-10-27,2,TRUE,5,1,14,8,NA,2023-02-23,2023-03-03
BOS,20222023,2022-10-28,2,FALSE,4,0,16,9,NA,2023-02-23,2023-03-03
BOS,20222023,2022-11-01,2,FALSE,6,5,18,10,NA,2023-02-23,2023-03-03
BOS,20222023,2022-11-03,2,FALSE,5,2,20,11,NA,2023-02-23,2023-03-03
BOS,20222023,2022-11-05,0,FALSE,1,2,20,12,NA,2023-02-23,2023-03-03
BOS,20222023,2022-11-07,2,TRUE,3,1,22,13,NA,2023-02-23,2023-03-03
BOS,20222023,2022-11-10,2,TRUE,3,1,24,14,NA,2023-02-23,2023-03-03
BOS,20222023,2022-11-12,2,FALSE,3,1,26,15,NA,2023-02-23,2023-03-03
BOS,20222023,2022-11-13,2,TRUE,5,2,28,16,NA,2023-02-23,2023-03-03
BOS,20222023,2022-11-17,2,TRUE,4,1,30,17,NA,2023-02-23,2023-03-03
BOS,20222023,2022-11-19,2,TRUE,6,1,32,18,NA,2023-02-23,2023-03-03
BOS,20222023,2022-11-21,2,FALSE,5,3,34,19,NA,2023-02-23,2023-03-03
BOS,20222023,2022-11-23,0,FALSE,2,5,34,20,NA,2023-02-23,2023-03-03
BOS,20222023,2022-11-25,2,TRUE,3,2,36,21,NA,2023-02-23,2023-03-03
BOS,20222023,2022-11-29,2,TRUE,3,1,38,22,NA,2023-02-23,2023-03-03
BOS,20222023,2022-12-03,2,TRUE,5,1,40,23,NA,2023-02-23,2023-03-03
BOS,20222023,2022-12-05,1,TRUE,3,4,41,24,NA,2023-02-23,2023-03-03
BOS,20222023,2022-12-07,2,FALSE,4,0,43,25,NA,2023-02-23,2023-03-03
BOS,20222023,2022-12-09,0,FALSE,3,4,43,26,NA,2023-02-23,2023-03-03
BOS,20222023,2022-12-11,2,FALSE,3,1,45,27,NA,2023-02-23,2023-03-03
BOS,20222023,2022-12-13,2,TRUE,4,3,47,28,NA,2023-02-23,2023-03-03
BOS,20222023,2022-12-15,1,TRUE,2,3,48,29,NA,2023-02-23,2023-03-03
BOS,20222023,2022-12-17,2,TRUE,4,2,50,30,NA,2023-02-23,2023-03-03
BOS,20222023,2022-12-19,2,TRUE,7,3,52,31,NA,2023-02-23,2023-03-03
BOS,20222023,2022-12-22,2,TRUE,3,2,54,32,NA,2023-02-23,2023-03-03
BOS,20222023,2022-12-23,2,FALSE,4,3,56,33,NA,2023-02-23,2023-03-03
BOS,20222023,2022-12-27,1,FALSE,2,3,57,34,NA,2023-02-23,2023-03-03
BOS,20222023,2022-12-28,2,FALSE,3,1,59,35,NA,2023-02-23,2023-03-03
BOS,20222023,2022-12-31,1,TRUE,3,4,60,36,NA,2023-02-23,2023-03-03
BOS,20222023,2023-01-02,2,TRUE,2,1,62,37,NA,2023-02-23,2023-03-03
BOS,20222023,2023-01-05,2,FALSE,5,2,64,38,NA,2023-02-23,2023-03-03
BOS,20222023,2023-01-07,2,FALSE,4,2,66,39,NA,2023-02-23,2023-03-03
BOS,20222023,2023-01-08,2,FALSE,7,1,68,40,NA,2023-02-23,2023-03-03
BOS,20222023,2023-01-12,0,TRUE,0,3,68,41,NA,2023-02-23,2023-03-03
BOS,20222023,2023-01-14,2,TRUE,4,3,70,42,NA,2023-02-23,2023-03-03
BOS,20222023,2023-01-16,2,TRUE,6,0,72,43,NA,2023-02-23,2023-03-03
BOS,20222023,2023-01-18,2,FALSE,4,1,74,44,NA,2023-02-23,2023-03-03
BOS,20222023,2023-01-19,2,FALSE,3,1,76,45,NA,2023-02-23,2023-03-03
BOS,20222023,2023-01-22,2,TRUE,4,0,78,46,NA,2023-02-23,2023-03-03
BOS,20222023,2023-01-24,2,FALSE,4,2,80,47,NA,2023-02-23,2023-03-03
BOS,20222023,2023-01-26,0,FALSE,2,3,80,48,NA,2023-02-23,2023-03-03
BOS,20222023,2023-01-28,1,FALSE,3,4,81,49,NA,2023-02-23,2023-03-03
BOS,20222023,2023-01-29,0,FALSE,1,4,81,50,NA,2023-02-23,2023-03-03
BOS,20222023,2023-02-01,2,FALSE,5,2,83,51,NA,2023-02-23,2023-03-03
BOS,20222023,2023-02-11,0,TRUE,1,2,83,52,NA,2023-02-23,2023-03-03
BOS,20222023,2023-02-14,2,FALSE,3,2,85,53,NA,2023-02-23,2023-03-03
BOS,20222023,2023-02-16,2,FALSE,5,0,87,54,NA,2023-02-23,2023-03-03
BOS,20222023,2023-02-18,2,TRUE,6,2,89,55,NA,2023-02-23,2023-03-03
BOS,20222023,2023-02-20,2,TRUE,3,1,91,56,NA,2023-02-23,2023-03-03
BOS,20222023,2023-02-23,2,FALSE,6,5,93,57,NA,2023-02-23,2023-03-03
BOS,20222023,2023-02-25,2,FALSE,3,1,95,58,NA,2023-02-23,2023-03-03
BOS,20222023,2023-02-27,2,FALSE,3,2,97,59,NA,2023-02-23,2023-03-03
BOS,20222023,2023-02-28,2,FALSE,4,3,99,60,NA,2023-02-23,2023-03-03
BOS,20222023,2023-03-02,2,TRUE,7,1,101,61,NA,2023-02-23,2023-03-03
BOS,20222023,2023-03-04,2,TRUE,4,2,103,62,NA,2023-02-23,2023-03-03
BOS,20222023,2023-03-09,0,TRUE,2,3,103,63,NA,2023-02-23,2023-03-03
BOS,20222023,2023-03-11,2,TRUE,3,2,105,64,NA,2023-02-23,2023-03-03
BOS,20222023,2023-03-12,0,FALSE,3,5,105,65,NA,2023-02-23,2023-03-03
BOS,20222023,2023-03-14,0,FALSE,3,6,105,66,NA,2023-02-23,2023-03-03
BOS,20222023,2023-03-16,2,FALSE,3,0,107,67,NA,2023-02-23,2023-03-03
BOS,20222023,2023-03-18,2,FALSE,5,2,109,68,NA,2023-02-23,2023-03-03
BOS,20222023,2023-03-19,2,FALSE,7,0,111,69,NA,2023-02-23,2023-03-03
BOS,20222023,2023-03-21,2,TRUE,2,1,113,70,NA,2023-02-23,2023-03-03
BOS,20222023,2023-03-23,2,TRUE,4,2,115,71,NA,2023-02-23,2023-03-03
BOS,20222023,2023-03-25,2,TRUE,2,1,117,72,NA,2023-02-23,2023-03-03
BOS,20222023,2023-03-26,2,FALSE,4,3,119,73,NA,2023-02-23,2023-03-03
BOS,20222023,2023-03-28,0,TRUE,1,2,119,74,NA,2023-02-23,2023-03-03
BOS,20222023,2023-03-30,2,TRUE,2,1,121,75,NA,2023-02-23,2023-03-03
BOS,20222023,2023-04-01,2,FALSE,4,3,123,76,NA,2023-02-23,2023-03-03
BOS,20222023,2023-04-02,2,FALSE,4,3,125,77,NA,2023-02-23,2023-03-03
BOS,20222023,2023-04-06,2,TRUE,2,1,127,78,NA,2023-02-23,2023-03-03
BOS,20222023,2023-04-08,2,TRUE,2,1,129,79,NA,2023-02-23,2023-03-03
BOS,20222023,2023-04-09,2,FALSE,5,3,131,80,NA,2023-02-23,2023-03-03
BOS,20222023,2023-04-11,2,TRUE,5,2,133,81,NA,2023-02-23,2023-03-03
BOS,20222023,2023-04-13,2,FALSE,5,4,135,82,NA,2023-02-23,2023-03-03
BOS,20232024,2023-10-11,2,TRUE,3,1,2,1,NA,2024-03-14,2024-03-08
BOS,20232024,2023-10-14,2,TRUE,3,2,4,2,NA,2024-03-14,2024-03-08
BOS,20232024,2023-10-19,2,FALSE,3,1,6,3,NA,2024-03-14,2024-03-08
BOS,20232024,2023-10-21,2,FALSE,4,2,8,4,NA,2024-03-14,2024-03-08
BOS,20232024,2023-10-22,2,FALSE,3,1,10,5,NA,2024-03-14,2024-03-08
BOS,20232024,2023-10-24,2,FALSE,3,0,12,6,NA,2024-03-14,2024-03-08
BOS,20232024,2023-10-26,1,TRUE,3,4,13,7,NA,2024-03-14,2024-03-08
BOS,20232024,2023-10-28,2,TRUE,4,1,15,8,NA,2024-03-14,2024-03-08
BOS,20232024,2023-10-30,2,TRUE,3,2,17,9,NA,2024-03-14,2024-03-08
BOS,20232024,2023-11-02,2,TRUE,3,2,19,10,NA,2024-03-14,2024-03-08
BOS,20232024,2023-11-04,0,FALSE,4,5,19,11,NA,2024-03-14,2024-03-08
BOS,20232024,2023-11-06,2,FALSE,3,2,21,12,NA,2024-03-14,2024-03-08
BOS,20232024,2023-11-09,2,TRUE,5,2,23,13,NA,2024-03-14,2024-03-08
BOS,20232024,2023-11-11,1,FALSE,2,3,24,14,NA,2024-03-14,2024-03-08
BOS,20232024,2023-11-14,2,FALSE,5,2,26,15,NA,2024-03-14,2024-03-08
BOS,20232024,2023-11-18,2,TRUE,5,2,28,16,NA,2024-03-14,2024-03-08
BOS,20232024,2023-11-20,1,FALSE,4,5,29,17,NA,2024-03-14,2024-03-08
BOS,20232024,2023-11-22,2,FALSE,3,1,31,18,NA,2024-03-14,2024-03-08
BOS,20232024,2023-11-24,0,TRUE,2,5,31,19,NA,2024-03-14,2024-03-08
BOS,20232024,2023-11-25,0,FALSE,4,7,31,20,NA,2024-03-14,2024-03-08
BOS,20232024,2023-11-27,0,FALSE,2,5,31,21,NA,2024-03-14,2024-03-08
BOS,20232024,2023-11-30,2,TRUE,3,0,33,22,NA,2024-03-14,2024-03-08
BOS,20232024,2023-12-02,2,FALSE,4,3,35,23,NA,2024-03-14,2024-03-08
BOS,20232024,2023-12-03,2,TRUE,3,1,37,24,NA,2024-03-14,2024-03-08
BOS,20232024,2023-12-07,0,TRUE,1,3,37,25,NA,2024-03-14,2024-03-08
BOS,20232024,2023-12-09,2,TRUE,5,3,39,26,NA,2024-03-14,2024-03-08
BOS,20232024,2023-12-13,1,FALSE,1,2,40,27,NA,2024-03-14,2024-03-08
BOS,20232024,2023-12-15,2,FALSE,5,4,42,28,NA,2024-03-14,2024-03-08
BOS,20232024,2023-12-16,1,TRUE,1,2,43,29,NA,2024-03-14,2024-03-08
BOS,20232024,2023-12-19,1,TRUE,3,4,44,30,NA,2024-03-14,2024-03-08
BOS,20232024,2023-12-22,0,FALSE,1,5,44,31,NA,2024-03-14,2024-03-08
BOS,20232024,2023-12-23,0,FALSE,2,3,44,32,NA,2024-03-14,2024-03-08
BOS,20232024,2023-12-27,2,FALSE,4,1,46,33,NA,2024-03-14,2024-03-08
BOS,20232024,2023-12-30,2,TRUE,5,2,48,34,NA,2024-03-14,2024-03-08
BOS,20232024,2023-12-31,2,FALSE,5,3,50,35,NA,2024-03-14,2024-03-08
BOS,20232024,2024-01-02,2,FALSE,4,1,52,36,NA,2024-03-14,2024-03-08
BOS,20232024,2024-01-04,0,TRUE,5,6,52,37,NA,2024-03-14,2024-03-08
BOS,20232024,2024-01-06,2,TRUE,7,3,54,38,NA,2024-03-14,2024-03-08
BOS,20232024,2024-01-08,1,FALSE,3,4,55,39,NA,2024-03-14,2024-03-08
BOS,20232024,2024-01-09,1,FALSE,3,4,56,40,NA,2024-03-14,2024-03-08
BOS,20232024,2024-01-11,1,FALSE,1,2,57,41,NA,2024-03-14,2024-03-08
BOS,20232024,2024-01-13,2,FALSE,4,3,59,42,NA,2024-03-14,2024-03-08
BOS,20232024,2024-01-15,2,TRUE,3,0,61,43,NA,2024-03-14,2024-03-08
BOS,20232024,2024-01-18,2,TRUE,5,2,63,44,NA,2024-03-14,2024-03-08
BOS,20232024,2024-01-20,2,TRUE,9,4,65,45,NA,2024-03-14,2024-03-08
BOS,20232024,2024-01-22,2,TRUE,4,1,67,46,NA,2024-03-14,2024-03-08
BOS,20232024,2024-01-24,0,TRUE,2,3,67,47,NA,2024-03-14,2024-03-08
BOS,20232024,2024-01-25,2,FALSE,3,2,69,48,NA,2024-03-14,2024-03-08
BOS,20232024,2024-01-27,2,FALSE,6,2,71,49,NA,2024-03-14,2024-03-08
BOS,20232024,2024-02-06,0,TRUE,1,4,71,50,NA,2024-03-14,2024-03-08
BOS,20232024,2024-02-08,2,TRUE,4,0,73,51,NA,2024-03-14,2024-03-08
BOS,20232024,2024-02-10,0,TRUE,0,3,73,52,NA,2024-03-14,2024-03-08
BOS,20232024,2024-02-13,1,TRUE,2,3,74,53,NA,2024-03-14,2024-03-08
BOS,20232024,2024-02-15,0,TRUE,1,4,74,54,NA,2024-03-14,2024-03-08
BOS,20232024,2024-02-17,1,TRUE,4,5,75,55,NA,2024-03-14,2024-03-08
BOS,20232024,2024-02-19,2,TRUE,4,3,77,56,NA,2024-03-14,2024-03-08
BOS,20232024,2024-02-21,2,FALSE,6,5,79,57,NA,2024-03-14,2024-03-08
BOS,20232024,2024-02-22,1,FALSE,2,3,80,58,NA,2024-03-14,2024-03-08
BOS,20232024,2024-02-24,1,FALSE,2,3,81,59,NA,2024-03-14,2024-03-08
BOS,20232024,2024-02-26,1,FALSE,3,4,82,60,NA,2024-03-14,2024-03-08
BOS,20232024,2024-02-29,2,TRUE,5,4,84,61,NA,2024-03-14,2024-03-08
BOS,20232024,2024-03-02,0,FALSE,1,5,84,62,NA,2024-03-14,2024-03-08
BOS,20232024,2024-03-04,2,FALSE,4,1,86,63,NA,2024-03-14,2024-03-08
BOS,20232024,2024-03-05,1,TRUE,1,2,87,64,NA,2024-03-14,2024-03-08
BOS,20232024,2024-03-07,2,TRUE,4,1,89,65,NA,2024-03-14,2024-03-08
BOS,20232024,2024-03-09,2,TRUE,5,1,91,66,NA,2024-03-14,2024-03-08
BOS,20232024,2024-03-11,0,TRUE,1,5,91,67,NA,2024-03-14,2024-03-08
BOS,20232024,2024-03-14,2,FALSE,2,1,93,68,NA,2024-03-14,2024-03-08
BOS,20232024,2024-03-16,2,TRUE,6,5,95,69,NA,2024-03-14,2024-03-08
BOS,20232024,2024-03-19,2,TRUE,6,2,97,70,NA,2024-03-14,2024-03-08
BOS,20232024,2024-03-21,0,TRUE,2,5,97,71,NA,2024-03-14,2024-03-08
BOS,20232024,2024-03-23,0,FALSE,2,3,97,72,NA,2024-03-14,2024-03-08
BOS,20232024,2024-03-26,2,FALSE,4,3,99,73,NA,2024-03-14,2024-03-08
BOS,20232024,2024-03-27,0,FALSE,1,3,99,74,NA,2024-03-14,2024-03-08
BOS,20232024,2024-03-30,2,FALSE,3,2,101,75,NA,2024-03-14,2024-03-08
BOS,20232024,2024-04-02,2,FALSE,3,0,103,76,NA,2024-03-14,2024-03-08
BOS,20232024,2024-04-04,2,FALSE,4,1,105,77,NA,2024-03-14,2024-03-08
BOS,20232024,2024-04-06,2,TRUE,3,2,107,78,NA,2024-03-14,2024-03-08
BOS,20232024,2024-04-09,0,TRUE,1,4,107,79,NA,2024-03-14,2024-03-08
BOS,20232024,2024-04-13,2,FALSE,6,4,109,80,NA,2024-03-14,2024-03-08
BOS,20232024,2024-04-15,0,FALSE,0,2,109,81,NA,2024-03-14,2024-03-08
BOS,20232024,2024-04-16,0,TRUE,1,3,109,82,NA,2024-03-14,2024-03-08
BUF,20212022,2021-10-14,2,TRUE,5,1,2,1,2022-02-27,NA,2022-03-21
BUF,20212022,2021-10-16,2,TRUE,2,1,4,2,2022-02-27,NA,2022-03-21
BUF,20212022,2021-10-19,2,TRUE,5,2,6,3,2022-02-27,NA,2022-03-21
BUF,20212022,2021-10-22,0,TRUE,1,4,6,4,2022-02-27,NA,2022-03-21
BUF,20212022,2021-10-23,1,FALSE,1,2,7,5,2022-02-27,NA,2022-03-21
BUF,20212022,2021-10-25,2,TRUE,5,1,9,6,2022-02-27,NA,2022-03-21
BUF,20212022,2021-10-28,2,FALSE,4,3,11,7,2022-02-27,NA,2022-03-21
BUF,20212022,2021-10-31,0,FALSE,2,3,11,8,2022-02-27,NA,2022-03-21
BUF,20212022,2021-11-02,0,FALSE,3,5,11,9,2022-02-27,NA,2022-03-21
BUF,20212022,2021-11-04,0,FALSE,2,5,11,10,2022-02-27,NA,2022-03-21
BUF,20212022,2021-11-06,1,TRUE,3,4,12,11,2022-02-27,NA,2022-03-21
BUF,20212022,2021-11-08,0,FALSE,3,5,12,12,2022-02-27,NA,2022-03-21
BUF,20212022,2021-11-12,2,TRUE,3,2,14,13,2022-02-27,NA,2022-03-21
BUF,20212022,2021-11-13,0,TRUE,4,5,14,14,2022-02-27,NA,2022-03-21
BUF,20212022,2021-11-16,2,FALSE,2,1,16,15,2022-02-27,NA,2022-03-21
BUF,20212022,2021-11-18,0,TRUE,0,5,16,16,2022-02-27,NA,2022-03-21
BUF,20212022,2021-11-21,0,FALSE,4,5,16,17,2022-02-27,NA,2022-03-21
BUF,20212022,2021-11-22,0,TRUE,4,7,16,18,2022-02-27,NA,2022-03-21
BUF,20212022,2021-11-24,0,TRUE,1,5,16,19,2022-02-27,NA,2022-03-21
BUF,20212022,2021-11-26,2,TRUE,4,1,18,20,2022-02-27,NA,2022-03-21
BUF,20212022,2021-11-27,1,FALSE,2,3,19,21,2022-02-27,NA,2022-03-21
BUF,20212022,2021-11-29,0,TRUE,4,7,19,22,2022-02-27,NA,2022-03-21
BUF,20212022,2021-12-02,0,FALSE,4,7,19,23,2022-02-27,NA,2022-03-21
BUF,20212022,2021-12-04,0,FALSE,2,6,19,24,2022-02-27,NA,2022-03-21
BUF,20212022,2021-12-07,0,TRUE,0,2,19,25,2022-02-27,NA,2022-03-21
BUF,20212022,2021-12-10,0,TRUE,1,2,19,26,2022-02-27,NA,2022-03-21
BUF,20212022,2021-12-11,1,TRUE,2,3,20,27,2022-02-27,NA,2022-03-21
BUF,20212022,2021-12-14,2,FALSE,4,2,22,28,2022-02-27,NA,2022-03-21
BUF,20212022,2021-12-16,2,FALSE,3,2,24,29,2022-02-27,NA,2022-03-21
BUF,20212022,2021-12-17,1,FALSE,2,3,25,30,2022-02-27,NA,2022-03-21
BUF,20212022,2021-12-29,0,TRUE,3,4,25,31,2022-02-27,NA,2022-03-21
BUF,20212022,2021-12-30,0,FALSE,1,4,25,32,2022-02-27,NA,2022-03-21
BUF,20212022,2022-01-01,1,FALSE,3,4,26,33,2022-02-27,NA,2022-03-21
BUF,20212022,2022-01-06,0,TRUE,2,3,26,34,2022-02-27,NA,2022-03-21
BUF,20212022,2022-01-11,0,TRUE,1,6,26,35,2022-02-27,NA,2022-03-21
BUF,20212022,2022-01-13,2,FALSE,4,1,28,36,2022-02-27,NA,2022-03-21
BUF,20212022,2022-01-15,0,FALSE,0,4,28,37,2022-02-27,NA,2022-03-21
BUF,20212022,2022-01-17,1,TRUE,2,3,29,38,2022-02-27,NA,2022-03-21
BUF,20212022,2022-01-18,2,FALSE,3,1,31,39,2022-02-27,NA,2022-03-21
BUF,20212022,2022-01-20,0,TRUE,4,5,31,40,2022-02-27,NA,2022-03-21
BUF,20212022,2022-01-22,2,TRUE,6,3,33,41,2022-02-27,NA,2022-03-21
BUF,20212022,2022-01-25,0,FALSE,0,5,33,42,2022-02-27,NA,2022-03-21
BUF,20212022,2022-01-29,2,FALSE,3,1,35,43,2022-02-27,NA,2022-03-21
BUF,20212022,2022-01-30,0,FALSE,1,4,35,44,2022-02-27,NA,2022-03-21
BUF,20212022,2022-02-01,0,FALSE,2,5,35,45,2022-02-27,NA,2022-03-21
BUF,20212022,2022-02-10,1,TRUE,3,4,36,46,2022-02-27,NA,2022-03-21
BUF,20212022,2022-02-13,2,FALSE,5,3,38,47,2022-02-27,NA,2022-03-21
BUF,20212022,2022-02-15,2,TRUE,6,3,40,48,2022-02-27,NA,2022-03-21
BUF,20212022,2022-02-17,0,TRUE,1,3,40,49,2022-02-27,NA,2022-03-21
BUF,20212022,2022-02-19,0,TRUE,3,5,40,50,2022-02-27,NA,2022-03-21
BUF,20212022,2022-02-20,0,FALSE,3,7,40,51,2022-02-27,NA,2022-03-21
BUF,20212022,2022-02-23,0,FALSE,0,4,40,52,2022-02-27,NA,2022-03-21
BUF,20212022,2022-02-25,0,FALSE,3,5,40,53,2022-02-27,NA,2022-03-21
BUF,20212022,2022-02-27,0,FALSE,2,4,40,54,2022-02-27,NA,2022-03-21
BUF,20212022,2022-03-02,2,FALSE,5,1,42,55,2022-02-27,NA,2022-03-21
BUF,20212022,2022-03-04,2,TRUE,5,4,44,56,2022-02-27,NA,2022-03-21
BUF,20212022,2022-03-06,0,TRUE,0,3,44,57,2022-02-27,NA,2022-03-21
BUF,20212022,2022-03-07,0,TRUE,1,6,44,58,2022-02-27,NA,2022-03-21
BUF,20212022,2022-03-10,2,TRUE,3,1,46,59,2022-02-27,NA,2022-03-21
BUF,20212022,2022-03-13,2,TRUE,5,2,48,60,2022-02-27,NA,2022-03-21
BUF,20212022,2022-03-17,0,FALSE,1,6,48,61,2022-02-27,NA,2022-03-21
BUF,20212022,2022-03-18,2,FALSE,1,0,50,62,2022-02-27,NA,2022-03-21
BUF,20212022,2022-03-20,2,FALSE,3,2,52,63,2022-02-27,NA,2022-03-21
BUF,20212022,2022-03-23,2,TRUE,4,3,54,64,2022-02-27,NA,2022-03-21
BUF,20212022,2022-03-25,1,TRUE,3,4,55,65,2022-02-27,NA,2022-03-21
BUF,20212022,2022-03-27,1,FALSE,4,5,56,66,2022-02-27,NA,2022-03-21
BUF,20212022,2022-03-28,2,FALSE,6,5,58,67,2022-02-27,NA,2022-03-21
BUF,20212022,2022-03-30,1,TRUE,2,3,59,68,2022-02-27,NA,2022-03-21
BUF,20212022,2022-04-01,2,TRUE,4,3,61,69,2022-02-27,NA,2022-03-21
BUF,20212022,2022-04-03,0,TRUE,3,5,61,70,2022-02-27,NA,2022-03-21
BUF,20212022,2022-04-05,2,TRUE,4,2,63,71,2022-02-27,NA,2022-03-21
BUF,20212022,2022-04-07,0,FALSE,3,5,63,72,2022-02-27,NA,2022-03-21
BUF,20212022,2022-04-08,0,FALSE,3,4,63,73,2022-02-27,NA,2022-03-21
BUF,20212022,2022-04-10,0,FALSE,0,5,63,74,2022-02-27,NA,2022-03-21
BUF,20212022,2022-04-12,2,FALSE,5,2,65,75,2022-02-27,NA,2022-03-21
BUF,20212022,2022-04-14,0,TRUE,2,6,65,76,2022-02-27,NA,2022-03-21
BUF,20212022,2022-04-16,2,TRUE,4,3,67,77,2022-02-27,NA,2022-03-21
BUF,20212022,2022-04-17,2,FALSE,5,3,69,78,2022-02-27,NA,2022-03-21
BUF,20212022,2022-04-21,2,FALSE,5,2,71,79,2022-02-27,NA,2022-03-21
BUF,20212022,2022-04-23,2,TRUE,5,3,73,80,2022-02-27,NA,2022-03-21
BUF,20212022,2022-04-28,0,FALSE,0,5,73,81,2022-02-27,NA,2022-03-21
BUF,20212022,2022-04-29,2,TRUE,3,2,75,82,2022-02-27,NA,2022-03-21
BUF,20222023,2022-10-13,2,TRUE,4,1,2,1,2023-04-11,NA,2023-03-03
BUF,20222023,2022-10-15,0,TRUE,3,4,2,2,2023-04-11,NA,2023-03-03
BUF,20222023,2022-10-18,2,FALSE,4,2,4,3,2023-04-11,NA,2023-03-03
BUF,20222023,2022-10-20,2,FALSE,6,3,6,4,2023-04-11,NA,2023-03-03
BUF,20222023,2022-10-22,2,FALSE,5,1,8,5,2023-04-11,NA,2023-03-03
BUF,20222023,2022-10-25,0,FALSE,1,5,8,6,2023-04-11,NA,2023-03-03
BUF,20222023,2022-10-27,0,TRUE,2,3,8,7,2023-04-11,NA,2023-03-03
BUF,20222023,2022-10-29,2,TRUE,4,3,10,8,2023-04-11,NA,2023-03-03
BUF,20222023,2022-10-31,2,TRUE,8,3,12,9,2023-04-11,NA,2023-03-03
BUF,20222023,2022-11-02,2,TRUE,6,3,14,10,2023-04-11,NA,2023-03-03
BUF,20222023,2022-11-04,0,FALSE,3,5,14,11,2023-04-11,NA,2023-03-03
BUF,20222023,2022-11-05,0,FALSE,3,5,14,12,2023-04-11,NA,2023-03-03
BUF,20222023,2022-11-08,0,TRUE,1,4,14,13,2023-04-11,NA,2023-03-03
BUF,20222023,2022-11-10,0,TRUE,4,7,14,14,2023-04-11,NA,2023-03-03
BUF,20222023,2022-11-12,0,TRUE,1,3,14,15,2023-04-11,NA,2023-03-03
BUF,20222023,2022-11-15,0,TRUE,4,5,14,16,2023-04-11,NA,2023-03-03
BUF,20222023,2022-11-16,0,FALSE,1,4,14,17,2023-04-11,NA,2023-03-03
BUF,20222023,2022-11-19,0,FALSE,2,5,14,18,2023-04-11,NA,2023-03-03
BUF,20222023,2022-11-22,2,FALSE,7,2,16,19,2023-04-11,NA,2023-03-03
BUF,20222023,2022-11-23,2,TRUE,6,2,18,20,2023-04-11,NA,2023-03-03
BUF,20222023,2022-11-25,0,TRUE,1,3,18,21,2023-04-11,NA,2023-03-03
BUF,20222023,2022-11-28,1,TRUE,5,6,19,22,2023-04-11,NA,2023-03-03
BUF,20222023,2022-11-30,2,FALSE,5,4,21,23,2023-04-11,NA,2023-03-03
BUF,20222023,2022-12-01,0,TRUE,4,6,21,24,2023-04-11,NA,2023-03-03
BUF,20222023,2022-12-04,2,TRUE,6,3,23,25,2023-04-11,NA,2023-03-03
BUF,20222023,2022-12-07,2,FALSE,9,4,25,26,2023-04-11,NA,2023-03-03
BUF,20222023,2022-12-09,1,TRUE,3,4,26,27,2023-04-11,NA,2023-03-03
BUF,20222023,2022-12-10,0,FALSE,1,3,26,28,2023-04-11,NA,2023-03-03
BUF,20222023,2022-12-13,2,TRUE,6,0,28,29,2023-04-11,NA,2023-03-03
BUF,20222023,2022-12-15,2,FALSE,4,2,30,30,2023-04-11,NA,2023-03-03
BUF,20222023,2022-12-17,2,FALSE,5,2,32,31,2023-04-11,NA,2023-03-03
BUF,20222023,2022-12-19,2,FALSE,3,2,34,32,2023-04-11,NA,2023-03-03
BUF,20222023,2022-12-29,2,TRUE,6,3,36,33,2023-04-11,NA,2023-03-03
BUF,20222023,2022-12-31,2,FALSE,4,3,38,34,2023-04-11,NA,2023-03-03
BUF,20222023,2023-01-01,0,FALSE,1,3,38,35,2023-04-11,NA,2023-03-03
BUF,20222023,2023-01-03,2,FALSE,5,4,40,36,2023-04-11,NA,2023-03-03
BUF,20222023,2023-01-07,2,TRUE,6,5,42,37,2023-04-11,NA,2023-03-03
BUF,20222023,2023-01-09,0,TRUE,0,4,42,38,2023-04-11,NA,2023-03-03
BUF,20222023,2023-01-10,0,TRUE,3,4,42,39,2023-04-11,NA,2023-03-03
BUF,20222023,2023-01-12,0,TRUE,2,4,42,40,2023-04-11,NA,2023-03-03
BUF,20222023,2023-01-14,2,FALSE,5,3,44,41,2023-04-11,NA,2023-03-03
BUF,20222023,2023-01-16,0,TRUE,1,4,44,42,2023-04-11,NA,2023-03-03
BUF,20222023,2023-01-17,1,FALSE,3,4,45,43,2023-04-11,NA,2023-03-03
BUF,20222023,2023-01-19,2,TRUE,3,2,47,44,2023-04-11,NA,2023-03-03
BUF,20222023,2023-01-21,2,TRUE,6,3,49,45,2023-04-11,NA,2023-03-03
BUF,20222023,2023-01-23,2,FALSE,3,2,51,46,2023-04-11,NA,2023-03-03
BUF,20222023,2023-01-24,2,FALSE,5,3,53,47,2023-04-11,NA,2023-03-03
BUF,20222023,2023-01-26,2,FALSE,3,2,55,48,2023-04-11,NA,2023-03-03
BUF,20222023,2023-01-28,1,FALSE,2,3,56,49,2023-04-11,NA,2023-03-03
BUF,20222023,2023-02-01,0,TRUE,1,5,56,50,2023-04-11,NA,2023-03-03
BUF,20222023,2023-02-11,0,TRUE,2,7,56,51,2023-04-11,NA,2023-03-03
BUF,20222023,2023-02-13,0,FALSE,2,5,56,52,2023-04-11,NA,2023-03-03
BUF,20222023,2023-02-15,2,FALSE,7,3,58,53,2023-04-11,NA,2023-03-03
BUF,20222023,2023-02-18,2,FALSE,4,2,60,54,2023-04-11,NA,2023-03-03
BUF,20222023,2023-02-21,0,TRUE,3,6,60,55,2023-04-11,NA,2023-03-03
BUF,20222023,2023-02-23,2,FALSE,6,5,62,56,2023-04-11,NA,2023-03-03
BUF,20222023,2023-02-24,2,FALSE,3,1,64,57,2023-04-11,NA,2023-03-03
BUF,20222023,2023-02-26,2,TRUE,7,4,66,58,2023-04-11,NA,2023-03-03
BUF,20222023,2023-02-28,0,TRUE,3,5,66,59,2023-04-11,NA,2023-03-03
BUF,20222023,2023-03-02,0,FALSE,1,7,66,60,2023-04-11,NA,2023-03-03
BUF,20222023,2023-03-04,2,TRUE,5,3,68,61,2023-04-11,NA,2023-03-03
BUF,20222023,2023-03-06,0,TRUE,2,3,68,62,2023-04-11,NA,2023-03-03
BUF,20222023,2023-03-07,0,FALSE,2,3,68,63,2023-04-11,NA,2023-03-03
BUF,20222023,2023-03-09,0,TRUE,4,10,68,64,2023-04-11,NA,2023-03-03
BUF,20222023,2023-03-11,1,TRUE,1,2,69,65,2023-04-11,NA,2023-03-03
BUF,20222023,2023-03-13,2,FALSE,4,3,71,66,2023-04-11,NA,2023-03-03
BUF,20222023,2023-03-15,1,FALSE,4,5,72,67,2023-04-11,NA,2023-03-03
BUF,20222023,2023-03-17,0,FALSE,2,5,72,68,2023-04-11,NA,2023-03-03
BUF,20222023,2023-03-19,0,TRUE,0,7,72,69,2023-04-11,NA,2023-03-03
BUF,20222023,2023-03-21,0,TRUE,3,7,72,70,2023-04-11,NA,2023-03-03
BUF,20222023,2023-03-24,2,TRUE,5,4,74,71,2023-04-11,NA,2023-03-03
BUF,20222023,2023-03-25,2,FALSE,2,0,76,72,2023-04-11,NA,2023-03-03
BUF,20222023,2023-03-27,1,TRUE,3,4,77,73,2023-04-11,NA,2023-03-03
BUF,20222023,2023-03-31,2,TRUE,3,2,79,74,2023-04-11,NA,2023-03-03
BUF,20222023,2023-04-01,2,FALSE,6,3,81,75,2023-04-11,NA,2023-03-03
BUF,20222023,2023-04-04,0,FALSE,1,2,81,76,2023-04-11,NA,2023-03-03
BUF,20222023,2023-04-06,2,FALSE,7,6,83,77,2023-04-11,NA,2023-03-03
BUF,20222023,2023-04-08,2,TRUE,4,3,85,78,2023-04-11,NA,2023-03-03
BUF,20222023,2023-04-10,2,FALSE,3,2,87,79,2023-04-11,NA,2023-03-03
BUF,20222023,2023-04-11,0,FALSE,2,6,87,80,2023-04-11,NA,2023-03-03
BUF,20222023,2023-04-13,2,TRUE,4,3,89,81,2023-04-11,NA,2023-03-03
BUF,20222023,2023-04-14,2,FALSE,5,2,91,82,2023-04-11,NA,2023-03-03
BUF,20232024,2023-10-12,0,TRUE,1,5,0,1,2024-03-27,NA,2024-03-08
BUF,20232024,2023-10-14,0,FALSE,2,3,0,2,2024-03-27,NA,2024-03-08
BUF,20232024,2023-10-17,2,TRUE,3,2,2,3,2024-03-27,NA,2024-03-08
BUF,20232024,2023-10-19,0,TRUE,3,4,2,4,2024-03-27,NA,2024-03-08
BUF,20232024,2023-10-21,2,TRUE,3,1,4,5,2024-03-27,NA,2024-03-08
BUF,20232024,2023-10-23,0,TRUE,1,3,4,6,2024-03-27,NA,2024-03-08
BUF,20232024,2023-10-24,2,FALSE,6,4,6,7,2024-03-27,NA,2024-03-08
BUF,20232024,2023-10-27,0,FALSE,4,5,6,8,2024-03-27,NA,2024-03-08
BUF,20232024,2023-10-29,2,TRUE,4,0,8,9,2024-03-27,NA,2024-03-08
BUF,20232024,2023-11-01,2,FALSE,5,2,10,10,2024-03-27,NA,2024-03-08
BUF,20232024,2023-11-03,0,TRUE,1,5,10,11,2024-03-27,NA,2024-03-08
BUF,20232024,2023-11-04,2,FALSE,6,4,12,12,2024-03-27,NA,2024-03-08
BUF,20232024,2023-11-07,1,FALSE,2,3,13,13,2024-03-27,NA,2024-03-08
BUF,20232024,2023-11-10,2,TRUE,3,2,15,14,2024-03-27,NA,2024-03-08
BUF,20232024,2023-11-11,0,FALSE,0,4,15,15,2024-03-27,NA,2024-03-08
BUF,20232024,2023-11-14,0,TRUE,2,5,15,16,2024-03-27,NA,2024-03-08
BUF,20232024,2023-11-17,0,FALSE,2,3,15,17,2024-03-27,NA,2024-03-08
BUF,20232024,2023-11-19,2,FALSE,3,2,17,18,2024-03-27,NA,2024-03-08
BUF,20232024,2023-11-22,1,FALSE,3,4,18,19,2024-03-27,NA,2024-03-08
BUF,20232024,2023-11-24,2,TRUE,3,2,20,20,2024-03-27,NA,2024-03-08
BUF,20232024,2023-11-25,0,FALSE,2,7,20,21,2024-03-27,NA,2024-03-08
BUF,20232024,2023-11-27,2,FALSE,5,1,22,22,2024-03-27,NA,2024-03-08
BUF,20232024,2023-11-30,0,FALSE,4,6,22,23,2024-03-27,NA,2024-03-08
BUF,20232024,2023-12-02,0,FALSE,2,6,22,24,2024-03-27,NA,2024-03-08
BUF,20232024,2023-12-03,0,TRUE,1,2,22,25,2024-03-27,NA,2024-03-08
BUF,20232024,2023-12-05,0,TRUE,3,5,22,26,2024-03-27,NA,2024-03-08
BUF,20232024,2023-12-07,2,FALSE,3,1,24,27,2024-03-27,NA,2024-03-08
BUF,20232024,2023-12-09,1,TRUE,2,3,25,28,2024-03-27,NA,2024-03-08
BUF,20232024,2023-12-11,2,TRUE,5,2,27,29,2024-03-27,NA,2024-03-08
BUF,20232024,2023-12-13,0,FALSE,1,5,27,30,2024-03-27,NA,2024-03-08
BUF,20232024,2023-12-15,2,FALSE,5,2,29,31,2024-03-27,NA,2024-03-08
BUF,20232024,2023-12-16,0,FALSE,0,2,29,32,2024-03-27,NA,2024-03-08
BUF,20232024,2023-12-19,0,TRUE,4,9,29,33,2024-03-27,NA,2024-03-08
BUF,20232024,2023-12-21,2,TRUE,9,3,31,34,2024-03-27,NA,2024-03-08
BUF,20232024,2023-12-23,1,FALSE,3,4,32,35,2024-03-27,NA,2024-03-08
BUF,20232024,2023-12-27,0,TRUE,1,4,32,36,2024-03-27,NA,2024-03-08
BUF,20232024,2023-12-30,2,TRUE,3,2,34,37,2024-03-27,NA,2024-03-08
BUF,20232024,2023-12-31,0,FALSE,1,5,34,38,2024-03-27,NA,2024-03-08
BUF,20232024,2024-01-04,2,FALSE,6,1,36,39,2024-03-27,NA,2024-03-08
BUF,20232024,2024-01-06,2,FALSE,3,1,38,40,2024-03-27,NA,2024-03-08
BUF,20232024,2024-01-09,0,TRUE,2,5,38,41,2024-03-27,NA,2024-03-08
BUF,20232024,2024-01-11,2,TRUE,5,3,40,42,2024-03-27,NA,2024-03-08
BUF,20232024,2024-01-13,0,TRUE,0,1,40,43,2024-03-27,NA,2024-03-08
BUF,20232024,2024-01-15,2,TRUE,3,0,42,44,2024-03-27,NA,2024-03-08
BUF,20232024,2024-01-18,2,TRUE,3,0,44,45,2024-03-27,NA,2024-03-08
BUF,20232024,2024-01-20,0,TRUE,1,3,44,46,2024-03-27,NA,2024-03-08
BUF,20232024,2024-01-23,0,FALSE,2,4,44,47,2024-03-27,NA,2024-03-08
BUF,20232024,2024-01-24,2,FALSE,5,3,46,48,2024-03-27,NA,2024-03-08
BUF,20232024,2024-01-27,2,FALSE,5,2,48,49,2024-03-27,NA,2024-03-08
BUF,20232024,2024-02-06,0,TRUE,1,2,48,50,2024-03-27,NA,2024-03-08
BUF,20232024,2024-02-10,0,TRUE,1,3,48,51,2024-03-27,NA,2024-03-08
BUF,20232024,2024-02-13,2,TRUE,7,0,50,52,2024-03-27,NA,2024-03-08
BUF,20232024,2024-02-15,0,TRUE,0,4,50,53,2024-03-27,NA,2024-03-08
BUF,20232024,2024-02-17,2,FALSE,3,2,52,54,2024-03-27,NA,2024-03-08
BUF,20232024,2024-02-19,0,TRUE,3,4,52,55,2024-03-27,NA,2024-03-08
BUF,20232024,2024-02-21,2,FALSE,3,2,54,56,2024-03-27,NA,2024-03-08
BUF,20232024,2024-02-23,2,FALSE,2,1,56,57,2024-03-27,NA,2024-03-08
BUF,20232024,2024-02-25,2,TRUE,3,2,58,58,2024-03-27,NA,2024-03-08
BUF,20232024,2024-02-27,0,FALSE,2,3,58,59,2024-03-27,NA,2024-03-08
BUF,20232024,2024-02-29,2,FALSE,3,2,60,60,2024-03-27,NA,2024-03-08
BUF,20232024,2024-03-02,2,TRUE,7,2,62,61,2024-03-27,NA,2024-03-08
BUF,20232024,2024-03-03,0,TRUE,2,5,62,62,2024-03-27,NA,2024-03-08
BUF,20232024,2024-03-06,1,FALSE,1,2,63,63,2024-03-27,NA,2024-03-08
BUF,20232024,2024-03-07,0,FALSE,2,4,63,64,2024-03-27,NA,2024-03-08
BUF,20232024,2024-03-09,2,TRUE,3,2,65,65,2024-03-27,NA,2024-03-08
BUF,20232024,2024-03-12,2,TRUE,7,3,67,66,2024-03-27,NA,2024-03-08
BUF,20232024,2024-03-14,2,TRUE,4,0,69,67,2024-03-27,NA,2024-03-08
BUF,20232024,2024-03-16,0,FALSE,1,4,69,68,2024-03-27,NA,2024-03-08
BUF,20232024,2024-03-18,2,FALSE,6,2,71,69,2024-03-27,NA,2024-03-08
BUF,20232024,2024-03-19,0,FALSE,2,3,71,70,2024-03-27,NA,2024-03-08
BUF,20232024,2024-03-21,0,FALSE,3,8,71,71,2024-03-27,NA,2024-03-08
BUF,20232024,2024-03-24,2,FALSE,4,1,73,72,2024-03-27,NA,2024-03-08
BUF,20232024,2024-03-27,0,TRUE,2,6,73,73,2024-03-27,NA,2024-03-08
BUF,20232024,2024-03-29,2,TRUE,5,2,75,74,2024-03-27,NA,2024-03-08
BUF,20232024,2024-03-30,0,TRUE,0,3,75,75,2024-03-27,NA,2024-03-08
BUF,20232024,2024-04-02,2,TRUE,6,2,77,76,2024-03-27,NA,2024-03-08
BUF,20232024,2024-04-05,2,TRUE,4,2,79,77,2024-03-27,NA,2024-03-08
BUF,20232024,2024-04-07,0,FALSE,1,3,79,78,2024-03-27,NA,2024-03-08
BUF,20232024,2024-04-09,0,FALSE,2,3,79,79,2024-03-27,NA,2024-03-08
BUF,20232024,2024-04-11,2,TRUE,4,2,81,80,2024-03-27,NA,2024-03-08
BUF,20232024,2024-04-13,1,FALSE,2,3,82,81,2024-03-27,NA,2024-03-08
BUF,20232024,2024-04-15,2,FALSE,4,2,84,82,2024-03-27,NA,2024-03-08
CAR,20212022,2021-10-14,2,TRUE,6,3,2,1,NA,2022-03-28,2022-03-21
CAR,20212022,2021-10-16,2,FALSE,3,2,4,2,NA,2022-03-28,2022-03-21
CAR,20212022,2021-10-21,2,FALSE,4,1,6,3,NA,2022-03-28,2022-03-21
CAR,20212022,2021-10-23,2,FALSE,5,1,8,4,NA,2022-03-28,2022-03-21
CAR,20212022,2021-10-25,2,TRUE,4,1,10,5,NA,2022-03-28,2022-03-21
CAR,20212022,2021-10-28,2,TRUE,3,0,12,6,NA,2022-03-28,2022-03-21
CAR,20212022,2021-10-29,2,TRUE,6,3,14,7,NA,2022-03-28,2022-03-21
CAR,20212022,2021-10-31,2,TRUE,2,1,16,8,NA,2022-03-28,2022-03-21
CAR,20212022,2021-11-03,2,FALSE,4,3,18,9,NA,2022-03-28,2022-03-21
CAR,20212022,2021-11-06,0,FALSE,2,5,18,10,NA,2022-03-28,2022-03-21
CAR,20212022,2021-11-09,2,FALSE,2,1,20,11,NA,2022-03-28,2022-03-21
CAR,20212022,2021-11-12,0,TRUE,1,2,20,12,NA,2022-03-28,2022-03-21
CAR,20212022,2021-11-13,2,TRUE,3,2,22,13,NA,2022-03-28,2022-03-21
CAR,20212022,2021-11-16,2,FALSE,4,2,24,14,NA,2022-03-28,2022-03-21
CAR,20212022,2021-11-18,2,FALSE,2,1,26,15,NA,2022-03-28,2022-03-21
CAR,20212022,2021-11-20,2,FALSE,5,4,28,16,NA,2022-03-28,2022-03-21
CAR,20212022,2021-11-22,1,FALSE,1,2,29,17,NA,2022-03-28,2022-03-21
CAR,20212022,2021-11-24,0,FALSE,1,2,29,18,NA,2022-03-28,2022-03-21
CAR,20212022,2021-11-26,2,FALSE,6,3,31,19,NA,2022-03-28,2022-03-21
CAR,20212022,2021-11-28,0,TRUE,2,4,31,20,NA,2022-03-28,2022-03-21
CAR,20212022,2021-11-30,0,FALSE,1,4,31,21,NA,2022-03-28,2022-03-21
CAR,20212022,2021-12-02,0,TRUE,2,3,31,22,NA,2022-03-28,2022-03-21
CAR,20212022,2021-12-04,2,TRUE,6,2,33,23,NA,2022-03-28,2022-03-21
CAR,20212022,2021-12-07,2,FALSE,4,2,35,24,NA,2022-03-28,2022-03-21
CAR,20212022,2021-12-09,2,FALSE,2,1,37,25,NA,2022-03-28,2022-03-21
CAR,20212022,2021-12-11,2,FALSE,3,1,39,26,NA,2022-03-28,2022-03-21
CAR,20212022,2021-12-12,0,FALSE,1,2,39,27,NA,2022-03-28,2022-03-21
CAR,20212022,2021-12-16,2,TRUE,5,3,41,28,NA,2022-03-28,2022-03-21
CAR,20212022,2021-12-18,2,TRUE,5,1,43,29,NA,2022-03-28,2022-03-21
CAR,20212022,2021-12-30,2,TRUE,4,0,45,30,NA,2022-03-28,2022-03-21
CAR,20212022,2022-01-01,2,FALSE,7,4,47,31,NA,2022-03-28,2022-03-21
CAR,20212022,2022-01-07,2,TRUE,6,3,49,32,NA,2022-03-28,2022-03-21
CAR,20212022,2022-01-08,1,TRUE,3,4,50,33,NA,2022-03-28,2022-03-21
CAR,20212022,2022-01-13,0,TRUE,0,6,50,34,NA,2022-03-28,2022-03-21
CAR,20212022,2022-01-15,2,TRUE,4,1,52,35,NA,2022-03-28,2022-03-21
CAR,20212022,2022-01-18,2,FALSE,7,1,54,36,NA,2022-03-28,2022-03-21
CAR,20212022,2022-01-21,2,TRUE,6,3,56,37,NA,2022-03-28,2022-03-21
CAR,20212022,2022-01-22,0,FALSE,4,7,56,38,NA,2022-03-28,2022-03-21
CAR,20212022,2022-01-25,2,TRUE,4,3,58,39,NA,2022-03-28,2022-03-21
CAR,20212022,2022-01-27,2,FALSE,3,2,60,40,NA,2022-03-28,2022-03-21
CAR,20212022,2022-01-29,2,TRUE,2,1,62,41,NA,2022-03-28,2022-03-21
CAR,20212022,2022-01-30,2,TRUE,2,1,64,42,NA,2022-03-28,2022-03-21
CAR,20212022,2022-02-07,1,FALSE,3,4,65,43,NA,2022-03-28,2022-03-21
CAR,20212022,2022-02-08,0,FALSE,3,4,65,44,NA,2022-03-28,2022-03-21
CAR,20212022,2022-02-10,2,FALSE,6,0,67,45,NA,2022-03-28,2022-03-21
CAR,20212022,2022-02-12,0,FALSE,2,3,67,46,NA,2022-03-28,2022-03-21
CAR,20212022,2022-02-16,1,TRUE,2,3,68,47,NA,2022-03-28,2022-03-21
CAR,20212022,2022-02-18,2,TRUE,5,3,70,48,NA,2022-03-28,2022-03-21
CAR,20212022,2022-02-20,2,FALSE,4,3,72,49,NA,2022-03-28,2022-03-21
CAR,20212022,2022-02-21,2,FALSE,4,3,74,50,NA,2022-03-28,2022-03-21
CAR,20212022,2022-02-25,2,TRUE,4,0,76,51,NA,2022-03-28,2022-03-21
CAR,20212022,2022-02-27,2,TRUE,2,1,78,52,NA,2022-03-28,2022-03-21
CAR,20212022,2022-03-01,1,FALSE,3,4,79,53,NA,2022-03-28,2022-03-21
CAR,20212022,2022-03-03,0,FALSE,0,4,79,54,NA,2022-03-28,2022-03-21
CAR,20212022,2022-03-04,2,TRUE,3,2,81,55,NA,2022-03-28,2022-03-21
CAR,20212022,2022-03-06,2,TRUE,3,2,83,56,NA,2022-03-28,2022-03-21
CAR,20212022,2022-03-10,2,TRUE,2,0,85,57,NA,2022-03-28,2022-03-21
CAR,20212022,2022-03-12,2,TRUE,3,1,87,58,NA,2022-03-28,2022-03-21
CAR,20212022,2022-03-13,0,FALSE,2,4,87,59,NA,2022-03-28,2022-03-21
CAR,20212022,2022-03-17,0,FALSE,2,3,87,60,NA,2022-03-28,2022-03-21
CAR,20212022,2022-03-18,1,TRUE,3,4,88,61,NA,2022-03-28,2022-03-21
CAR,20212022,2022-03-20,0,TRUE,0,2,88,62,NA,2022-03-28,2022-03-21
CAR,20212022,2022-03-22,2,TRUE,3,2,90,63,NA,2022-03-28,2022-03-21
CAR,20212022,2022-03-24,1,TRUE,3,4,91,64,NA,2022-03-28,2022-03-21
CAR,20212022,2022-03-26,2,FALSE,7,2,93,65,NA,2022-03-28,2022-03-21
CAR,20212022,2022-03-28,2,FALSE,6,1,95,66,NA,2022-03-28,2022-03-21
CAR,20212022,2022-03-29,1,FALSE,3,4,96,67,NA,2022-03-28,2022-03-21
CAR,20212022,2022-03-31,2,TRUE,4,0,98,68,NA,2022-03-28,2022-03-21
CAR,20212022,2022-04-02,0,TRUE,1,3,98,69,NA,2022-03-28,2022-03-21
CAR,20212022,2022-04-05,0,FALSE,2,4,98,70,NA,2022-03-28,2022-03-21
CAR,20212022,2022-04-07,2,TRUE,5,3,100,71,NA,2022-03-28,2022-03-21
CAR,20212022,2022-04-08,0,TRUE,1,2,100,72,NA,2022-03-28,2022-03-21
CAR,20212022,2022-04-10,2,TRUE,5,2,102,73,NA,2022-03-28,2022-03-21
CAR,20212022,2022-04-12,2,FALSE,4,2,104,74,NA,2022-03-28,2022-03-21
CAR,20212022,2022-04-14,0,TRUE,0,3,104,75,NA,2022-03-28,2022-03-21
CAR,20212022,2022-04-16,0,FALSE,4,7,104,76,NA,2022-03-28,2022-03-21
CAR,20212022,2022-04-18,2,FALSE,5,3,106,77,NA,2022-03-28,2022-03-21
CAR,20212022,2022-04-21,2,TRUE,4,2,108,78,NA,2022-03-28,2022-03-21
CAR,20212022,2022-04-23,2,FALSE,3,2,110,79,NA,2022-03-28,2022-03-21
CAR,20212022,2022-04-24,2,FALSE,5,2,112,80,NA,2022-03-28,2022-03-21
CAR,20212022,2022-04-26,2,FALSE,4,3,114,81,NA,2022-03-28,2022-03-21
CAR,20212022,2022-04-28,2,TRUE,6,3,116,82,NA,2022-03-28,2022-03-21
CAR,20222023,2022-10-12,2,TRUE,4,1,2,1,NA,2023-03-09,2023-03-03
CAR,20222023,2022-10-14,2,FALSE,2,1,4,2,NA,2023-03-09,2023-03-03
CAR,20222023,2022-10-17,2,FALSE,5,1,6,3,NA,2023-03-09,2023-03-03
CAR,20222023,2022-10-20,0,FALSE,4,6,6,4,NA,2023-03-09,2023-03-03
CAR,20222023,2022-10-22,1,FALSE,2,3,7,5,NA,2023-03-09,2023-03-03
CAR,20222023,2022-10-24,2,FALSE,3,2,9,6,NA,2023-03-09,2023-03-03
CAR,20222023,2022-10-28,0,TRUE,2,6,9,7,NA,2023-03-09,2023-03-03
CAR,20222023,2022-10-29,2,FALSE,4,3,11,8,NA,2023-03-09,2023-03-03
CAR,20222023,2022-10-31,2,TRUE,3,2,13,9,NA,2023-03-09,2023-03-03
CAR,20222023,2022-11-03,2,FALSE,4,3,15,10,NA,2023-03-09,2023-03-03
CAR,20222023,2022-11-04,2,TRUE,5,3,17,11,NA,2023-03-09,2023-03-03
CAR,20222023,2022-11-06,0,TRUE,1,3,17,12,NA,2023-03-09,2023-03-03
CAR,20222023,2022-11-09,0,FALSE,0,3,17,13,NA,2023-03-09,2023-03-03
CAR,20222023,2022-11-10,2,TRUE,7,2,19,14,NA,2023-03-09,2023-03-03
CAR,20222023,2022-11-12,0,FALSE,1,4,19,15,NA,2023-03-09,2023-03-03
CAR,20222023,2022-11-14,2,FALSE,3,0,21,16,NA,2023-03-09,2023-03-03
CAR,20222023,2022-11-17,1,TRUE,2,3,22,17,NA,2023-03-09,2023-03-03
CAR,20222023,2022-11-19,1,FALSE,1,2,23,18,NA,2023-03-09,2023-03-03
CAR,20222023,2022-11-21,1,FALSE,3,4,24,19,NA,2023-03-09,2023-03-03
CAR,20222023,2022-11-23,0,TRUE,0,4,24,20,NA,2023-03-09,2023-03-03
CAR,20222023,2022-11-25,1,FALSE,2,3,25,21,NA,2023-03-09,2023-03-03
CAR,20222023,2022-11-26,2,TRUE,3,2,27,22,NA,2023-03-09,2023-03-03
CAR,20222023,2022-11-29,2,FALSE,3,2,29,23,NA,2023-03-09,2023-03-03
CAR,20222023,2022-12-01,2,FALSE,6,4,31,24,NA,2023-03-09,2023-03-03
CAR,20222023,2022-12-03,2,FALSE,4,2,33,25,NA,2023-03-09,2023-03-03
CAR,20222023,2022-12-06,1,FALSE,3,4,34,26,NA,2023-03-09,2023-03-03
CAR,20222023,2022-12-10,2,FALSE,3,0,36,27,NA,2023-03-09,2023-03-03
CAR,20222023,2022-12-13,2,FALSE,1,0,38,28,NA,2023-03-09,2023-03-03
CAR,20222023,2022-12-15,2,TRUE,3,2,40,29,NA,2023-03-09,2023-03-03
CAR,20222023,2022-12-17,2,TRUE,5,4,42,30,NA,2023-03-09,2023-03-03
CAR,20222023,2022-12-18,2,TRUE,3,2,44,31,NA,2023-03-09,2023-03-03
CAR,20222023,2022-12-20,2,TRUE,4,1,46,32,NA,2023-03-09,2023-03-03
CAR,20222023,2022-12-22,2,FALSE,4,3,48,33,NA,2023-03-09,2023-03-03
CAR,20222023,2022-12-23,2,TRUE,6,5,50,34,NA,2023-03-09,2023-03-03
CAR,20222023,2022-12-27,2,TRUE,3,0,52,35,NA,2023-03-09,2023-03-03
CAR,20222023,2022-12-30,2,TRUE,4,0,54,36,NA,2023-03-09,2023-03-03
CAR,20222023,2023-01-01,2,FALSE,5,4,56,37,NA,2023-03-09,2023-03-03
CAR,20222023,2023-01-03,0,FALSE,3,5,56,38,NA,2023-03-09,2023-03-03
CAR,20222023,2023-01-05,0,TRUE,3,5,56,39,NA,2023-03-09,2023-03-03
CAR,20222023,2023-01-07,1,FALSE,3,4,57,40,NA,2023-03-09,2023-03-03
CAR,20222023,2023-01-10,0,TRUE,3,5,57,41,NA,2023-03-09,2023-03-03
CAR,20222023,2023-01-12,2,FALSE,6,2,59,42,NA,2023-03-09,2023-03-03
CAR,20222023,2023-01-14,2,TRUE,2,1,61,43,NA,2023-03-09,2023-03-03
CAR,20222023,2023-01-15,1,TRUE,3,4,62,44,NA,2023-03-09,2023-03-03
CAR,20222023,2023-01-19,2,TRUE,5,2,64,45,NA,2023-03-09,2023-03-03
CAR,20222023,2023-01-21,2,FALSE,5,2,66,46,NA,2023-03-09,2023-03-03
CAR,20222023,2023-01-25,2,FALSE,3,2,68,47,NA,2023-03-09,2023-03-03
CAR,20222023,2023-01-27,2,TRUE,5,4,70,48,NA,2023-03-09,2023-03-03
CAR,20222023,2023-01-29,2,TRUE,4,1,72,49,NA,2023-03-09,2023-03-03
CAR,20222023,2023-01-31,2,TRUE,5,4,74,50,NA,2023-03-09,2023-03-03
CAR,20222023,2023-02-01,2,FALSE,5,1,76,51,NA,2023-03-09,2023-03-03
CAR,20222023,2023-02-11,0,TRUE,2,6,76,52,NA,2023-03-09,2023-03-03
CAR,20222023,2023-02-14,2,FALSE,3,2,78,53,NA,2023-03-09,2023-03-03
CAR,20222023,2023-02-16,2,TRUE,6,2,80,54,NA,2023-03-09,2023-03-03
CAR,20222023,2023-02-18,2,TRUE,4,1,82,55,NA,2023-03-09,2023-03-03
CAR,20222023,2023-02-21,2,TRUE,4,1,84,56,NA,2023-03-09,2023-03-03
CAR,20222023,2023-02-24,2,TRUE,4,0,86,57,NA,2023-03-09,2023-03-03
CAR,20222023,2023-02-25,0,TRUE,2,3,86,58,NA,2023-03-09,2023-03-03
CAR,20222023,2023-03-01,0,FALSE,2,3,86,59,NA,2023-03-09,2023-03-03
CAR,20222023,2023-03-03,2,FALSE,6,1,88,60,NA,2023-03-09,2023-03-03
CAR,20222023,2023-03-05,2,TRUE,6,0,90,61,NA,2023-03-09,2023-03-03
CAR,20222023,2023-03-07,2,FALSE,4,3,92,62,NA,2023-03-09,2023-03-03
CAR,20222023,2023-03-09,2,TRUE,1,0,94,63,NA,2023-03-09,2023-03-03
CAR,20222023,2023-03-11,0,TRUE,0,4,94,64,NA,2023-03-09,2023-03-03
CAR,20222023,2023-03-12,0,FALSE,0,3,94,65,NA,2023-03-09,2023-03-03
CAR,20222023,2023-03-14,2,TRUE,5,3,96,66,NA,2023-03-09,2023-03-03
CAR,20222023,2023-03-17,0,FALSE,2,5,96,67,NA,2023-03-09,2023-03-03
CAR,20222023,2023-03-18,2,FALSE,5,4,98,68,NA,2023-03-09,2023-03-03
CAR,20222023,2023-03-21,2,FALSE,3,2,100,69,NA,2023-03-09,2023-03-03
CAR,20222023,2023-03-23,0,TRUE,1,2,100,70,NA,2023-03-09,2023-03-03
CAR,20222023,2023-03-25,2,TRUE,5,3,102,71,NA,2023-03-09,2023-03-03
CAR,20222023,2023-03-26,1,TRUE,3,4,103,72,NA,2023-03-09,2023-03-03
CAR,20222023,2023-03-28,0,TRUE,0,4,103,73,NA,2023-03-09,2023-03-03
CAR,20222023,2023-03-30,0,FALSE,2,3,103,74,NA,2023-03-09,2023-03-03
CAR,20222023,2023-04-01,2,FALSE,3,0,105,75,NA,2023-03-09,2023-03-03
CAR,20222023,2023-04-02,2,TRUE,2,1,107,76,NA,2023-03-09,2023-03-03
CAR,20222023,2023-04-04,2,TRUE,3,2,109,77,NA,2023-03-09,2023-03-03
CAR,20222023,2023-04-06,0,FALSE,0,3,109,78,NA,2023-03-09,2023-03-03
CAR,20222023,2023-04-08,0,FALSE,3,4,109,79,NA,2023-03-09,2023-03-03
CAR,20222023,2023-04-10,0,FALSE,2,3,109,80,NA,2023-03-09,2023-03-03
CAR,20222023,2023-04-11,2,TRUE,4,1,111,81,NA,2023-03-09,2023-03-03
CAR,20222023,2023-04-13,2,FALSE,6,4,113,82,NA,2023-03-09,2023-03-03
CAR,20232024,2023-10-11,2,TRUE,5,3,2,1,NA,2024-03-19,2024-03-08
CAR,20232024,2023-10-14,2,FALSE,6,5,4,2,NA,2024-03-19,2024-03-08
CAR,20232024,2023-10-15,0,FALSE,3,6,4,3,NA,2024-03-19,2024-03-08
CAR,20232024,2023-10-17,2,FALSE,6,3,6,4,NA,2024-03-19,2024-03-08
CAR,20232024,2023-10-19,0,FALSE,4,7,6,5,NA,2024-03-19,2024-03-08
CAR,20232024,2023-10-21,0,FALSE,4,6,6,6,NA,2024-03-19,2024-03-08
CAR,20232024,2023-10-24,0,FALSE,0,3,6,7,NA,2024-03-19,2024-03-08
CAR,20232024,2023-10-26,2,TRUE,3,2,8,8,NA,2024-03-19,2024-03-08
CAR,20232024,2023-10-27,2,TRUE,3,0,10,9,NA,2024-03-19,2024-03-08
CAR,20232024,2023-10-30,2,FALSE,3,2,12,10,NA,2024-03-19,2024-03-08
CAR,20232024,2023-11-02,0,FALSE,1,2,12,11,NA,2024-03-19,2024-03-08
CAR,20232024,2023-11-04,2,FALSE,4,3,14,12,NA,2024-03-19,2024-03-08
CAR,20232024,2023-11-07,2,TRUE,3,2,16,13,NA,2024-03-19,2024-03-08
CAR,20232024,2023-11-10,0,FALSE,2,5,16,14,NA,2024-03-19,2024-03-08
CAR,20232024,2023-11-11,2,FALSE,4,0,18,15,NA,2024-03-19,2024-03-08
CAR,20232024,2023-11-15,0,TRUE,1,3,18,16,NA,2024-03-19,2024-03-08
CAR,20232024,2023-11-18,2,TRUE,4,2,20,17,NA,2024-03-19,2024-03-08
CAR,20232024,2023-11-22,2,TRUE,6,3,22,18,NA,2024-03-19,2024-03-08
CAR,20232024,2023-11-24,0,TRUE,2,8,22,19,NA,2024-03-19,2024-03-08
CAR,20232024,2023-11-26,2,TRUE,3,2,24,20,NA,2024-03-19,2024-03-08
CAR,20232024,2023-11-28,2,FALSE,4,1,26,21,NA,2024-03-19,2024-03-08
CAR,20232024,2023-11-30,1,TRUE,4,5,27,22,NA,2024-03-19,2024-03-08
CAR,20232024,2023-12-02,2,TRUE,6,2,29,23,NA,2024-03-19,2024-03-08
CAR,20232024,2023-12-04,0,FALSE,1,2,29,24,NA,2024-03-19,2024-03-08
CAR,20232024,2023-12-06,0,FALSE,1,6,29,25,NA,2024-03-19,2024-03-08
CAR,20232024,2023-12-07,0,FALSE,2,3,29,26,NA,2024-03-19,2024-03-08
CAR,20232024,2023-12-09,0,FALSE,3,4,29,27,NA,2024-03-19,2024-03-08
CAR,20232024,2023-12-12,2,FALSE,4,1,31,28,NA,2024-03-19,2024-03-08
CAR,20232024,2023-12-14,2,FALSE,2,1,33,29,NA,2024-03-19,2024-03-08
CAR,20232024,2023-12-15,1,TRUE,5,6,34,30,NA,2024-03-19,2024-03-08
CAR,20232024,2023-12-17,1,TRUE,1,2,35,31,NA,2024-03-19,2024-03-08
CAR,20232024,2023-12-19,2,TRUE,6,3,37,32,NA,2024-03-19,2024-03-08
CAR,20232024,2023-12-21,1,FALSE,1,2,38,33,NA,2024-03-19,2024-03-08
CAR,20232024,2023-12-23,0,TRUE,4,5,38,34,NA,2024-03-19,2024-03-08
CAR,20232024,2023-12-27,2,FALSE,5,2,40,35,NA,2024-03-19,2024-03-08
CAR,20232024,2023-12-28,2,TRUE,5,3,42,36,NA,2024-03-19,2024-03-08
CAR,20232024,2023-12-30,2,FALSE,3,2,44,37,NA,2024-03-19,2024-03-08
CAR,20232024,2024-01-02,2,FALSE,6,1,46,38,NA,2024-03-19,2024-03-08
CAR,20232024,2024-01-05,2,FALSE,6,2,48,39,NA,2024-03-19,2024-03-08
CAR,20232024,2024-01-06,1,TRUE,1,2,49,40,NA,2024-03-19,2024-03-08
CAR,20232024,2024-01-11,2,TRUE,6,3,51,41,NA,2024-03-19,2024-03-08
CAR,20232024,2024-01-13,2,TRUE,3,2,53,42,NA,2024-03-19,2024-03-08
CAR,20232024,2024-01-15,0,TRUE,2,5,53,43,NA,2024-03-19,2024-03-08
CAR,20232024,2024-01-19,2,TRUE,4,2,55,44,NA,2024-03-19,2024-03-08
CAR,20232024,2024-01-21,0,TRUE,2,5,55,45,NA,2024-03-19,2024-03-08
CAR,20232024,2024-01-24,2,FALSE,3,2,57,46,NA,2024-03-19,2024-03-08
CAR,20232024,2024-01-25,2,TRUE,3,2,59,47,NA,2024-03-19,2024-03-08
CAR,20232024,2024-01-27,2,TRUE,3,1,61,48,NA,2024-03-19,2024-03-08
CAR,20232024,2024-02-06,0,TRUE,2,3,61,49,NA,2024-03-19,2024-03-08
CAR,20232024,2024-02-08,2,TRUE,5,2,63,50,NA,2024-03-19,2024-03-08
CAR,20232024,2024-02-10,2,TRUE,1,0,65,51,NA,2024-03-19,2024-03-08
CAR,20232024,2024-02-13,0,FALSE,2,4,65,52,NA,2024-03-19,2024-03-08
CAR,20232024,2024-02-16,2,FALSE,5,1,67,53,NA,2024-03-19,2024-03-08
CAR,20232024,2024-02-17,2,FALSE,3,1,69,54,NA,2024-03-19,2024-03-08
CAR,20232024,2024-02-19,2,TRUE,6,3,71,55,NA,2024-03-19,2024-03-08
CAR,20232024,2024-02-22,2,TRUE,1,0,73,56,NA,2024-03-19,2024-03-08
CAR,20232024,2024-02-24,0,TRUE,1,2,73,57,NA,2024-03-19,2024-03-08
CAR,20232024,2024-02-25,1,FALSE,2,3,74,58,NA,2024-03-19,2024-03-08
CAR,20232024,2024-02-27,2,FALSE,3,2,76,59,NA,2024-03-19,2024-03-08
CAR,20232024,2024-02-29,2,FALSE,4,2,78,60,NA,2024-03-19,2024-03-08
CAR,20232024,2024-03-02,0,TRUE,3,5,78,61,NA,2024-03-19,2024-03-08
CAR,20232024,2024-03-07,2,TRUE,4,1,80,62,NA,2024-03-19,2024-03-08
CAR,20232024,2024-03-09,2,FALSE,4,2,82,63,NA,2024-03-19,2024-03-08
CAR,20232024,2024-03-10,2,TRUE,7,2,84,64,NA,2024-03-19,2024-03-08
CAR,20232024,2024-03-12,0,TRUE,0,1,84,65,NA,2024-03-19,2024-03-08
CAR,20232024,2024-03-14,2,TRUE,4,0,86,66,NA,2024-03-19,2024-03-08
CAR,20232024,2024-03-16,2,FALSE,5,4,88,67,NA,2024-03-19,2024-03-08
CAR,20232024,2024-03-17,2,FALSE,7,2,90,68,NA,2024-03-19,2024-03-08
CAR,20232024,2024-03-19,2,FALSE,4,1,92,69,NA,2024-03-19,2024-03-08
CAR,20232024,2024-03-21,2,TRUE,3,2,94,70,NA,2024-03-19,2024-03-08
CAR,20232024,2024-03-22,1,FALSE,6,7,95,71,NA,2024-03-19,2024-03-08
CAR,20232024,2024-03-24,2,TRUE,2,1,97,72,NA,2024-03-19,2024-03-08
CAR,20232024,2024-03-26,0,FALSE,1,4,97,73,NA,2024-03-19,2024-03-08
CAR,20232024,2024-03-28,2,TRUE,4,0,99,74,NA,2024-03-19,2024-03-08
CAR,20232024,2024-03-30,2,FALSE,3,0,101,75,NA,2024-03-19,2024-03-08
CAR,20232024,2024-04-04,0,TRUE,1,4,101,76,NA,2024-03-19,2024-03-08
CAR,20232024,2024-04-05,2,TRUE,4,2,103,77,NA,2024-03-19,2024-03-08
CAR,20232024,2024-04-07,2,TRUE,3,0,105,78,NA,2024-03-19,2024-03-08
CAR,20232024,2024-04-09,2,FALSE,4,1,107,79,NA,2024-03-19,2024-03-08
CAR,20232024,2024-04-12,2,FALSE,5,2,109,80,NA,2024-03-19,2024-03-08
CAR,20232024,2024-04-14,2,FALSE,4,2,111,81,NA,2024-03-19,2024-03-08
CAR,20232024,2024-04-16,0,FALSE,3,6,111,82,NA,2024-03-19,2024-03-08
CBJ,20212022,2021-10-14,2,TRUE,8,2,2,1,2022-04-02,NA,2022-03-21
CBJ,20212022,2021-10-16,2,TRUE,2,1,4,2,2022-04-02,NA,2022-03-21
CBJ,20212022,2021-10-19,0,FALSE,1,4,4,3,2022-04-02,NA,2022-03-21
CBJ,20212022,2021-10-21,2,TRUE,3,2,6,4,2022-04-02,NA,2022-03-21
CBJ,20212022,2021-10-23,0,TRUE,1,5,6,5,2022-04-02,NA,2022-03-21
CBJ,20212022,2021-10-25,2,TRUE,4,1,8,6,2022-04-02,NA,2022-03-21
CBJ,20212022,2021-10-29,0,FALSE,0,4,8,7,2022-04-02,NA,2022-03-21
CBJ,20212022,2021-10-31,2,FALSE,4,3,10,8,2022-04-02,NA,2022-03-21
CBJ,20212022,2021-11-03,2,FALSE,5,4,12,9,2022-04-02,NA,2022-03-21
CBJ,20212022,2021-11-06,2,TRUE,4,2,14,10,2022-04-02,NA,2022-03-21
CBJ,20212022,2021-11-12,0,TRUE,3,4,14,11,2022-04-02,NA,2022-03-21
CBJ,20212022,2021-11-13,0,TRUE,3,5,14,12,2022-04-02,NA,2022-03-21
CBJ,20212022,2021-11-15,2,TRUE,5,3,16,13,2022-04-02,NA,2022-03-21
CBJ,20212022,2021-11-18,2,FALSE,5,4,18,14,2022-04-02,NA,2022-03-21
CBJ,20212022,2021-11-20,0,FALSE,2,3,18,15,2022-04-02,NA,2022-03-21
CBJ,20212022,2021-11-22,2,FALSE,7,4,20,16,2022-04-02,NA,2022-03-21
CBJ,20212022,2021-11-24,2,TRUE,3,0,22,17,2022-04-02,NA,2022-03-21
CBJ,20212022,2021-11-26,2,TRUE,4,2,24,18,2022-04-02,NA,2022-03-21
CBJ,20212022,2021-11-27,0,FALSE,3,6,24,19,2022-04-02,NA,2022-03-21
CBJ,20212022,2021-11-30,0,FALSE,0,6,24,20,2022-04-02,NA,2022-03-21
CBJ,20212022,2021-12-02,0,FALSE,2,3,24,21,2022-04-02,NA,2022-03-21
CBJ,20212022,2021-12-04,0,FALSE,1,3,24,22,2022-04-02,NA,2022-03-21
CBJ,20212022,2021-12-05,2,TRUE,6,4,26,23,2022-04-02,NA,2022-03-21
CBJ,20212022,2021-12-07,0,FALSE,4,5,26,24,2022-04-02,NA,2022-03-21
CBJ,20212022,2021-12-09,1,TRUE,1,2,27,25,2022-04-02,NA,2022-03-21
CBJ,20212022,2021-12-11,2,FALSE,5,4,29,26,2022-04-02,NA,2022-03-21
CBJ,20212022,2021-12-14,0,FALSE,3,4,29,27,2022-04-02,NA,2022-03-21
CBJ,20212022,2021-12-16,0,FALSE,2,5,29,28,2022-04-02,NA,2022-03-21
CBJ,20212022,2021-12-30,2,TRUE,4,3,31,29,2022-04-02,NA,2022-03-21
CBJ,20212022,2022-01-01,0,TRUE,4,7,31,30,2022-04-02,NA,2022-03-21
CBJ,20212022,2022-01-04,0,TRUE,2,7,31,31,2022-04-02,NA,2022-03-21
CBJ,20212022,2022-01-06,0,FALSE,1,3,31,32,2022-04-02,NA,2022-03-21
CBJ,20212022,2022-01-08,2,TRUE,4,3,33,33,2022-04-02,NA,2022-03-21
CBJ,20212022,2022-01-11,0,TRUE,2,4,33,34,2022-04-02,NA,2022-03-21
CBJ,20212022,2022-01-13,2,FALSE,6,0,35,35,2022-04-02,NA,2022-03-21
CBJ,20212022,2022-01-15,0,FALSE,2,9,35,36,2022-04-02,NA,2022-03-21
CBJ,20212022,2022-01-20,2,FALSE,2,1,37,37,2022-04-02,NA,2022-03-21
CBJ,20212022,2022-01-21,0,TRUE,2,5,37,38,2022-04-02,NA,2022-03-21
CBJ,20212022,2022-01-23,0,TRUE,1,2,37,39,2022-04-02,NA,2022-03-21
CBJ,20212022,2022-01-26,0,TRUE,0,6,37,40,2022-04-02,NA,2022-03-21
CBJ,20212022,2022-01-27,2,TRUE,5,3,39,41,2022-04-02,NA,2022-03-21
CBJ,20212022,2022-01-30,2,FALSE,6,3,41,42,2022-04-02,NA,2022-03-21
CBJ,20212022,2022-01-31,0,TRUE,4,8,41,43,2022-04-02,NA,2022-03-21
CBJ,20212022,2022-02-08,2,FALSE,5,4,43,44,2022-04-02,NA,2022-03-21
CBJ,20212022,2022-02-10,2,FALSE,4,3,45,45,2022-04-02,NA,2022-03-21
CBJ,20212022,2022-02-12,2,FALSE,2,1,47,46,2022-04-02,NA,2022-03-21
CBJ,20212022,2022-02-15,0,FALSE,2,6,47,47,2022-04-02,NA,2022-03-21
CBJ,20212022,2022-02-17,2,FALSE,7,4,49,48,2022-04-02,NA,2022-03-21
CBJ,20212022,2022-02-20,2,TRUE,7,3,51,49,2022-04-02,NA,2022-03-21
CBJ,20212022,2022-02-22,2,TRUE,4,3,53,50,2022-04-02,NA,2022-03-21
CBJ,20212022,2022-02-24,2,FALSE,6,3,55,51,2022-04-02,NA,2022-03-21
CBJ,20212022,2022-02-25,0,FALSE,0,4,55,52,2022-04-02,NA,2022-03-21
CBJ,20212022,2022-02-27,0,TRUE,2,3,55,53,2022-04-02,NA,2022-03-21
CBJ,20212022,2022-03-01,2,TRUE,4,3,57,54,2022-04-02,NA,2022-03-21
CBJ,20212022,2022-03-04,1,TRUE,3,4,58,55,2022-04-02,NA,2022-03-21
CBJ,20212022,2022-03-05,1,TRUE,4,5,59,56,2022-04-02,NA,2022-03-21
CBJ,20212022,2022-03-07,0,TRUE,4,5,59,57,2022-04-02,NA,2022-03-21
CBJ,20212022,2022-03-10,0,FALSE,0,6,59,58,2022-04-02,NA,2022-03-21
CBJ,20212022,2022-03-11,2,TRUE,3,2,61,59,2022-04-02,NA,2022-03-21
CBJ,20212022,2022-03-13,2,TRUE,6,4,63,60,2022-04-02,NA,2022-03-21
CBJ,20212022,2022-03-16,2,FALSE,4,1,65,61,2022-04-02,NA,2022-03-21
CBJ,20212022,2022-03-17,0,TRUE,2,7,65,62,2022-04-02,NA,2022-03-21
CBJ,20212022,2022-03-19,2,TRUE,5,4,67,63,2022-04-02,NA,2022-03-21
CBJ,20212022,2022-03-22,0,FALSE,1,5,67,64,2022-04-02,NA,2022-03-21
CBJ,20212022,2022-03-25,1,FALSE,3,4,68,65,2022-04-02,NA,2022-03-21
CBJ,20212022,2022-03-26,1,FALSE,2,3,69,66,2022-04-02,NA,2022-03-21
CBJ,20212022,2022-03-29,0,TRUE,3,4,69,67,2022-04-02,NA,2022-03-21
CBJ,20212022,2022-03-31,0,FALSE,2,5,69,68,2022-04-02,NA,2022-03-21
CBJ,20212022,2022-04-02,0,FALSE,2,5,69,69,2022-04-02,NA,2022-03-21
CBJ,20212022,2022-04-04,1,TRUE,2,3,70,70,2022-04-02,NA,2022-03-21
CBJ,20212022,2022-04-05,2,FALSE,4,2,72,71,2022-04-02,NA,2022-03-21
CBJ,20212022,2022-04-07,0,TRUE,1,4,72,72,2022-04-02,NA,2022-03-21
CBJ,20212022,2022-04-09,2,FALSE,5,4,74,73,2022-04-02,NA,2022-03-21
CBJ,20212022,2022-04-13,2,TRUE,5,1,76,74,2022-04-02,NA,2022-03-21
CBJ,20212022,2022-04-16,0,FALSE,1,2,76,75,2022-04-02,NA,2022-03-21
CBJ,20212022,2022-04-17,0,FALSE,4,6,76,76,2022-04-02,NA,2022-03-21
CBJ,20212022,2022-04-19,0,FALSE,2,3,76,77,2022-04-02,NA,2022-03-21
CBJ,20212022,2022-04-22,1,TRUE,1,2,77,78,2022-04-02,NA,2022-03-21
CBJ,20212022,2022-04-24,2,TRUE,5,2,79,79,2022-04-02,NA,2022-03-21
CBJ,20212022,2022-04-26,0,FALSE,1,4,79,80,2022-04-02,NA,2022-03-21
CBJ,20212022,2022-04-28,2,TRUE,5,2,81,81,2022-04-02,NA,2022-03-21
CBJ,20212022,2022-04-29,0,FALSE,3,5,81,82,2022-04-02,NA,2022-03-21
CBJ,20222023,2022-10-12,0,FALSE,1,4,0,1,2023-02-14,NA,2023-03-03
CBJ,20222023,2022-10-14,0,TRUE,2,5,0,2,2023-02-14,NA,2023-03-03
CBJ,20222023,2022-10-15,0,FALSE,2,5,0,3,2023-02-14,NA,2023-03-03
CBJ,20222023,2022-10-18,2,TRUE,4,3,2,4,2023-02-14,NA,2023-03-03
CBJ,20222023,2022-10-20,2,TRUE,5,3,4,5,2023-02-14,NA,2023-03-03
CBJ,20222023,2022-10-22,0,TRUE,3,6,4,6,2023-02-14,NA,2023-03-03
CBJ,20222023,2022-10-23,2,FALSE,5,1,6,7,2023-02-14,NA,2023-03-03
CBJ,20222023,2022-10-25,0,TRUE,3,6,6,8,2023-02-14,NA,2023-03-03
CBJ,20222023,2022-10-28,0,TRUE,0,4,6,9,2023-02-14,NA,2023-03-03
CBJ,20222023,2022-10-30,0,FALSE,1,7,6,10,2023-02-14,NA,2023-03-03
CBJ,20222023,2022-11-04,0,FALSE,3,6,6,11,2023-02-14,NA,2023-03-03
CBJ,20222023,2022-11-05,0,TRUE,1,5,6,12,2023-02-14,NA,2023-03-03
CBJ,20222023,2022-11-10,2,TRUE,5,2,8,13,2023-02-14,NA,2023-03-03
CBJ,20222023,2022-11-12,1,FALSE,3,4,9,14,2023-02-14,NA,2023-03-03
CBJ,20222023,2022-11-15,2,TRUE,5,4,11,15,2023-02-14,NA,2023-03-03
CBJ,20222023,2022-11-17,2,TRUE,6,4,13,16,2023-02-14,NA,2023-03-03
CBJ,20222023,2022-11-19,0,TRUE,1,6,13,17,2023-02-14,NA,2023-03-03
CBJ,20222023,2022-11-20,2,TRUE,5,3,15,18,2023-02-14,NA,2023-03-03
CBJ,20222023,2022-11-23,0,TRUE,1,3,15,19,2023-02-14,NA,2023-03-03
CBJ,20222023,2022-11-25,0,TRUE,2,3,15,20,2023-02-14,NA,2023-03-03
CBJ,20222023,2022-11-28,1,TRUE,2,3,16,21,2023-02-14,NA,2023-03-03
CBJ,20222023,2022-12-02,2,FALSE,4,1,18,22,2023-02-14,NA,2023-03-03
CBJ,20222023,2022-12-04,0,TRUE,2,4,18,23,2023-02-14,NA,2023-03-03
CBJ,20222023,2022-12-06,0,FALSE,1,4,18,24,2023-02-14,NA,2023-03-03
CBJ,20222023,2022-12-07,0,TRUE,4,9,18,25,2023-02-14,NA,2023-03-03
CBJ,20222023,2022-12-09,2,TRUE,3,1,20,26,2023-02-14,NA,2023-03-03
CBJ,20222023,2022-12-11,2,TRUE,6,5,22,27,2023-02-14,NA,2023-03-03
CBJ,20222023,2022-12-13,0,FALSE,0,4,22,28,2023-02-14,NA,2023-03-03
CBJ,20222023,2022-12-15,0,FALSE,1,4,22,29,2023-02-14,NA,2023-03-03
CBJ,20222023,2022-12-17,0,FALSE,2,4,22,30,2023-02-14,NA,2023-03-03
CBJ,20222023,2022-12-19,0,TRUE,1,2,22,31,2023-02-14,NA,2023-03-03
CBJ,20222023,2022-12-20,0,FALSE,3,5,22,32,2023-02-14,NA,2023-03-03
CBJ,20222023,2022-12-23,0,FALSE,2,5,22,33,2023-02-14,NA,2023-03-03
CBJ,20222023,2022-12-29,0,FALSE,1,2,22,34,2023-02-14,NA,2023-03-03
CBJ,20222023,2022-12-31,2,TRUE,4,1,24,35,2023-02-14,NA,2023-03-03
CBJ,20222023,2023-01-03,0,FALSE,0,4,24,36,2023-02-14,NA,2023-03-03
CBJ,20222023,2023-01-05,0,TRUE,2,6,24,37,2023-02-14,NA,2023-03-03
CBJ,20222023,2023-01-07,2,TRUE,4,3,26,38,2023-02-14,NA,2023-03-03
CBJ,20222023,2023-01-08,0,FALSE,0,1,26,39,2023-02-14,NA,2023-03-03
CBJ,20222023,2023-01-10,0,FALSE,3,6,26,40,2023-02-14,NA,2023-03-03
CBJ,20222023,2023-01-12,0,TRUE,2,6,26,41,2023-02-14,NA,2023-03-03
CBJ,20222023,2023-01-14,2,FALSE,4,3,28,42,2023-02-14,NA,2023-03-03
CBJ,20222023,2023-01-16,0,TRUE,1,3,28,43,2023-02-14,NA,2023-03-03
CBJ,20222023,2023-01-17,0,FALSE,1,2,28,44,2023-02-14,NA,2023-03-03
CBJ,20222023,2023-01-19,0,TRUE,3,5,28,45,2023-02-14,NA,2023-03-03
CBJ,20222023,2023-01-21,2,TRUE,5,3,30,46,2023-02-14,NA,2023-03-03
CBJ,20222023,2023-01-23,1,FALSE,3,4,31,47,2023-02-14,NA,2023-03-03
CBJ,20222023,2023-01-25,2,FALSE,3,2,33,48,2023-02-14,NA,2023-03-03
CBJ,20222023,2023-01-27,0,FALSE,2,5,33,49,2023-02-14,NA,2023-03-03
CBJ,20222023,2023-01-28,0,FALSE,1,3,33,50,2023-02-14,NA,2023-03-03
CBJ,20222023,2023-01-31,1,TRUE,3,4,34,51,2023-02-14,NA,2023-03-03
CBJ,20222023,2023-02-10,0,TRUE,0,3,34,52,2023-02-14,NA,2023-03-03
CBJ,20222023,2023-02-11,2,FALSE,4,3,36,53,2023-02-14,NA,2023-03-03
CBJ,20222023,2023-02-14,0,TRUE,2,3,36,54,2023-02-14,NA,2023-03-03
CBJ,20222023,2023-02-16,2,TRUE,3,1,38,55,2023-02-14,NA,2023-03-03
CBJ,20222023,2023-02-18,2,FALSE,4,1,40,56,2023-02-14,NA,2023-03-03
CBJ,20222023,2023-02-19,1,FALSE,2,3,41,57,2023-02-14,NA,2023-03-03
CBJ,20222023,2023-02-23,0,TRUE,0,2,41,58,2023-02-14,NA,2023-03-03
CBJ,20222023,2023-02-25,2,TRUE,6,5,43,59,2023-02-14,NA,2023-03-03
CBJ,20222023,2023-02-26,1,FALSE,2,3,44,60,2023-02-14,NA,2023-03-03
CBJ,20222023,2023-02-28,2,FALSE,5,3,46,61,2023-02-14,NA,2023-03-03
CBJ,20222023,2023-03-03,0,TRUE,2,4,46,62,2023-02-14,NA,2023-03-03
CBJ,20222023,2023-03-04,0,FALSE,2,5,46,63,2023-02-14,NA,2023-03-03
CBJ,20222023,2023-03-07,1,FALSE,4,5,47,64,2023-02-14,NA,2023-03-03
CBJ,20222023,2023-03-11,0,TRUE,2,5,47,65,2023-02-14,NA,2023-03-03
CBJ,20222023,2023-03-14,2,FALSE,6,5,49,66,2023-02-14,NA,2023-03-03
CBJ,20222023,2023-03-16,0,FALSE,1,4,49,67,2023-02-14,NA,2023-03-03
CBJ,20222023,2023-03-17,0,FALSE,4,7,49,68,2023-02-14,NA,2023-03-03
CBJ,20222023,2023-03-19,0,FALSE,2,7,49,69,2023-02-14,NA,2023-03-03
CBJ,20222023,2023-03-21,2,FALSE,7,6,51,70,2023-02-14,NA,2023-03-03
CBJ,20222023,2023-03-24,2,TRUE,5,4,53,71,2023-02-14,NA,2023-03-03
CBJ,20222023,2023-03-25,0,FALSE,2,8,53,72,2023-02-14,NA,2023-03-03
CBJ,20222023,2023-03-28,0,FALSE,2,6,53,73,2023-02-14,NA,2023-03-03
CBJ,20222023,2023-03-30,1,FALSE,1,2,54,74,2023-02-14,NA,2023-03-03
CBJ,20222023,2023-04-01,0,TRUE,0,7,54,75,2023-02-14,NA,2023-03-03
CBJ,20222023,2023-04-02,2,TRUE,4,3,56,76,2023-02-14,NA,2023-03-03
CBJ,20222023,2023-04-04,0,FALSE,2,4,56,77,2023-02-14,NA,2023-03-03
CBJ,20222023,2023-04-06,0,FALSE,1,8,56,78,2023-02-14,NA,2023-03-03
CBJ,20222023,2023-04-08,0,TRUE,0,4,56,79,2023-02-14,NA,2023-03-03
CBJ,20222023,2023-04-11,1,FALSE,3,4,57,80,2023-02-14,NA,2023-03-03
CBJ,20222023,2023-04-13,2,TRUE,3,2,59,81,2023-02-14,NA,2023-03-03
CBJ,20222023,2023-04-14,0,TRUE,2,5,59,82,2023-02-14,NA,2023-03-03
CBJ,20232024,2023-10-12,0,TRUE,2,4,0,1,2024-03-09,NA,2024-03-08
CBJ,20232024,2023-10-14,2,TRUE,5,3,2,2,2024-03-09,NA,2024-03-08
CBJ,20232024,2023-10-16,0,TRUE,0,4,2,3,2024-03-09,NA,2024-03-08
CBJ,20232024,2023-10-20,2,TRUE,3,1,4,4,2024-03-09,NA,2024-03-08
CBJ,20232024,2023-10-21,2,FALSE,5,4,6,5,2024-03-09,NA,2024-03-08
CBJ,20232024,2023-10-24,1,TRUE,2,3,7,6,2024-03-09,NA,2024-03-08
CBJ,20232024,2023-10-26,1,FALSE,3,4,8,7,2024-03-09,NA,2024-03-08
CBJ,20232024,2023-10-28,0,TRUE,0,2,8,8,2024-03-09,NA,2024-03-08
CBJ,20232024,2023-10-30,0,FALSE,3,5,8,9,2024-03-09,NA,2024-03-08
CBJ,20232024,2023-11-02,2,TRUE,4,2,10,10,2024-03-09,NA,2024-03-08
CBJ,20232024,2023-11-04,0,FALSE,1,2,10,11,2024-03-09,NA,2024-03-08
CBJ,20232024,2023-11-06,1,FALSE,4,5,11,12,2024-03-09,NA,2024-03-08
CBJ,20232024,2023-11-09,0,TRUE,2,5,11,13,2024-03-09,NA,2024-03-08
CBJ,20232024,2023-11-11,0,FALSE,4,5,11,14,2024-03-09,NA,2024-03-08
CBJ,20232024,2023-11-12,1,FALSE,3,4,12,15,2024-03-09,NA,2024-03-08
CBJ,20232024,2023-11-14,0,TRUE,3,5,12,16,2024-03-09,NA,2024-03-08
CBJ,20232024,2023-11-16,0,TRUE,2,3,12,17,2024-03-09,NA,2024-03-08
CBJ,20232024,2023-11-18,0,FALSE,3,4,12,18,2024-03-09,NA,2024-03-08
CBJ,20232024,2023-11-19,0,FALSE,2,5,12,19,2024-03-09,NA,2024-03-08
CBJ,20232024,2023-11-22,2,TRUE,7,3,14,20,2024-03-09,NA,2024-03-08
CBJ,20232024,2023-11-24,2,FALSE,2,1,16,21,2024-03-09,NA,2024-03-08
CBJ,20232024,2023-11-26,0,FALSE,2,3,16,22,2024-03-09,NA,2024-03-08
CBJ,20232024,2023-11-27,2,TRUE,5,2,18,23,2024-03-09,NA,2024-03-08
CBJ,20232024,2023-11-29,0,TRUE,2,4,18,24,2024-03-09,NA,2024-03-08
CBJ,20232024,2023-12-01,2,TRUE,4,2,20,25,2024-03-09,NA,2024-03-08
CBJ,20232024,2023-12-03,0,FALSE,1,3,20,26,2024-03-09,NA,2024-03-08
CBJ,20232024,2023-12-05,1,TRUE,3,4,21,27,2024-03-09,NA,2024-03-08
CBJ,20232024,2023-12-07,0,FALSE,3,7,21,28,2024-03-09,NA,2024-03-08
CBJ,20232024,2023-12-08,2,TRUE,5,2,23,29,2024-03-09,NA,2024-03-08
CBJ,20232024,2023-12-10,0,TRUE,2,5,23,30,2024-03-09,NA,2024-03-08
CBJ,20232024,2023-12-14,2,FALSE,6,5,25,31,2024-03-09,NA,2024-03-08
CBJ,20232024,2023-12-16,0,TRUE,3,6,25,32,2024-03-09,NA,2024-03-08
CBJ,20232024,2023-12-19,2,FALSE,9,4,27,33,2024-03-09,NA,2024-03-08
CBJ,20232024,2023-12-21,1,TRUE,2,3,28,34,2024-03-09,NA,2024-03-08
CBJ,20232024,2023-12-23,0,TRUE,1,4,28,35,2024-03-09,NA,2024-03-08
CBJ,20232024,2023-12-27,1,FALSE,3,4,29,36,2024-03-09,NA,2024-03-08
CBJ,20232024,2023-12-29,2,TRUE,6,5,31,37,2024-03-09,NA,2024-03-08
CBJ,20232024,2023-12-30,1,FALSE,2,3,32,38,2024-03-09,NA,2024-03-08
CBJ,20232024,2024-01-02,0,TRUE,1,4,32,39,2024-03-09,NA,2024-03-08
CBJ,20232024,2024-01-04,2,FALSE,3,2,34,40,2024-03-09,NA,2024-03-08
CBJ,20232024,2024-01-06,1,TRUE,3,4,35,41,2024-03-09,NA,2024-03-08
CBJ,20232024,2024-01-09,0,FALSE,0,5,35,42,2024-03-09,NA,2024-03-08
CBJ,20232024,2024-01-13,0,TRUE,4,7,35,43,2024-03-09,NA,2024-03-08
CBJ,20232024,2024-01-15,2,TRUE,4,3,37,44,2024-03-09,NA,2024-03-08
CBJ,20232024,2024-01-19,0,TRUE,1,4,37,45,2024-03-09,NA,2024-03-08
CBJ,20232024,2024-01-23,0,FALSE,1,4,37,46,2024-03-09,NA,2024-03-08
CBJ,20232024,2024-01-25,2,FALSE,5,2,39,47,2024-03-09,NA,2024-03-08
CBJ,20232024,2024-01-27,1,FALSE,4,5,40,48,2024-03-09,NA,2024-03-08
CBJ,20232024,2024-01-28,0,FALSE,2,4,40,49,2024-03-09,NA,2024-03-08
CBJ,20232024,2024-01-30,2,FALSE,1,0,42,50,2024-03-09,NA,2024-03-08
CBJ,20232024,2024-02-10,0,TRUE,2,4,42,51,2024-03-09,NA,2024-03-08
CBJ,20232024,2024-02-13,0,FALSE,3,6,42,52,2024-03-09,NA,2024-03-08
CBJ,20232024,2024-02-17,2,FALSE,4,3,44,53,2024-03-09,NA,2024-03-08
CBJ,20232024,2024-02-20,0,FALSE,1,5,44,54,2024-03-09,NA,2024-03-08
CBJ,20232024,2024-02-21,2,FALSE,7,4,46,55,2024-03-09,NA,2024-03-08
CBJ,20232024,2024-02-23,0,TRUE,1,2,46,56,2024-03-09,NA,2024-03-08
CBJ,20232024,2024-02-25,2,TRUE,4,2,48,57,2024-03-09,NA,2024-03-08
CBJ,20232024,2024-02-28,0,FALSE,1,4,48,58,2024-03-09,NA,2024-03-08
CBJ,20232024,2024-02-29,0,TRUE,2,4,48,59,2024-03-09,NA,2024-03-08
CBJ,20232024,2024-03-02,2,FALSE,5,2,50,60,2024-03-09,NA,2024-03-08
CBJ,20232024,2024-03-04,2,TRUE,6,3,52,61,2024-03-09,NA,2024-03-08
CBJ,20232024,2024-03-05,0,FALSE,3,5,52,62,2024-03-09,NA,2024-03-08
CBJ,20232024,2024-03-07,2,TRUE,4,2,54,63,2024-03-09,NA,2024-03-08
CBJ,20232024,2024-03-09,0,TRUE,1,2,54,64,2024-03-09,NA,2024-03-08
CBJ,20232024,2024-03-12,0,FALSE,0,3,54,65,2024-03-09,NA,2024-03-08
CBJ,20232024,2024-03-14,1,TRUE,2,3,55,66,2024-03-09,NA,2024-03-08
CBJ,20232024,2024-03-16,2,TRUE,4,2,57,67,2024-03-09,NA,2024-03-08
CBJ,20232024,2024-03-17,0,TRUE,1,6,57,68,2024-03-09,NA,2024-03-08
CBJ,20232024,2024-03-19,1,FALSE,3,4,58,69,2024-03-09,NA,2024-03-08
CBJ,20232024,2024-03-22,0,FALSE,1,6,58,70,2024-03-09,NA,2024-03-08
CBJ,20232024,2024-03-23,0,FALSE,2,4,58,71,2024-03-09,NA,2024-03-08
CBJ,20232024,2024-03-26,0,FALSE,2,6,58,72,2024-03-09,NA,2024-03-08
CBJ,20232024,2024-03-28,0,FALSE,2,3,58,73,2024-03-09,NA,2024-03-08
CBJ,20232024,2024-03-30,2,TRUE,4,3,60,74,2024-03-09,NA,2024-03-08
CBJ,20232024,2024-04-01,2,TRUE,4,1,62,75,2024-03-09,NA,2024-03-08
CBJ,20232024,2024-04-04,0,TRUE,2,4,62,76,2024-03-09,NA,2024-03-08
CBJ,20232024,2024-04-06,2,TRUE,6,2,64,77,2024-03-09,NA,2024-03-08
CBJ,20232024,2024-04-07,0,FALSE,0,3,64,78,2024-03-09,NA,2024-03-08
CBJ,20232024,2024-04-09,0,FALSE,2,5,64,79,2024-03-09,NA,2024-03-08
CBJ,20232024,2024-04-11,0,FALSE,0,4,64,80,2024-03-09,NA,2024-03-08
CBJ,20232024,2024-04-13,0,FALSE,4,6,64,81,2024-03-09,NA,2024-03-08
CBJ,20232024,2024-04-16,2,TRUE,6,3,66,82,2024-03-09,NA,2024-03-08
CGY,20212022,2021-10-16,0,FALSE,2,5,0,1,NA,2022-04-07,2022-03-21
CGY,20212022,2021-10-18,1,TRUE,2,3,1,2,NA,2022-04-07,2022-03-21
CGY,20212022,2021-10-21,2,FALSE,3,0,3,3,NA,2022-04-07,2022-03-21
CGY,20212022,2021-10-23,2,FALSE,4,3,5,4,NA,2022-04-07,2022-03-21
CGY,20212022,2021-10-25,2,FALSE,5,1,7,5,NA,2022-04-07,2022-03-21
CGY,20212022,2021-10-26,2,FALSE,5,3,9,6,NA,2022-04-07,2022-03-21
CGY,20212022,2021-10-28,2,FALSE,4,0,11,7,NA,2022-04-07,2022-03-21
CGY,20212022,2021-10-30,2,TRUE,4,0,13,8,NA,2022-04-07,2022-03-21
CGY,20212022,2021-11-02,1,TRUE,2,3,14,9,NA,2022-04-07,2022-03-21
CGY,20212022,2021-11-04,1,TRUE,3,4,15,10,NA,2022-04-07,2022-03-21
CGY,20212022,2021-11-06,2,TRUE,6,0,17,11,NA,2022-04-07,2022-03-21
CGY,20212022,2021-11-09,0,TRUE,1,4,17,12,NA,2022-04-07,2022-03-21
CGY,20212022,2021-11-11,0,FALSE,2,4,17,13,NA,2022-04-07,2022-03-21
CGY,20212022,2021-11-12,1,FALSE,1,2,18,14,NA,2022-04-07,2022-03-21
CGY,20212022,2021-11-14,2,FALSE,4,0,20,15,NA,2022-04-07,2022-03-21
CGY,20212022,2021-11-16,1,FALSE,1,2,21,16,NA,2022-04-07,2022-03-21
CGY,20212022,2021-11-18,2,FALSE,5,0,23,17,NA,2022-04-07,2022-03-21
CGY,20212022,2021-11-20,2,FALSE,5,2,25,18,NA,2022-04-07,2022-03-21
CGY,20212022,2021-11-21,2,FALSE,4,0,27,19,NA,2022-04-07,2022-03-21
CGY,20212022,2021-11-23,2,TRUE,5,2,29,20,NA,2022-04-07,2022-03-21
CGY,20212022,2021-11-27,0,TRUE,2,4,29,21,NA,2022-04-07,2022-03-21
CGY,20212022,2021-11-29,2,TRUE,2,1,31,22,NA,2022-04-07,2022-03-21
CGY,20212022,2021-12-02,2,FALSE,3,2,33,23,NA,2022-04-07,2022-03-21
CGY,20212022,2021-12-03,2,FALSE,4,3,35,24,NA,2022-04-07,2022-03-21
CGY,20212022,2021-12-05,0,FALSE,2,3,35,25,NA,2022-04-07,2022-03-21
CGY,20212022,2021-12-07,0,FALSE,3,5,35,26,NA,2022-04-07,2022-03-21
CGY,20212022,2021-12-09,1,TRUE,1,2,36,27,NA,2022-04-07,2022-03-21
CGY,20212022,2021-12-11,0,TRUE,2,4,36,28,NA,2022-04-07,2022-03-21
CGY,20212022,2021-12-30,2,FALSE,6,4,38,29,NA,2022-04-07,2022-03-21
CGY,20212022,2022-01-02,2,FALSE,5,1,40,30,NA,2022-04-07,2022-03-21
CGY,20212022,2022-01-04,0,FALSE,2,6,40,31,NA,2022-04-07,2022-03-21
CGY,20212022,2022-01-06,0,FALSE,1,4,40,32,NA,2022-04-07,2022-03-21
CGY,20212022,2022-01-07,0,FALSE,3,6,40,33,NA,2022-04-07,2022-03-21
CGY,20212022,2022-01-13,0,TRUE,1,4,40,34,NA,2022-04-07,2022-03-21
CGY,20212022,2022-01-18,2,TRUE,5,1,42,35,NA,2022-04-07,2022-03-21
CGY,20212022,2022-01-22,0,FALSE,3,5,42,36,NA,2022-04-07,2022-03-21
CGY,20212022,2022-01-24,2,TRUE,7,1,44,37,NA,2022-04-07,2022-03-21
CGY,20212022,2022-01-26,2,FALSE,6,0,46,38,NA,2022-04-07,2022-03-21
CGY,20212022,2022-01-27,0,FALSE,1,5,46,39,NA,2022-04-07,2022-03-21
CGY,20212022,2022-01-29,2,TRUE,1,0,48,40,NA,2022-04-07,2022-03-21
CGY,20212022,2022-02-01,2,FALSE,4,3,50,41,NA,2022-04-07,2022-03-21
CGY,20212022,2022-02-02,2,FALSE,4,2,52,42,NA,2022-04-07,2022-03-21
CGY,20212022,2022-02-09,2,TRUE,6,0,54,43,NA,2022-04-07,2022-03-21
CGY,20212022,2022-02-10,2,TRUE,5,2,56,44,NA,2022-04-07,2022-03-21
CGY,20212022,2022-02-12,2,TRUE,5,2,58,45,NA,2022-04-07,2022-03-21
CGY,20212022,2022-02-15,2,TRUE,6,2,60,46,NA,2022-04-07,2022-03-21
CGY,20212022,2022-02-16,2,TRUE,6,2,62,47,NA,2022-04-07,2022-03-21
CGY,20212022,2022-02-19,2,TRUE,2,1,64,48,NA,2022-04-07,2022-03-21
CGY,20212022,2022-02-21,2,TRUE,3,1,66,49,NA,2022-04-07,2022-03-21
CGY,20212022,2022-02-24,0,FALSE,1,7,66,50,NA,2022-04-07,2022-03-21
CGY,20212022,2022-02-26,2,TRUE,7,3,68,51,NA,2022-04-07,2022-03-21
CGY,20212022,2022-03-01,2,FALSE,5,1,70,52,NA,2022-04-07,2022-03-21
CGY,20212022,2022-03-03,1,TRUE,4,5,71,53,NA,2022-04-07,2022-03-21
CGY,20212022,2022-03-05,2,FALSE,4,3,73,54,NA,2022-04-07,2022-03-21
CGY,20212022,2022-03-07,2,TRUE,3,1,75,55,NA,2022-04-07,2022-03-21
CGY,20212022,2022-03-08,0,TRUE,4,5,75,56,NA,2022-04-07,2022-03-21
CGY,20212022,2022-03-10,2,TRUE,4,1,77,57,NA,2022-04-07,2022-03-21
CGY,20212022,2022-03-12,2,TRUE,3,0,79,58,NA,2022-04-07,2022-03-21
CGY,20212022,2022-03-13,0,FALSE,0,3,79,59,NA,2022-04-07,2022-03-21
CGY,20212022,2022-03-16,2,TRUE,6,3,81,60,NA,2022-04-07,2022-03-21
CGY,20212022,2022-03-18,1,TRUE,0,1,82,61,NA,2022-04-07,2022-03-21
CGY,20212022,2022-03-19,2,FALSE,5,2,84,62,NA,2022-04-07,2022-03-21
CGY,20212022,2022-03-22,0,TRUE,3,4,84,63,NA,2022-04-07,2022-03-21
CGY,20212022,2022-03-25,2,TRUE,4,2,86,64,NA,2022-04-07,2022-03-21
CGY,20212022,2022-03-26,2,TRUE,9,5,88,65,NA,2022-04-07,2022-03-21
CGY,20212022,2022-03-29,0,TRUE,1,2,88,66,NA,2022-04-07,2022-03-21
CGY,20212022,2022-03-31,1,TRUE,2,3,89,67,NA,2022-04-07,2022-03-21
CGY,20212022,2022-04-02,0,TRUE,4,6,89,68,NA,2022-04-07,2022-03-21
CGY,20212022,2022-04-04,2,FALSE,3,2,91,69,NA,2022-04-07,2022-03-21
CGY,20212022,2022-04-06,2,FALSE,4,2,93,70,NA,2022-04-07,2022-03-21
CGY,20212022,2022-04-07,2,FALSE,4,2,95,71,NA,2022-04-07,2022-03-21
CGY,20212022,2022-04-09,2,FALSE,4,1,97,72,NA,2022-04-07,2022-03-21
CGY,20212022,2022-04-12,2,TRUE,5,3,99,73,NA,2022-04-07,2022-03-21
CGY,20212022,2022-04-14,0,TRUE,1,6,99,74,NA,2022-04-07,2022-03-21
CGY,20212022,2022-04-16,2,TRUE,9,1,101,75,NA,2022-04-07,2022-03-21
CGY,20212022,2022-04-18,2,FALSE,5,2,103,76,NA,2022-04-07,2022-03-21
CGY,20212022,2022-04-19,1,FALSE,2,3,104,77,NA,2022-04-07,2022-03-21
CGY,20212022,2022-04-21,2,TRUE,4,2,106,78,NA,2022-04-07,2022-03-21
CGY,20212022,2022-04-23,2,TRUE,6,3,108,79,NA,2022-04-07,2022-03-21
CGY,20212022,2022-04-26,2,FALSE,5,4,110,80,NA,2022-04-07,2022-03-21
CGY,20212022,2022-04-28,1,FALSE,2,3,111,81,NA,2022-04-07,2022-03-21
CGY,20212022,2022-04-29,0,FALSE,1,3,111,82,NA,2022-04-07,2022-03-21
CGY,20222023,2022-10-13,2,TRUE,5,3,2,1,NA,2023-04-12,2023-03-03
CGY,20222023,2022-10-15,2,FALSE,4,3,4,2,NA,2023-04-12,2023-03-03
CGY,20222023,2022-10-18,2,TRUE,3,2,6,3,NA,2023-04-12,2023-03-03
CGY,20222023,2022-10-20,0,TRUE,3,6,6,4,NA,2023-04-12,2023-03-03
CGY,20222023,2022-10-22,2,TRUE,3,2,8,5,NA,2023-04-12,2023-03-03
CGY,20222023,2022-10-25,2,TRUE,4,1,10,6,NA,2023-04-12,2023-03-03
CGY,20222023,2022-10-29,0,TRUE,2,3,10,7,NA,2023-04-12,2023-03-03
CGY,20222023,2022-11-01,0,TRUE,4,5,10,8,NA,2023-04-12,2023-03-03
CGY,20222023,2022-11-03,0,TRUE,1,4,10,9,NA,2023-04-12,2023-03-03
CGY,20222023,2022-11-05,1,TRUE,3,4,11,10,NA,2023-04-12,2023-03-03
CGY,20222023,2022-11-07,1,FALSE,3,4,12,11,NA,2023-04-12,2023-03-03
CGY,20222023,2022-11-08,0,FALSE,2,3,12,12,NA,2023-04-12,2023-03-03
CGY,20222023,2022-11-10,0,FALSE,1,3,12,13,NA,2023-04-12,2023-03-03
CGY,20222023,2022-11-12,2,TRUE,3,2,14,14,NA,2023-04-12,2023-03-03
CGY,20222023,2022-11-14,2,TRUE,6,5,16,15,NA,2023-04-12,2023-03-03
CGY,20222023,2022-11-17,0,FALSE,1,4,16,16,NA,2023-04-12,2023-03-03
CGY,20222023,2022-11-19,2,FALSE,5,4,18,17,NA,2023-04-12,2023-03-03
CGY,20222023,2022-11-21,2,FALSE,5,2,20,18,NA,2023-04-12,2023-03-03
CGY,20222023,2022-11-23,1,FALSE,1,2,21,19,NA,2023-04-12,2023-03-03
CGY,20222023,2022-11-25,0,FALSE,0,3,21,20,NA,2023-04-12,2023-03-03
CGY,20222023,2022-11-26,0,FALSE,2,3,21,21,NA,2023-04-12,2023-03-03
CGY,20222023,2022-11-29,2,TRUE,6,2,23,22,NA,2023-04-12,2023-03-03
CGY,20222023,2022-12-01,0,TRUE,1,2,23,23,NA,2023-04-12,2023-03-03
CGY,20222023,2022-12-03,2,TRUE,5,2,25,24,NA,2023-04-12,2023-03-03
CGY,20222023,2022-12-05,2,TRUE,3,2,27,25,NA,2023-04-12,2023-03-03
CGY,20222023,2022-12-07,2,TRUE,5,3,29,26,NA,2023-04-12,2023-03-03
CGY,20222023,2022-12-09,0,FALSE,1,3,29,27,NA,2023-04-12,2023-03-03
CGY,20222023,2022-12-10,1,FALSE,4,5,30,28,NA,2023-04-12,2023-03-03
CGY,20222023,2022-12-12,1,FALSE,1,2,31,29,NA,2023-04-12,2023-03-03
CGY,20222023,2022-12-14,1,TRUE,3,4,32,30,NA,2023-04-12,2023-03-03
CGY,20222023,2022-12-16,0,TRUE,2,5,32,31,NA,2023-04-12,2023-03-03
CGY,20222023,2022-12-18,2,FALSE,5,2,34,32,NA,2023-04-12,2023-03-03
CGY,20222023,2022-12-20,2,FALSE,7,3,36,33,NA,2023-04-12,2023-03-03
CGY,20222023,2022-12-22,1,FALSE,3,4,37,34,NA,2023-04-12,2023-03-03
CGY,20222023,2022-12-23,2,FALSE,3,2,39,35,NA,2023-04-12,2023-03-03
CGY,20222023,2022-12-27,0,TRUE,1,2,39,36,NA,2023-04-12,2023-03-03
CGY,20222023,2022-12-28,2,FALSE,3,2,41,37,NA,2023-04-12,2023-03-03
CGY,20222023,2022-12-31,2,TRUE,3,2,43,38,NA,2023-04-12,2023-03-03
CGY,20222023,2023-01-03,0,FALSE,2,3,43,39,NA,2023-04-12,2023-03-03
CGY,20222023,2023-01-06,2,TRUE,4,1,45,40,NA,2023-04-12,2023-03-03
CGY,20222023,2023-01-08,1,FALSE,3,4,46,41,NA,2023-04-12,2023-03-03
CGY,20222023,2023-01-10,1,FALSE,3,4,47,42,NA,2023-04-12,2023-03-03
CGY,20222023,2023-01-12,2,FALSE,4,1,49,43,NA,2023-04-12,2023-03-03
CGY,20222023,2023-01-14,2,FALSE,6,5,51,44,NA,2023-04-12,2023-03-03
CGY,20222023,2023-01-16,0,FALSE,1,2,51,45,NA,2023-04-12,2023-03-03
CGY,20222023,2023-01-18,0,TRUE,1,4,51,46,NA,2023-04-12,2023-03-03
CGY,20222023,2023-01-21,2,TRUE,6,3,53,47,NA,2023-04-12,2023-03-03
CGY,20222023,2023-01-23,2,TRUE,4,3,55,48,NA,2023-04-12,2023-03-03
CGY,20222023,2023-01-26,0,TRUE,1,5,55,49,NA,2023-04-12,2023-03-03
CGY,20222023,2023-01-27,2,FALSE,5,2,57,50,NA,2023-04-12,2023-03-03
CGY,20222023,2023-02-06,1,FALSE,4,5,58,51,NA,2023-04-12,2023-03-03
CGY,20222023,2023-02-09,0,FALSE,1,2,58,52,NA,2023-04-12,2023-03-03
CGY,20222023,2023-02-11,2,FALSE,7,2,60,53,NA,2023-04-12,2023-03-03
CGY,20222023,2023-02-13,1,FALSE,3,4,61,54,NA,2023-04-12,2023-03-03
CGY,20222023,2023-02-16,0,TRUE,2,5,61,55,NA,2023-04-12,2023-03-03
CGY,20222023,2023-02-18,2,TRUE,3,2,63,56,NA,2023-04-12,2023-03-03
CGY,20222023,2023-02-20,0,TRUE,3,4,63,57,NA,2023-04-12,2023-03-03
CGY,20222023,2023-02-22,2,FALSE,6,3,65,58,NA,2023-04-12,2023-03-03
CGY,20222023,2023-02-23,1,FALSE,3,4,66,59,NA,2023-04-12,2023-03-03
CGY,20222023,2023-02-25,0,FALSE,1,4,66,60,NA,2023-04-12,2023-03-03
CGY,20222023,2023-02-28,1,TRUE,3,4,67,61,NA,2023-04-12,2023-03-03
CGY,20222023,2023-03-02,0,TRUE,1,2,67,62,NA,2023-04-12,2023-03-03
CGY,20222023,2023-03-04,0,TRUE,0,3,67,63,NA,2023-04-12,2023-03-03
CGY,20222023,2023-03-06,2,FALSE,5,4,69,64,NA,2023-04-12,2023-03-03
CGY,20222023,2023-03-07,2,FALSE,1,0,71,65,NA,2023-04-12,2023-03-03
CGY,20222023,2023-03-10,0,TRUE,1,3,71,66,NA,2023-04-12,2023-03-03
CGY,20222023,2023-03-12,2,TRUE,5,1,73,67,NA,2023-04-12,2023-03-03
CGY,20222023,2023-03-14,1,FALSE,3,4,74,68,NA,2023-04-12,2023-03-03
CGY,20222023,2023-03-16,2,FALSE,7,2,76,69,NA,2023-04-12,2023-03-03
CGY,20222023,2023-03-18,1,TRUE,5,6,77,70,NA,2023-04-12,2023-03-03
CGY,20222023,2023-03-20,0,FALSE,2,8,77,71,NA,2023-04-12,2023-03-03
CGY,20222023,2023-03-21,2,FALSE,5,1,79,72,NA,2023-04-12,2023-03-03
CGY,20222023,2023-03-23,0,TRUE,2,3,79,73,NA,2023-04-12,2023-03-03
CGY,20222023,2023-03-25,2,TRUE,5,3,81,74,NA,2023-04-12,2023-03-03
CGY,20222023,2023-03-28,2,TRUE,2,1,83,75,NA,2023-04-12,2023-03-03
CGY,20222023,2023-03-31,2,FALSE,5,4,85,76,NA,2023-04-12,2023-03-03
CGY,20222023,2023-04-02,2,TRUE,5,4,87,77,NA,2023-04-12,2023-03-03
CGY,20222023,2023-04-04,0,TRUE,3,4,87,78,NA,2023-04-12,2023-03-03
CGY,20222023,2023-04-05,2,FALSE,3,1,89,79,NA,2023-04-12,2023-03-03
CGY,20222023,2023-04-08,1,FALSE,2,3,90,80,NA,2023-04-12,2023-03-03
CGY,20222023,2023-04-10,1,TRUE,2,3,91,81,NA,2023-04-12,2023-03-03
CGY,20222023,2023-04-12,2,TRUE,3,1,93,82,NA,2023-04-12,2023-03-03
CGY,20232024,2023-10-11,2,TRUE,5,3,2,1,2024-03-28,NA,2024-03-08
CGY,20232024,2023-10-14,0,FALSE,2,5,2,2,2024-03-28,NA,2024-03-08
CGY,20232024,2023-10-16,1,FALSE,2,3,3,3,2024-03-28,NA,2024-03-08
CGY,20232024,2023-10-19,2,FALSE,4,3,5,4,2024-03-28,NA,2024-03-08
CGY,20232024,2023-10-20,0,FALSE,1,3,5,5,2024-03-28,NA,2024-03-08
CGY,20232024,2023-10-22,0,FALSE,2,6,5,6,2024-03-28,NA,2024-03-08
CGY,20232024,2023-10-24,0,TRUE,1,3,5,7,2024-03-28,NA,2024-03-08
CGY,20232024,2023-10-26,0,TRUE,0,3,5,8,2024-03-28,NA,2024-03-08
CGY,20232024,2023-10-29,0,FALSE,2,5,5,9,2024-03-28,NA,2024-03-08
CGY,20232024,2023-11-01,0,TRUE,3,4,5,10,2024-03-28,NA,2024-03-08
CGY,20232024,2023-11-04,2,FALSE,6,3,7,11,2024-03-28,NA,2024-03-08
CGY,20232024,2023-11-07,2,TRUE,4,2,9,12,2024-03-28,NA,2024-03-08
CGY,20232024,2023-11-10,1,FALSE,4,5,10,13,2024-03-28,NA,2024-03-08
CGY,20232024,2023-11-11,0,FALSE,1,4,10,14,2024-03-28,NA,2024-03-08
CGY,20232024,2023-11-14,2,FALSE,2,1,12,15,2024-03-28,NA,2024-03-08
CGY,20232024,2023-11-16,2,TRUE,5,2,14,16,2024-03-28,NA,2024-03-08
CGY,20232024,2023-11-18,1,TRUE,4,5,15,17,2024-03-28,NA,2024-03-08
CGY,20232024,2023-11-20,2,FALSE,4,3,17,18,2024-03-28,NA,2024-03-08
CGY,20232024,2023-11-22,0,FALSE,2,4,17,19,2024-03-28,NA,2024-03-08
CGY,20232024,2023-11-24,2,FALSE,7,4,19,20,2024-03-28,NA,2024-03-08
CGY,20232024,2023-11-25,0,FALSE,1,3,19,21,2024-03-28,NA,2024-03-08
CGY,20232024,2023-11-27,2,TRUE,2,1,21,22,2024-03-28,NA,2024-03-08
CGY,20232024,2023-11-30,2,TRUE,4,3,23,23,2024-03-28,NA,2024-03-08
CGY,20232024,2023-12-02,0,TRUE,3,4,23,24,2024-03-28,NA,2024-03-08
CGY,20232024,2023-12-05,0,TRUE,2,5,23,25,2024-03-28,NA,2024-03-08
CGY,20232024,2023-12-07,2,TRUE,3,2,25,26,2024-03-28,NA,2024-03-08
CGY,20232024,2023-12-09,0,TRUE,2,4,25,27,2024-03-28,NA,2024-03-08
CGY,20232024,2023-12-11,0,FALSE,5,6,25,28,2024-03-28,NA,2024-03-08
CGY,20232024,2023-12-12,1,FALSE,4,5,26,29,2024-03-28,NA,2024-03-08
CGY,20232024,2023-12-14,1,FALSE,2,3,27,30,2024-03-28,NA,2024-03-08
CGY,20232024,2023-12-16,2,TRUE,4,2,29,31,2024-03-28,NA,2024-03-08
CGY,20232024,2023-12-18,2,TRUE,3,1,31,32,2024-03-28,NA,2024-03-08
CGY,20232024,2023-12-21,2,FALSE,3,0,33,33,2024-03-28,NA,2024-03-08
CGY,20232024,2023-12-23,0,FALSE,3,5,33,34,2024-03-28,NA,2024-03-08
CGY,20232024,2023-12-27,0,TRUE,1,2,33,35,2024-03-28,NA,2024-03-08
CGY,20232024,2023-12-31,2,TRUE,4,3,35,36,2024-03-28,NA,2024-03-08
CGY,20232024,2024-01-02,2,FALSE,3,1,37,37,2024-03-28,NA,2024-03-08
CGY,20232024,2024-01-04,2,FALSE,6,3,39,38,2024-03-28,NA,2024-03-08
CGY,20232024,2024-01-06,0,FALSE,2,3,39,39,2024-03-28,NA,2024-03-08
CGY,20232024,2024-01-07,0,FALSE,3,4,39,40,2024-03-28,NA,2024-03-08
CGY,20232024,2024-01-09,2,TRUE,6,3,41,41,2024-03-28,NA,2024-03-08
CGY,20232024,2024-01-11,2,FALSE,6,2,43,42,2024-03-28,NA,2024-03-08
CGY,20232024,2024-01-13,2,FALSE,3,1,45,43,2024-03-28,NA,2024-03-08
CGY,20232024,2024-01-16,2,TRUE,3,2,47,44,2024-03-28,NA,2024-03-08
CGY,20232024,2024-01-18,0,TRUE,3,4,47,45,2024-03-28,NA,2024-03-08
CGY,20232024,2024-01-20,0,TRUE,1,3,47,46,2024-03-28,NA,2024-03-08
CGY,20232024,2024-01-23,0,TRUE,3,4,47,47,2024-03-28,NA,2024-03-08
CGY,20232024,2024-01-25,0,TRUE,2,5,47,48,2024-03-28,NA,2024-03-08
CGY,20232024,2024-01-27,2,TRUE,1,0,49,49,2024-03-28,NA,2024-03-08
CGY,20232024,2024-02-06,2,FALSE,4,1,51,50,2024-03-28,NA,2024-03-08
CGY,20232024,2024-02-08,2,FALSE,5,3,53,51,2024-03-28,NA,2024-03-08
CGY,20232024,2024-02-10,2,FALSE,5,2,55,52,2024-03-28,NA,2024-03-08
CGY,20232024,2024-02-12,0,FALSE,0,2,55,53,2024-03-28,NA,2024-03-08
CGY,20232024,2024-02-15,0,TRUE,3,6,55,54,2024-03-28,NA,2024-03-08
CGY,20232024,2024-02-17,0,TRUE,0,5,55,55,2024-03-28,NA,2024-03-08
CGY,20232024,2024-02-19,2,TRUE,6,3,57,56,2024-03-28,NA,2024-03-08
CGY,20232024,2024-02-22,2,TRUE,3,2,59,57,2024-03-28,NA,2024-03-08
CGY,20232024,2024-02-24,2,FALSE,6,3,61,58,2024-03-28,NA,2024-03-08
CGY,20232024,2024-02-27,2,TRUE,4,2,63,59,2024-03-28,NA,2024-03-08
CGY,20232024,2024-03-02,2,TRUE,4,3,65,60,2024-03-28,NA,2024-03-08
CGY,20232024,2024-03-04,0,TRUE,2,4,65,61,2024-03-28,NA,2024-03-08
CGY,20232024,2024-03-07,2,FALSE,6,3,67,62,2024-03-28,NA,2024-03-08
CGY,20232024,2024-03-09,0,FALSE,1,5,67,63,2024-03-28,NA,2024-03-08
CGY,20232024,2024-03-10,0,FALSE,2,7,67,64,2024-03-28,NA,2024-03-08
CGY,20232024,2024-03-12,0,TRUE,2,6,67,65,2024-03-28,NA,2024-03-08
CGY,20232024,2024-03-14,2,TRUE,4,1,69,66,2024-03-28,NA,2024-03-08
CGY,20232024,2024-03-16,2,TRUE,5,2,71,67,2024-03-28,NA,2024-03-08
CGY,20232024,2024-03-18,0,TRUE,2,5,71,68,2024-03-28,NA,2024-03-08
CGY,20232024,2024-03-23,0,FALSE,2,4,71,69,2024-03-28,NA,2024-03-08
CGY,20232024,2024-03-24,0,TRUE,1,4,71,70,2024-03-28,NA,2024-03-08
CGY,20232024,2024-03-26,0,FALSE,1,3,71,71,2024-03-28,NA,2024-03-08
CGY,20232024,2024-03-28,0,FALSE,3,5,71,72,2024-03-28,NA,2024-03-08
CGY,20232024,2024-03-30,2,TRUE,4,2,73,73,2024-03-28,NA,2024-03-08
CGY,20232024,2024-04-02,0,TRUE,3,5,73,74,2024-03-28,NA,2024-03-08
CGY,20232024,2024-04-04,0,FALSE,2,5,73,75,2024-03-28,NA,2024-03-08
CGY,20232024,2024-04-06,0,TRUE,2,4,73,76,2024-03-28,NA,2024-03-08
CGY,20232024,2024-04-09,2,FALSE,3,2,75,77,2024-03-28,NA,2024-03-08
CGY,20232024,2024-04-11,0,FALSE,1,4,75,78,2024-03-28,NA,2024-03-08
CGY,20232024,2024-04-12,2,FALSE,6,3,77,79,2024-03-28,NA,2024-03-08
CGY,20232024,2024-04-14,2,TRUE,6,5,79,80,2024-03-28,NA,2024-03-08
CGY,20232024,2024-04-16,0,FALSE,1,4,79,81,2024-03-28,NA,2024-03-08
CGY,20232024,2024-04-18,2,TRUE,5,1,81,82,2024-03-28,NA,2024-03-08
CHI,20212022,2021-10-13,0,FALSE,2,4,0,1,2022-03-10,NA,2022-03-21
CHI,20212022,2021-10-15,1,FALSE,3,4,1,2,2022-03-10,NA,2022-03-21
CHI,20212022,2021-10-16,0,FALSE,2,5,1,3,2022-03-10,NA,2022-03-21
CHI,20212022,2021-10-19,0,TRUE,1,4,1,4,2022-03-10,NA,2022-03-21
CHI,20212022,2021-10-21,0,TRUE,1,4,1,5,2022-03-10,NA,2022-03-21
CHI,20212022,2021-10-24,0,TRUE,3,6,1,6,2022-03-10,NA,2022-03-21
CHI,20212022,2021-10-27,1,TRUE,2,3,2,7,2022-03-10,NA,2022-03-21
CHI,20212022,2021-10-29,0,FALSE,3,6,2,8,2022-03-10,NA,2022-03-21
CHI,20212022,2021-10-30,0,FALSE,0,1,2,9,2022-03-10,NA,2022-03-21
CHI,20212022,2021-11-01,2,TRUE,5,1,4,10,2022-03-10,NA,2022-03-21
CHI,20212022,2021-11-03,0,TRUE,3,4,4,11,2022-03-10,NA,2022-03-21
CHI,20212022,2021-11-05,0,FALSE,1,5,4,12,2022-03-10,NA,2022-03-21
CHI,20212022,2021-11-07,2,TRUE,2,1,6,13,2022-03-10,NA,2022-03-21
CHI,20212022,2021-11-09,2,TRUE,3,2,8,14,2022-03-10,NA,2022-03-21
CHI,20212022,2021-11-12,2,TRUE,2,1,10,15,2022-03-10,NA,2022-03-21
CHI,20212022,2021-11-17,2,FALSE,4,2,12,16,2022-03-10,NA,2022-03-21
CHI,20212022,2021-11-20,0,FALSE,2,5,12,17,2022-03-10,NA,2022-03-21
CHI,20212022,2021-11-21,2,FALSE,1,0,14,18,2022-03-10,NA,2022-03-21
CHI,20212022,2021-11-23,0,FALSE,2,5,14,19,2022-03-10,NA,2022-03-21
CHI,20212022,2021-11-26,2,TRUE,3,2,16,20,2022-03-10,NA,2022-03-21
CHI,20212022,2021-11-28,0,TRUE,0,2,16,21,2022-03-10,NA,2022-03-21
CHI,20212022,2021-12-02,2,FALSE,4,3,18,22,2022-03-10,NA,2022-03-21
CHI,20212022,2021-12-04,0,FALSE,2,3,18,23,2022-03-10,NA,2022-03-21
CHI,20212022,2021-12-05,2,FALSE,3,2,20,24,2022-03-10,NA,2022-03-21
CHI,20212022,2021-12-07,0,TRUE,2,6,20,25,2022-03-10,NA,2022-03-21
CHI,20212022,2021-12-09,2,FALSE,2,0,22,26,2022-03-10,NA,2022-03-21
CHI,20212022,2021-12-11,0,FALSE,4,5,22,27,2022-03-10,NA,2022-03-21
CHI,20212022,2021-12-15,2,TRUE,5,4,24,28,2022-03-10,NA,2022-03-21
CHI,20212022,2021-12-17,1,TRUE,2,3,25,29,2022-03-10,NA,2022-03-21
CHI,20212022,2021-12-18,1,FALSE,3,4,26,30,2022-03-10,NA,2022-03-21
CHI,20212022,2022-01-01,0,FALSE,1,6,26,31,2022-03-10,NA,2022-03-21
CHI,20212022,2022-01-02,0,TRUE,1,5,26,32,2022-03-10,NA,2022-03-21
CHI,20212022,2022-01-04,1,TRUE,3,4,27,33,2022-03-10,NA,2022-03-21
CHI,20212022,2022-01-06,0,FALSE,4,6,27,34,2022-03-10,NA,2022-03-21
CHI,20212022,2022-01-08,2,FALSE,2,1,29,35,2022-03-10,NA,2022-03-21
CHI,20212022,2022-01-11,2,FALSE,4,2,31,36,2022-03-10,NA,2022-03-21
CHI,20212022,2022-01-13,2,TRUE,3,2,33,37,2022-03-10,NA,2022-03-21
CHI,20212022,2022-01-15,2,TRUE,3,0,35,38,2022-03-10,NA,2022-03-21
CHI,20212022,2022-01-17,1,FALSE,2,3,36,39,2022-03-10,NA,2022-03-21
CHI,20212022,2022-01-21,0,TRUE,1,5,36,40,2022-03-10,NA,2022-03-21
CHI,20212022,2022-01-22,1,FALSE,3,4,37,41,2022-03-10,NA,2022-03-21
CHI,20212022,2022-01-24,0,FALSE,0,2,37,42,2022-03-10,NA,2022-03-21
CHI,20212022,2022-01-26,2,FALSE,8,5,39,43,2022-03-10,NA,2022-03-21
CHI,20212022,2022-01-28,0,TRUE,4,6,39,44,2022-03-10,NA,2022-03-21
CHI,20212022,2022-01-31,0,TRUE,1,3,39,45,2022-03-10,NA,2022-03-21
CHI,20212022,2022-02-02,0,TRUE,0,5,39,46,2022-03-10,NA,2022-03-21
CHI,20212022,2022-02-09,2,FALSE,4,1,41,47,2022-03-10,NA,2022-03-21
CHI,20212022,2022-02-12,0,FALSE,1,5,41,48,2022-03-10,NA,2022-03-21
CHI,20212022,2022-02-14,2,FALSE,3,1,43,49,2022-03-10,NA,2022-03-21
CHI,20212022,2022-02-17,0,TRUE,4,7,43,50,2022-03-10,NA,2022-03-21
CHI,20212022,2022-02-18,1,TRUE,0,1,44,51,2022-03-10,NA,2022-03-21
CHI,20212022,2022-02-20,0,TRUE,2,5,44,52,2022-03-10,NA,2022-03-21
CHI,20212022,2022-02-25,2,TRUE,8,5,46,53,2022-03-10,NA,2022-03-21
CHI,20212022,2022-02-27,0,TRUE,0,4,46,54,2022-03-10,NA,2022-03-21
CHI,20212022,2022-03-03,2,TRUE,4,3,48,55,2022-03-10,NA,2022-03-21
CHI,20212022,2022-03-05,0,FALSE,3,4,48,56,2022-03-10,NA,2022-03-21
CHI,20212022,2022-03-06,0,TRUE,3,6,48,57,2022-03-10,NA,2022-03-21
CHI,20212022,2022-03-08,2,TRUE,8,3,50,58,2022-03-10,NA,2022-03-21
CHI,20212022,2022-03-10,0,FALSE,3,4,50,59,2022-03-10,NA,2022-03-21
CHI,20212022,2022-03-12,2,FALSE,6,3,52,60,2022-03-10,NA,2022-03-21
CHI,20212022,2022-03-15,1,TRUE,1,2,53,61,2022-03-10,NA,2022-03-21
CHI,20212022,2022-03-19,0,FALSE,1,3,53,62,2022-03-10,NA,2022-03-21
CHI,20212022,2022-03-20,0,TRUE,4,6,53,63,2022-03-10,NA,2022-03-21
CHI,20212022,2022-03-23,2,FALSE,4,2,55,64,2022-03-10,NA,2022-03-21
CHI,20212022,2022-03-24,2,FALSE,4,3,57,65,2022-03-10,NA,2022-03-21
CHI,20212022,2022-03-26,1,FALSE,4,5,58,66,2022-03-10,NA,2022-03-21
CHI,20212022,2022-03-28,0,TRUE,5,6,58,67,2022-03-10,NA,2022-03-21
CHI,20212022,2022-03-31,0,FALSE,0,4,58,68,2022-03-10,NA,2022-03-21
CHI,20212022,2022-04-01,0,FALSE,2,5,58,69,2022-03-10,NA,2022-03-21
CHI,20212022,2022-04-03,1,TRUE,2,3,59,70,2022-03-10,NA,2022-03-21
CHI,20212022,2022-04-07,0,TRUE,0,2,59,71,2022-03-10,NA,2022-03-21
CHI,20212022,2022-04-10,0,TRUE,4,6,59,72,2022-03-10,NA,2022-03-21
CHI,20212022,2022-04-12,0,TRUE,2,5,59,73,2022-03-10,NA,2022-03-21
CHI,20212022,2022-04-14,2,TRUE,5,4,61,74,2022-03-10,NA,2022-03-21
CHI,20212022,2022-04-16,0,FALSE,3,4,61,75,2022-03-10,NA,2022-03-21
CHI,20212022,2022-04-18,0,TRUE,2,5,61,76,2022-03-10,NA,2022-03-21
CHI,20212022,2022-04-20,2,FALSE,4,3,63,77,2022-03-10,NA,2022-03-21
CHI,20212022,2022-04-21,0,FALSE,1,4,63,78,2022-03-10,NA,2022-03-21
CHI,20212022,2022-04-23,0,FALSE,1,4,63,79,2022-03-10,NA,2022-03-21
CHI,20212022,2022-04-25,2,TRUE,3,1,65,80,2022-03-10,NA,2022-03-21
CHI,20212022,2022-04-27,2,TRUE,4,3,67,81,2022-03-10,NA,2022-03-21
CHI,20212022,2022-04-29,1,FALSE,2,3,68,82,2022-03-10,NA,2022-03-21
CHI,20222023,2022-10-12,0,FALSE,2,5,0,1,2023-02-28,NA,2023-03-03
CHI,20222023,2022-10-13,0,FALSE,0,1,0,2,2023-02-28,NA,2023-03-03
CHI,20222023,2022-10-15,2,FALSE,5,2,2,3,2023-02-28,NA,2023-03-03
CHI,20222023,2022-10-21,2,TRUE,4,3,4,4,2023-02-28,NA,2023-03-03
CHI,20222023,2022-10-23,2,TRUE,5,4,6,5,2023-02-28,NA,2023-03-03
CHI,20222023,2022-10-25,2,TRUE,4,2,8,6,2023-02-28,NA,2023-03-03
CHI,20222023,2022-10-27,0,TRUE,5,6,8,7,2023-02-28,NA,2023-03-03
CHI,20222023,2022-10-29,1,FALSE,3,4,9,8,2023-02-28,NA,2023-03-03
CHI,20222023,2022-10-30,1,TRUE,3,4,10,9,2023-02-28,NA,2023-03-03
CHI,20222023,2022-11-01,0,TRUE,1,3,10,10,2023-02-28,NA,2023-03-03
CHI,20222023,2022-11-03,2,TRUE,2,1,12,11,2023-02-28,NA,2023-03-03
CHI,20222023,2022-11-05,0,FALSE,0,4,12,12,2023-02-28,NA,2023-03-03
CHI,20222023,2022-11-10,1,FALSE,1,2,13,13,2023-02-28,NA,2023-03-03
CHI,20222023,2022-11-12,2,FALSE,3,2,15,14,2023-02-28,NA,2023-03-03
CHI,20222023,2022-11-14,0,TRUE,0,3,15,15,2023-02-28,NA,2023-03-03
CHI,20222023,2022-11-16,0,TRUE,2,5,15,16,2023-02-28,NA,2023-03-03
CHI,20222023,2022-11-19,0,FALSE,1,6,15,17,2023-02-28,NA,2023-03-03
CHI,20222023,2022-11-20,0,TRUE,3,5,15,18,2023-02-28,NA,2023-03-03
CHI,20222023,2022-11-23,0,FALSE,4,6,15,19,2023-02-28,NA,2023-03-03
CHI,20222023,2022-11-25,1,TRUE,2,3,16,20,2023-02-28,NA,2023-03-03
CHI,20222023,2022-11-27,0,TRUE,2,7,16,21,2023-02-28,NA,2023-03-03
CHI,20222023,2022-11-30,0,TRUE,4,5,16,22,2023-02-28,NA,2023-03-03
CHI,20222023,2022-12-03,2,FALSE,5,2,18,23,2023-02-28,NA,2023-03-03
CHI,20222023,2022-12-04,0,FALSE,0,3,18,24,2023-02-28,NA,2023-03-03
CHI,20222023,2022-12-06,0,FALSE,0,3,18,25,2023-02-28,NA,2023-03-03
CHI,20222023,2022-12-09,0,TRUE,1,3,18,26,2023-02-28,NA,2023-03-03
CHI,20222023,2022-12-13,0,TRUE,3,7,18,27,2023-02-28,NA,2023-03-03
CHI,20222023,2022-12-15,0,TRUE,1,4,18,28,2023-02-28,NA,2023-03-03
CHI,20222023,2022-12-16,0,FALSE,1,4,18,29,2023-02-28,NA,2023-03-03
CHI,20222023,2022-12-18,0,TRUE,1,7,18,30,2023-02-28,NA,2023-03-03
CHI,20222023,2022-12-21,0,TRUE,2,4,18,31,2023-02-28,NA,2023-03-03
CHI,20222023,2022-12-23,2,TRUE,5,2,20,32,2023-02-28,NA,2023-03-03
CHI,20222023,2022-12-27,0,FALSE,0,3,20,33,2023-02-28,NA,2023-03-03
CHI,20222023,2022-12-29,0,FALSE,1,3,20,34,2023-02-28,NA,2023-03-03
CHI,20222023,2022-12-31,0,FALSE,1,4,20,35,2023-02-28,NA,2023-03-03
CHI,20222023,2023-01-01,0,TRUE,2,5,20,36,2023-02-28,NA,2023-03-03
CHI,20222023,2023-01-03,0,TRUE,1,4,20,37,2023-02-28,NA,2023-03-03
CHI,20222023,2023-01-06,2,TRUE,2,0,22,38,2023-02-28,NA,2023-03-03
CHI,20222023,2023-01-08,2,TRUE,4,3,24,39,2023-02-28,NA,2023-03-03
CHI,20222023,2023-01-12,2,TRUE,3,2,26,40,2023-02-28,NA,2023-03-03
CHI,20222023,2023-01-14,0,TRUE,5,8,26,41,2023-02-28,NA,2023-03-03
CHI,20222023,2023-01-17,2,TRUE,4,3,28,42,2023-02-28,NA,2023-03-03
CHI,20222023,2023-01-19,2,FALSE,4,1,30,43,2023-02-28,NA,2023-03-03
CHI,20222023,2023-01-21,2,FALSE,5,3,32,44,2023-02-28,NA,2023-03-03
CHI,20222023,2023-01-22,0,TRUE,1,2,32,45,2023-02-28,NA,2023-03-03
CHI,20222023,2023-01-24,0,FALSE,2,5,32,46,2023-02-28,NA,2023-03-03
CHI,20222023,2023-01-26,2,FALSE,5,1,34,47,2023-02-28,NA,2023-03-03
CHI,20222023,2023-01-28,0,FALSE,3,7,34,48,2023-02-28,NA,2023-03-03
CHI,20222023,2023-02-07,1,TRUE,2,3,35,49,2023-02-28,NA,2023-03-03
CHI,20222023,2023-02-10,2,TRUE,4,3,37,50,2023-02-28,NA,2023-03-03
CHI,20222023,2023-02-11,0,FALSE,1,4,37,51,2023-02-28,NA,2023-03-03
CHI,20222023,2023-02-14,0,FALSE,0,4,37,52,2023-02-28,NA,2023-03-03
CHI,20222023,2023-02-15,0,FALSE,2,5,37,53,2023-02-28,NA,2023-03-03
CHI,20222023,2023-02-17,2,FALSE,4,3,39,54,2023-02-28,NA,2023-03-03
CHI,20222023,2023-02-19,2,TRUE,5,3,41,55,2023-02-28,NA,2023-03-03
CHI,20222023,2023-02-21,2,TRUE,3,2,43,56,2023-02-28,NA,2023-03-03
CHI,20222023,2023-02-22,2,FALSE,4,3,45,57,2023-02-28,NA,2023-03-03
CHI,20222023,2023-02-25,2,FALSE,4,3,47,58,2023-02-28,NA,2023-03-03
CHI,20222023,2023-02-27,0,FALSE,2,4,47,59,2023-02-28,NA,2023-03-03
CHI,20222023,2023-02-28,0,FALSE,1,4,47,60,2023-02-28,NA,2023-03-03
CHI,20222023,2023-03-02,0,TRUE,2,5,47,61,2023-02-28,NA,2023-03-03
CHI,20222023,2023-03-04,0,TRUE,1,3,47,62,2023-02-28,NA,2023-03-03
CHI,20222023,2023-03-06,2,TRUE,5,0,49,63,2023-02-28,NA,2023-03-03
CHI,20222023,2023-03-08,0,FALSE,3,4,49,64,2023-02-28,NA,2023-03-03
CHI,20222023,2023-03-10,1,FALSE,3,4,50,65,2023-02-28,NA,2023-03-03
CHI,20222023,2023-03-11,0,FALSE,1,3,50,66,2023-02-28,NA,2023-03-03
CHI,20222023,2023-03-14,2,TRUE,6,3,52,67,2023-02-28,NA,2023-03-03
CHI,20222023,2023-03-16,2,FALSE,2,1,54,68,2023-02-28,NA,2023-03-03
CHI,20222023,2023-03-18,0,FALSE,2,4,54,69,2023-02-28,NA,2023-03-03
CHI,20222023,2023-03-20,0,FALSE,0,5,54,70,2023-02-28,NA,2023-03-03
CHI,20222023,2023-03-23,0,FALSE,1,6,54,71,2023-02-28,NA,2023-03-03
CHI,20222023,2023-03-25,0,FALSE,1,3,54,72,2023-02-28,NA,2023-03-03
CHI,20222023,2023-03-26,0,TRUE,2,4,54,73,2023-02-28,NA,2023-03-03
CHI,20222023,2023-03-28,0,TRUE,1,4,54,74,2023-02-28,NA,2023-03-03
CHI,20222023,2023-03-30,0,TRUE,3,5,54,75,2023-02-28,NA,2023-03-03
CHI,20222023,2023-04-01,0,TRUE,3,6,54,76,2023-02-28,NA,2023-03-03
CHI,20222023,2023-04-04,2,FALSE,4,3,56,77,2023-02-28,NA,2023-03-03
CHI,20222023,2023-04-06,0,FALSE,0,3,56,78,2023-02-28,NA,2023-03-03
CHI,20222023,2023-04-08,0,FALSE,3,7,56,79,2023-02-28,NA,2023-03-03
CHI,20222023,2023-04-10,0,TRUE,2,4,56,80,2023-02-28,NA,2023-03-03
CHI,20222023,2023-04-11,2,FALSE,5,2,58,81,2023-02-28,NA,2023-03-03
CHI,20222023,2023-04-13,1,TRUE,4,5,59,82,2023-02-28,NA,2023-03-03
CHI,20232024,2023-10-10,2,FALSE,4,2,2,1,2024-02-09,NA,2024-03-08
CHI,20232024,2023-10-11,0,FALSE,1,3,2,2,2024-02-09,NA,2024-03-08
CHI,20232024,2023-10-14,0,FALSE,2,3,2,3,2024-02-09,NA,2024-03-08
CHI,20232024,2023-10-16,2,FALSE,4,1,4,4,2024-02-09,NA,2024-03-08
CHI,20232024,2023-10-19,0,FALSE,0,4,4,5,2024-02-09,NA,2024-03-08
CHI,20232024,2023-10-21,0,TRUE,3,5,4,6,2024-02-09,NA,2024-03-08
CHI,20232024,2023-10-24,0,TRUE,0,3,4,7,2024-02-09,NA,2024-03-08
CHI,20232024,2023-10-27,2,FALSE,4,3,6,8,2024-02-09,NA,2024-03-08
CHI,20232024,2023-10-30,0,FALSE,1,8,6,9,2024-02-09,NA,2024-03-08
CHI,20232024,2023-11-04,2,TRUE,5,2,8,10,2024-02-09,NA,2024-03-08
CHI,20232024,2023-11-05,0,TRUE,2,4,8,11,2024-02-09,NA,2024-03-08
CHI,20232024,2023-11-09,2,FALSE,5,3,10,12,2024-02-09,NA,2024-03-08
CHI,20232024,2023-11-12,0,FALSE,3,4,10,13,2024-02-09,NA,2024-03-08
CHI,20232024,2023-11-16,0,TRUE,2,4,10,14,2024-02-09,NA,2024-03-08
CHI,20232024,2023-11-18,0,FALSE,2,4,10,15,2024-02-09,NA,2024-03-08
CHI,20232024,2023-11-19,0,TRUE,2,3,10,16,2024-02-09,NA,2024-03-08
CHI,20232024,2023-11-22,0,FALSE,3,7,10,17,2024-02-09,NA,2024-03-08
CHI,20232024,2023-11-24,2,TRUE,4,3,12,18,2024-02-09,NA,2024-03-08
CHI,20232024,2023-11-26,0,TRUE,2,4,12,19,2024-02-09,NA,2024-03-08
CHI,20232024,2023-11-28,2,TRUE,4,3,14,20,2024-02-09,NA,2024-03-08
CHI,20232024,2023-11-30,0,FALSE,1,5,14,21,2024-02-09,NA,2024-03-08
CHI,20232024,2023-12-02,0,FALSE,1,3,14,22,2024-02-09,NA,2024-03-08
CHI,20232024,2023-12-03,0,FALSE,1,4,14,23,2024-02-09,NA,2024-03-08
CHI,20232024,2023-12-05,1,TRUE,3,4,15,24,2024-02-09,NA,2024-03-08
CHI,20232024,2023-12-07,2,TRUE,1,0,17,25,2024-02-09,NA,2024-03-08
CHI,20232024,2023-12-09,2,TRUE,3,1,19,26,2024-02-09,NA,2024-03-08
CHI,20232024,2023-12-10,0,TRUE,2,4,19,27,2024-02-09,NA,2024-03-08
CHI,20232024,2023-12-12,0,FALSE,1,4,19,28,2024-02-09,NA,2024-03-08
CHI,20232024,2023-12-14,0,FALSE,1,7,19,29,2024-02-09,NA,2024-03-08
CHI,20232024,2023-12-17,0,TRUE,3,4,19,30,2024-02-09,NA,2024-03-08
CHI,20232024,2023-12-19,2,TRUE,3,2,21,31,2024-02-09,NA,2024-03-08
CHI,20232024,2023-12-22,0,TRUE,2,5,21,32,2024-02-09,NA,2024-03-08
CHI,20232024,2023-12-23,0,FALSE,5,7,21,33,2024-02-09,NA,2024-03-08
CHI,20232024,2023-12-27,2,TRUE,2,1,23,34,2024-02-09,NA,2024-03-08
CHI,20232024,2023-12-29,1,FALSE,4,5,24,35,2024-02-09,NA,2024-03-08
CHI,20232024,2023-12-31,0,FALSE,1,8,24,36,2024-02-09,NA,2024-03-08
CHI,20232024,2024-01-02,0,FALSE,0,3,24,37,2024-02-09,NA,2024-03-08
CHI,20232024,2024-01-04,0,FALSE,1,4,24,38,2024-02-09,NA,2024-03-08
CHI,20232024,2024-01-05,0,FALSE,2,4,24,39,2024-02-09,NA,2024-03-08
CHI,20232024,2024-01-07,2,TRUE,4,3,26,40,2024-02-09,NA,2024-03-08
CHI,20232024,2024-01-09,0,TRUE,1,2,26,41,2024-02-09,NA,2024-03-08
CHI,20232024,2024-01-11,0,FALSE,1,2,26,42,2024-02-09,NA,2024-03-08
CHI,20232024,2024-01-13,0,TRUE,1,3,26,43,2024-02-09,NA,2024-03-08
CHI,20232024,2024-01-16,2,TRUE,2,1,28,44,2024-02-09,NA,2024-03-08
CHI,20232024,2024-01-18,0,FALSE,0,3,28,45,2024-02-09,NA,2024-03-08
CHI,20232024,2024-01-19,2,TRUE,4,3,30,46,2024-02-09,NA,2024-03-08
CHI,20232024,2024-01-22,0,FALSE,0,2,30,47,2024-02-09,NA,2024-03-08
CHI,20232024,2024-01-24,0,FALSE,2,6,30,48,2024-02-09,NA,2024-03-08
CHI,20232024,2024-01-25,0,FALSE,0,3,30,49,2024-02-09,NA,2024-03-08
CHI,20232024,2024-01-27,0,FALSE,0,1,30,50,2024-02-09,NA,2024-03-08
CHI,20232024,2024-02-07,0,TRUE,1,2,30,51,2024-02-09,NA,2024-03-08
CHI,20232024,2024-02-09,1,TRUE,3,4,31,52,2024-02-09,NA,2024-03-08
CHI,20232024,2024-02-13,0,TRUE,2,4,31,53,2024-02-09,NA,2024-03-08
CHI,20232024,2024-02-15,0,TRUE,1,4,31,54,2024-02-09,NA,2024-03-08
CHI,20232024,2024-02-17,2,TRUE,3,2,33,55,2024-02-09,NA,2024-03-08
CHI,20232024,2024-02-19,0,FALSE,3,6,33,56,2024-02-09,NA,2024-03-08
CHI,20232024,2024-02-21,0,TRUE,1,3,33,57,2024-02-09,NA,2024-03-08
CHI,20232024,2024-02-23,1,TRUE,2,3,34,58,2024-02-09,NA,2024-03-08
CHI,20232024,2024-02-25,1,TRUE,2,3,35,59,2024-02-09,NA,2024-03-08
CHI,20232024,2024-02-29,0,TRUE,0,5,35,60,2024-02-09,NA,2024-03-08
CHI,20232024,2024-03-02,0,TRUE,2,5,35,61,2024-02-09,NA,2024-03-08
CHI,20232024,2024-03-04,0,FALSE,0,5,35,62,2024-02-09,NA,2024-03-08
CHI,20232024,2024-03-05,2,FALSE,5,2,37,63,2024-02-09,NA,2024-03-08
CHI,20232024,2024-03-09,0,FALSE,1,4,37,64,2024-02-09,NA,2024-03-08
CHI,20232024,2024-03-10,2,TRUE,7,4,39,65,2024-02-09,NA,2024-03-08
CHI,20232024,2024-03-12,2,TRUE,7,2,41,66,2024-02-09,NA,2024-03-08
CHI,20232024,2024-03-15,0,TRUE,0,5,41,67,2024-02-09,NA,2024-03-08
CHI,20232024,2024-03-17,2,TRUE,5,2,43,68,2024-02-09,NA,2024-03-08
CHI,20232024,2024-03-19,0,FALSE,2,6,43,69,2024-02-09,NA,2024-03-08
CHI,20232024,2024-03-21,0,FALSE,0,4,43,70,2024-02-09,NA,2024-03-08
CHI,20232024,2024-03-23,2,FALSE,5,4,45,71,2024-02-09,NA,2024-03-08
CHI,20232024,2024-03-26,2,TRUE,3,1,47,72,2024-02-09,NA,2024-03-08
CHI,20232024,2024-03-28,0,FALSE,0,2,47,73,2024-02-09,NA,2024-03-08
CHI,20232024,2024-03-30,2,FALSE,5,1,49,74,2024-02-09,NA,2024-03-08
CHI,20232024,2024-04-02,0,FALSE,1,2,49,75,2024-02-09,NA,2024-03-08
CHI,20232024,2024-04-06,2,TRUE,3,2,51,76,2024-02-09,NA,2024-03-08
CHI,20232024,2024-04-07,0,TRUE,0,4,51,77,2024-02-09,NA,2024-03-08
CHI,20232024,2024-04-10,0,FALSE,2,5,51,78,2024-02-09,NA,2024-03-08
CHI,20232024,2024-04-12,0,TRUE,1,5,51,79,2024-02-09,NA,2024-03-08
CHI,20232024,2024-04-14,0,TRUE,2,4,51,80,2024-02-09,NA,2024-03-08
CHI,20232024,2024-04-16,0,FALSE,1,3,51,81,2024-02-09,NA,2024-03-08
CHI,20232024,2024-04-18,1,FALSE,4,5,52,82,2024-02-09,NA,2024-03-08
COL,20212022,2021-10-13,2,TRUE,4,2,2,1,NA,2022-03-21,2022-03-21
COL,20212022,2021-10-16,0,TRUE,3,5,2,2,NA,2022-03-21,2022-03-21
COL,20212022,2021-10-19,0,FALSE,3,6,2,3,NA,2022-03-21,2022-03-21
COL,20212022,2021-10-21,0,FALSE,1,4,2,4,NA,2022-03-21,2022-03-21
COL,20212022,2021-10-23,2,FALSE,4,3,4,5,NA,2022-03-21,2022-03-21
COL,20212022,2021-10-26,0,TRUE,1,3,4,6,NA,2022-03-21,2022-03-21
COL,20212022,2021-10-28,2,FALSE,4,3,6,7,NA,2022-03-21,2022-03-21
COL,20212022,2021-10-30,2,TRUE,4,1,8,8,NA,2022-03-21,2022-03-21
COL,20212022,2021-11-03,1,TRUE,4,5,9,9,NA,2022-03-21,2022-03-21
COL,20212022,2021-11-06,0,FALSE,2,4,9,10,NA,2022-03-21,2022-03-21
COL,20212022,2021-11-11,2,TRUE,7,1,11,11,NA,2022-03-21,2022-03-21
COL,20212022,2021-11-13,2,TRUE,6,2,13,12,NA,2022-03-21,2022-03-21
COL,20212022,2021-11-17,2,FALSE,4,2,15,13,NA,2022-03-21,2022-03-21
COL,20212022,2021-11-19,2,FALSE,7,3,17,14,NA,2022-03-21,2022-03-21
COL,20212022,2021-11-22,2,TRUE,7,5,19,15,NA,2022-03-21,2022-03-21
COL,20212022,2021-11-24,2,TRUE,5,2,21,16,NA,2022-03-21,2022-03-21
COL,20212022,2021-11-26,0,FALSE,1,3,21,17,NA,2022-03-21,2022-03-21
COL,20212022,2021-11-27,2,TRUE,6,2,23,18,NA,2022-03-21,2022-03-21
COL,20212022,2021-12-01,0,FALSE,3,8,23,19,NA,2022-03-21,2022-03-21
COL,20212022,2021-12-02,2,FALSE,4,1,25,20,NA,2022-03-21,2022-03-21
COL,20212022,2021-12-04,1,FALSE,5,6,26,21,NA,2022-03-21,2022-03-21
COL,20212022,2021-12-06,2,FALSE,7,5,28,22,NA,2022-03-21,2022-03-21
COL,20212022,2021-12-08,2,FALSE,7,3,30,23,NA,2022-03-21,2022-03-21
COL,20212022,2021-12-10,2,TRUE,7,3,32,24,NA,2022-03-21,2022-03-21
COL,20212022,2021-12-12,2,TRUE,3,2,34,25,NA,2022-03-21,2022-03-21
COL,20212022,2021-12-14,2,TRUE,4,2,36,26,NA,2022-03-21,2022-03-21
COL,20212022,2021-12-16,0,FALSE,2,5,36,27,NA,2022-03-21,2022-03-21
COL,20212022,2022-01-02,2,TRUE,4,2,38,28,NA,2022-03-21,2022-03-21
COL,20212022,2022-01-04,2,FALSE,4,3,40,29,NA,2022-03-21,2022-03-21
COL,20212022,2022-01-06,2,TRUE,7,1,42,30,NA,2022-03-21,2022-03-21
COL,20212022,2022-01-08,2,TRUE,5,4,44,31,NA,2022-03-21,2022-03-21
COL,20212022,2022-01-10,2,TRUE,4,3,46,32,NA,2022-03-21,2022-03-21
COL,20212022,2022-01-11,1,FALSE,4,5,47,33,NA,2022-03-21,2022-03-21
COL,20212022,2022-01-14,2,TRUE,4,3,49,34,NA,2022-03-21,2022-03-21
COL,20212022,2022-01-15,2,FALSE,5,0,51,35,NA,2022-03-21,2022-03-21
COL,20212022,2022-01-17,2,TRUE,4,3,53,36,NA,2022-03-21,2022-03-21
COL,20212022,2022-01-19,2,FALSE,2,0,55,37,NA,2022-03-21,2022-03-21
COL,20212022,2022-01-20,2,FALSE,4,1,57,38,NA,2022-03-21,2022-03-21
COL,20212022,2022-01-22,2,TRUE,3,2,59,39,NA,2022-03-21,2022-03-21
COL,20212022,2022-01-24,2,TRUE,2,0,61,40,NA,2022-03-21,2022-03-21
COL,20212022,2022-01-26,2,TRUE,4,3,63,41,NA,2022-03-21,2022-03-21
COL,20212022,2022-01-28,2,FALSE,6,4,65,42,NA,2022-03-21,2022-03-21
COL,20212022,2022-01-30,2,TRUE,4,1,67,43,NA,2022-03-21,2022-03-21
COL,20212022,2022-02-01,1,TRUE,2,3,68,44,NA,2022-03-21,2022-03-21
COL,20212022,2022-02-10,2,TRUE,3,2,70,45,NA,2022-03-21,2022-03-21
COL,20212022,2022-02-13,2,FALSE,4,0,72,46,NA,2022-03-21,2022-03-21
COL,20212022,2022-02-15,0,TRUE,1,4,72,47,NA,2022-03-21,2022-03-21
COL,20212022,2022-02-16,2,FALSE,2,0,74,48,NA,2022-03-21,2022-03-21
COL,20212022,2022-02-19,2,FALSE,5,3,76,49,NA,2022-03-21,2022-03-21
COL,20212022,2022-02-21,0,FALSE,1,5,76,50,NA,2022-03-21,2022-03-21
COL,20212022,2022-02-23,2,FALSE,5,2,78,51,NA,2022-03-21,2022-03-21
COL,20212022,2022-02-25,2,TRUE,6,3,80,52,NA,2022-03-21,2022-03-21
COL,20212022,2022-02-26,2,FALSE,3,2,82,53,NA,2022-03-21,2022-03-21
COL,20212022,2022-03-01,2,TRUE,5,3,84,54,NA,2022-03-21,2022-03-21
COL,20212022,2022-03-03,0,FALSE,1,2,84,55,NA,2022-03-21,2022-03-21
COL,20212022,2022-03-05,1,TRUE,3,4,85,56,NA,2022-03-21,2022-03-21
COL,20212022,2022-03-07,2,FALSE,5,4,87,57,NA,2022-03-21,2022-03-21
COL,20212022,2022-03-08,0,FALSE,3,5,87,58,NA,2022-03-21,2022-03-21
COL,20212022,2022-03-10,0,FALSE,0,2,87,59,NA,2022-03-21,2022-03-21
COL,20212022,2022-03-13,2,TRUE,3,0,89,60,NA,2022-03-21,2022-03-21
COL,20212022,2022-03-15,2,FALSE,3,0,91,61,NA,2022-03-21,2022-03-21
COL,20212022,2022-03-18,2,FALSE,5,3,93,62,NA,2022-03-21,2022-03-21
COL,20212022,2022-03-21,2,TRUE,3,2,95,63,NA,2022-03-21,2022-03-21
COL,20212022,2022-03-23,0,TRUE,1,3,95,64,NA,2022-03-21,2022-03-21
COL,20212022,2022-03-25,2,TRUE,6,3,97,65,NA,2022-03-21,2022-03-21
COL,20212022,2022-03-27,1,FALSE,2,3,98,66,NA,2022-03-21,2022-03-21
COL,20212022,2022-03-29,2,FALSE,2,1,100,67,NA,2022-03-21,2022-03-21
COL,20212022,2022-03-31,2,TRUE,4,2,102,68,NA,2022-03-21,2022-03-21
COL,20212022,2022-04-02,2,TRUE,3,2,104,69,NA,2022-03-21,2022-03-21
COL,20212022,2022-04-05,2,FALSE,6,4,106,70,NA,2022-03-21,2022-03-21
COL,20212022,2022-04-08,2,FALSE,5,4,108,71,NA,2022-03-21,2022-03-21
COL,20212022,2022-04-09,2,FALSE,2,1,110,72,NA,2022-03-21,2022-03-21
COL,20212022,2022-04-13,2,TRUE,9,3,112,73,NA,2022-03-21,2022-03-21
COL,20212022,2022-04-14,2,TRUE,3,1,114,74,NA,2022-03-21,2022-03-21
COL,20212022,2022-04-16,2,TRUE,7,4,116,75,NA,2022-03-21,2022-03-21
COL,20212022,2022-04-18,0,TRUE,2,3,116,76,NA,2022-03-21,2022-03-21
COL,20212022,2022-04-20,0,FALSE,2,3,116,77,NA,2022-03-21,2022-03-21
COL,20212022,2022-04-22,0,FALSE,3,6,116,78,NA,2022-03-21,2022-03-21
COL,20212022,2022-04-24,0,FALSE,1,4,116,79,NA,2022-03-21,2022-03-21
COL,20212022,2022-04-26,2,TRUE,5,3,118,80,NA,2022-03-21,2022-03-21
COL,20212022,2022-04-28,1,TRUE,4,5,119,81,NA,2022-03-21,2022-03-21
COL,20212022,2022-04-29,0,FALSE,1,4,119,82,NA,2022-03-21,2022-03-21
COL,20222023,2022-10-12,2,TRUE,5,2,2,1,NA,2023-03-27,2023-03-03
COL,20222023,2022-10-13,0,FALSE,3,5,2,2,NA,2023-03-27,2023-03-03
COL,20222023,2022-10-17,2,FALSE,6,3,4,3,NA,2023-03-27,2023-03-03
COL,20222023,2022-10-19,1,TRUE,3,4,5,4,NA,2023-03-27,2023-03-03
COL,20222023,2022-10-21,0,TRUE,2,3,5,5,NA,2023-03-27,2023-03-03
COL,20222023,2022-10-22,2,FALSE,3,2,7,6,NA,2023-03-27,2023-03-03
COL,20222023,2022-10-25,2,FALSE,3,2,9,7,NA,2023-03-27,2023-03-03
COL,20222023,2022-10-28,0,FALSE,0,1,9,8,NA,2023-03-27,2023-03-03
COL,20222023,2022-10-29,0,FALSE,4,5,9,9,NA,2023-03-27,2023-03-03
COL,20222023,2022-11-04,2,TRUE,6,3,11,10,NA,2023-03-27,2023-03-03
COL,20222023,2022-11-05,2,FALSE,5,1,13,11,NA,2023-03-27,2023-03-03
COL,20222023,2022-11-10,2,TRUE,5,3,15,12,NA,2023-03-27,2023-03-03
COL,20222023,2022-11-12,2,TRUE,4,1,17,13,NA,2023-03-27,2023-03-03
COL,20222023,2022-11-14,0,TRUE,2,3,17,14,NA,2023-03-27,2023-03-03
COL,20222023,2022-11-17,2,FALSE,3,2,19,15,NA,2023-03-27,2023-03-03
COL,20222023,2022-11-19,2,FALSE,4,0,21,16,NA,2023-03-27,2023-03-03
COL,20222023,2022-11-21,2,FALSE,3,2,23,17,NA,2023-03-27,2023-03-03
COL,20222023,2022-11-23,0,TRUE,3,4,23,18,NA,2023-03-27,2023-03-03
COL,20222023,2022-11-26,2,TRUE,4,1,25,19,NA,2023-03-27,2023-03-03
COL,20222023,2022-11-29,0,FALSE,0,5,25,20,NA,2023-03-27,2023-03-03
COL,20222023,2022-12-01,2,FALSE,6,4,27,21,NA,2023-03-27,2023-03-03
COL,20222023,2022-12-03,0,FALSE,1,5,27,22,NA,2023-03-27,2023-03-03
COL,20222023,2022-12-05,0,FALSE,3,5,27,23,NA,2023-03-27,2023-03-03
COL,20222023,2022-12-07,0,TRUE,0,4,27,24,NA,2023-03-27,2023-03-03
COL,20222023,2022-12-09,1,TRUE,1,2,28,25,NA,2023-03-27,2023-03-03
COL,20222023,2022-12-11,2,FALSE,3,2,30,26,NA,2023-03-27,2023-03-03
COL,20222023,2022-12-13,2,TRUE,3,2,32,27,NA,2023-03-27,2023-03-03
COL,20222023,2022-12-15,0,TRUE,2,4,32,28,NA,2023-03-27,2023-03-03
COL,20222023,2022-12-17,2,TRUE,3,1,34,29,NA,2023-03-27,2023-03-03
COL,20222023,2022-12-19,2,TRUE,1,0,36,30,NA,2023-03-27,2023-03-03
COL,20222023,2022-12-21,2,TRUE,2,1,38,31,NA,2023-03-27,2023-03-03
COL,20222023,2022-12-23,2,FALSE,3,2,40,32,NA,2023-03-27,2023-03-03
COL,20222023,2022-12-27,0,FALSE,3,6,40,33,NA,2023-03-27,2023-03-03
COL,20222023,2022-12-29,1,TRUE,4,5,41,34,NA,2023-03-27,2023-03-03
COL,20222023,2022-12-31,0,TRUE,2,6,41,35,NA,2023-03-27,2023-03-03
COL,20222023,2023-01-02,0,TRUE,2,3,41,36,NA,2023-03-27,2023-03-03
COL,20222023,2023-01-05,0,FALSE,2,4,41,37,NA,2023-03-27,2023-03-03
COL,20222023,2023-01-07,2,FALSE,3,2,43,38,NA,2023-03-27,2023-03-03
COL,20222023,2023-01-10,0,TRUE,4,5,43,39,NA,2023-03-27,2023-03-03
COL,20222023,2023-01-12,0,FALSE,2,3,43,40,NA,2023-03-27,2023-03-03
COL,20222023,2023-01-14,2,TRUE,7,0,45,41,NA,2023-03-27,2023-03-03
COL,20222023,2023-01-16,2,TRUE,6,3,47,42,NA,2023-03-27,2023-03-03
COL,20222023,2023-01-18,2,FALSE,4,1,49,43,NA,2023-03-27,2023-03-03
COL,20222023,2023-01-20,2,FALSE,4,1,51,44,NA,2023-03-27,2023-03-03
COL,20222023,2023-01-21,2,FALSE,2,1,53,45,NA,2023-03-27,2023-03-03
COL,20222023,2023-01-24,2,TRUE,3,2,55,46,NA,2023-03-27,2023-03-03
COL,20222023,2023-01-26,0,TRUE,3,5,55,47,NA,2023-03-27,2023-03-03
COL,20222023,2023-01-28,2,TRUE,4,2,57,48,NA,2023-03-27,2023-03-03
COL,20222023,2023-02-07,1,FALSE,1,2,58,49,NA,2023-03-27,2023-03-03
COL,20222023,2023-02-09,0,FALSE,0,5,58,50,NA,2023-03-27,2023-03-03
COL,20222023,2023-02-11,2,FALSE,5,3,60,51,NA,2023-03-27,2023-03-03
COL,20222023,2023-02-14,1,TRUE,3,4,61,52,NA,2023-03-27,2023-03-03
COL,20222023,2023-02-15,2,FALSE,3,2,63,53,NA,2023-03-27,2023-03-03
COL,20222023,2023-02-18,2,FALSE,4,1,65,54,NA,2023-03-27,2023-03-03
COL,20222023,2023-02-19,2,TRUE,6,5,67,55,NA,2023-03-27,2023-03-03
COL,20222023,2023-02-24,2,FALSE,5,1,69,56,NA,2023-03-27,2023-03-03
COL,20222023,2023-02-25,2,TRUE,4,1,71,57,NA,2023-03-27,2023-03-03
COL,20222023,2023-02-27,2,TRUE,3,0,73,58,NA,2023-03-27,2023-03-03
COL,20222023,2023-03-01,0,TRUE,5,7,73,59,NA,2023-03-27,2023-03-03
COL,20222023,2023-03-04,0,FALSE,3,7,73,60,NA,2023-03-27,2023-03-03
COL,20222023,2023-03-05,1,TRUE,2,3,74,61,NA,2023-03-27,2023-03-03
COL,20222023,2023-03-07,2,TRUE,6,0,76,62,NA,2023-03-27,2023-03-03
COL,20222023,2023-03-09,0,TRUE,2,5,76,63,NA,2023-03-27,2023-03-03
COL,20222023,2023-03-11,2,TRUE,3,2,78,64,NA,2023-03-27,2023-03-03
COL,20222023,2023-03-13,2,FALSE,8,4,80,65,NA,2023-03-27,2023-03-03
COL,20222023,2023-03-15,2,FALSE,2,1,82,66,NA,2023-03-27,2023-03-03
COL,20222023,2023-03-16,2,FALSE,5,4,84,67,NA,2023-03-27,2023-03-03
COL,20222023,2023-03-18,2,FALSE,5,1,86,68,NA,2023-03-27,2023-03-03
COL,20222023,2023-03-20,2,TRUE,5,0,88,69,NA,2023-03-27,2023-03-03
COL,20222023,2023-03-22,0,TRUE,2,5,88,70,NA,2023-03-27,2023-03-03
COL,20222023,2023-03-24,2,TRUE,3,1,90,71,NA,2023-03-27,2023-03-03
COL,20222023,2023-03-26,2,FALSE,4,3,92,72,NA,2023-03-27,2023-03-03
COL,20222023,2023-03-27,2,FALSE,5,1,94,73,NA,2023-03-27,2023-03-03
COL,20222023,2023-03-29,0,TRUE,2,4,94,74,NA,2023-03-27,2023-03-03
COL,20222023,2023-04-01,2,TRUE,5,2,96,75,NA,2023-03-27,2023-03-03
COL,20222023,2023-04-04,2,FALSE,4,3,98,76,NA,2023-03-27,2023-03-03
COL,20222023,2023-04-06,2,FALSE,6,2,100,77,NA,2023-03-27,2023-03-03
COL,20222023,2023-04-08,2,FALSE,4,3,102,78,NA,2023-03-27,2023-03-03
COL,20222023,2023-04-09,2,FALSE,5,4,104,79,NA,2023-03-27,2023-03-03
COL,20222023,2023-04-11,1,TRUE,1,2,105,80,NA,2023-03-27,2023-03-03
COL,20222023,2023-04-13,2,TRUE,4,2,107,81,NA,2023-03-27,2023-03-03
COL,20222023,2023-04-14,2,FALSE,4,3,109,82,NA,2023-03-27,2023-03-03
COL,20232024,2023-10-11,2,FALSE,5,2,2,1,NA,2024-03-19,2024-03-08
COL,20232024,2023-10-14,2,FALSE,2,1,4,2,NA,2024-03-19,2024-03-08
COL,20232024,2023-10-17,2,FALSE,4,1,6,3,NA,2024-03-19,2024-03-08
COL,20232024,2023-10-19,2,TRUE,4,0,8,4,NA,2024-03-19,2024-03-08
COL,20232024,2023-10-21,2,TRUE,6,4,10,5,NA,2024-03-19,2024-03-08
COL,20232024,2023-10-24,2,FALSE,7,4,12,6,NA,2024-03-19,2024-03-08
COL,20232024,2023-10-26,0,FALSE,0,4,12,7,NA,2024-03-19,2024-03-08
COL,20232024,2023-10-29,0,FALSE,0,4,12,8,NA,2024-03-19,2024-03-08
COL,20232024,2023-11-01,2,TRUE,4,1,14,9,NA,2024-03-19,2024-03-08
COL,20232024,2023-11-04,0,FALSE,0,7,14,10,NA,2024-03-19,2024-03-08
COL,20232024,2023-11-07,2,TRUE,6,3,16,11,NA,2024-03-19,2024-03-08
COL,20232024,2023-11-09,0,TRUE,3,4,16,12,NA,2024-03-19,2024-03-08
COL,20232024,2023-11-11,0,TRUE,2,8,16,13,NA,2024-03-19,2024-03-08
COL,20232024,2023-11-13,2,FALSE,5,1,18,14,NA,2024-03-19,2024-03-08
COL,20232024,2023-11-15,2,TRUE,8,2,20,15,NA,2024-03-19,2024-03-08
COL,20232024,2023-11-18,2,FALSE,6,3,22,16,NA,2024-03-19,2024-03-08
COL,20232024,2023-11-20,0,FALSE,3,4,22,17,NA,2024-03-19,2024-03-08
COL,20232024,2023-11-22,2,TRUE,5,2,24,18,NA,2024-03-19,2024-03-08
COL,20232024,2023-11-24,2,FALSE,3,2,26,19,NA,2024-03-19,2024-03-08
COL,20232024,2023-11-25,2,TRUE,3,1,28,20,NA,2024-03-19,2024-03-08
COL,20232024,2023-11-27,2,TRUE,4,1,30,21,NA,2024-03-19,2024-03-08
COL,20232024,2023-11-30,1,FALSE,3,4,31,22,NA,2024-03-19,2024-03-08
COL,20232024,2023-12-02,1,FALSE,3,4,32,23,NA,2024-03-19,2024-03-08
COL,20232024,2023-12-03,0,FALSE,1,4,32,24,NA,2024-03-19,2024-03-08
COL,20232024,2023-12-05,2,TRUE,3,2,34,25,NA,2024-03-19,2024-03-08
COL,20232024,2023-12-07,0,TRUE,2,4,34,26,NA,2024-03-19,2024-03-08
COL,20232024,2023-12-09,0,TRUE,2,5,34,27,NA,2024-03-19,2024-03-08
COL,20232024,2023-12-11,2,TRUE,6,5,36,28,NA,2024-03-19,2024-03-08
COL,20232024,2023-12-13,2,TRUE,5,1,38,29,NA,2024-03-19,2024-03-08
COL,20232024,2023-12-16,0,FALSE,2,6,38,30,NA,2024-03-19,2024-03-08
COL,20232024,2023-12-17,2,TRUE,6,2,40,31,NA,2024-03-19,2024-03-08
COL,20232024,2023-12-19,0,FALSE,2,3,40,32,NA,2024-03-19,2024-03-08
COL,20232024,2023-12-21,2,TRUE,6,4,42,33,NA,2024-03-19,2024-03-08
COL,20232024,2023-12-23,2,TRUE,4,1,44,34,NA,2024-03-19,2024-03-08
COL,20232024,2023-12-27,1,FALSE,4,5,45,35,NA,2024-03-19,2024-03-08
COL,20232024,2023-12-29,2,FALSE,2,1,47,36,NA,2024-03-19,2024-03-08
COL,20232024,2023-12-31,2,TRUE,3,1,49,37,NA,2024-03-19,2024-03-08
COL,20232024,2024-01-02,2,TRUE,5,4,51,38,NA,2024-03-19,2024-03-08
COL,20232024,2024-01-04,2,FALSE,5,4,53,39,NA,2024-03-19,2024-03-08
COL,20232024,2024-01-06,0,TRUE,4,8,53,40,NA,2024-03-19,2024-03-08
COL,20232024,2024-01-08,2,TRUE,4,3,55,41,NA,2024-03-19,2024-03-08
COL,20232024,2024-01-10,2,TRUE,3,0,57,42,NA,2024-03-19,2024-03-08
COL,20232024,2024-01-13,2,FALSE,5,3,59,43,NA,2024-03-19,2024-03-08
COL,20232024,2024-01-15,0,FALSE,3,4,59,44,NA,2024-03-19,2024-03-08
COL,20232024,2024-01-16,2,FALSE,7,4,61,45,NA,2024-03-19,2024-03-08
COL,20232024,2024-01-18,0,FALSE,2,5,61,46,NA,2024-03-19,2024-03-08
COL,20232024,2024-01-20,2,FALSE,7,4,63,47,NA,2024-03-19,2024-03-08
COL,20232024,2024-01-24,2,TRUE,6,2,65,48,NA,2024-03-19,2024-03-08
COL,20232024,2024-01-26,2,TRUE,5,1,67,49,NA,2024-03-19,2024-03-08
COL,20232024,2024-02-05,1,FALSE,1,2,68,50,NA,2024-03-19,2024-03-08
COL,20232024,2024-02-06,0,FALSE,3,5,68,51,NA,2024-03-19,2024-03-08
COL,20232024,2024-02-08,0,FALSE,2,5,68,52,NA,2024-03-19,2024-03-08
COL,20232024,2024-02-10,0,FALSE,0,4,68,53,NA,2024-03-19,2024-03-08
COL,20232024,2024-02-13,2,FALSE,6,3,70,54,NA,2024-03-19,2024-03-08
COL,20232024,2024-02-15,0,FALSE,3,6,70,55,NA,2024-03-19,2024-03-08
COL,20232024,2024-02-18,2,TRUE,4,3,72,56,NA,2024-03-19,2024-03-08
COL,20232024,2024-02-20,2,TRUE,3,1,74,57,NA,2024-03-19,2024-03-08
COL,20232024,2024-02-22,1,FALSE,1,2,75,58,NA,2024-03-19,2024-03-08
COL,20232024,2024-02-24,0,TRUE,3,4,75,59,NA,2024-03-19,2024-03-08
COL,20232024,2024-02-27,2,TRUE,5,1,77,60,NA,2024-03-19,2024-03-08
COL,20232024,2024-02-29,2,FALSE,5,0,79,61,NA,2024-03-19,2024-03-08
COL,20232024,2024-03-02,0,FALSE,1,5,79,62,NA,2024-03-19,2024-03-08
COL,20232024,2024-03-04,2,TRUE,5,0,81,63,NA,2024-03-19,2024-03-08
COL,20232024,2024-03-06,2,TRUE,7,2,83,64,NA,2024-03-19,2024-03-08
COL,20232024,2024-03-08,2,TRUE,2,1,85,65,NA,2024-03-19,2024-03-08
COL,20232024,2024-03-12,2,FALSE,6,2,87,66,NA,2024-03-19,2024-03-08
COL,20232024,2024-03-13,2,FALSE,4,3,89,67,NA,2024-03-19,2024-03-08
COL,20232024,2024-03-16,2,FALSE,3,2,91,68,NA,2024-03-19,2024-03-08
COL,20232024,2024-03-19,2,FALSE,4,3,93,69,NA,2024-03-19,2024-03-08
COL,20232024,2024-03-22,2,TRUE,6,1,95,70,NA,2024-03-19,2024-03-08
COL,20232024,2024-03-24,2,TRUE,5,4,97,71,NA,2024-03-19,2024-03-08
COL,20232024,2024-03-26,0,TRUE,1,2,97,72,NA,2024-03-19,2024-03-08
COL,20232024,2024-03-28,1,TRUE,2,3,98,73,NA,2024-03-19,2024-03-08
COL,20232024,2024-03-30,2,TRUE,7,4,100,74,NA,2024-03-19,2024-03-08
COL,20232024,2024-04-01,0,FALSE,1,4,100,75,NA,2024-03-19,2024-03-08
COL,20232024,2024-04-04,2,FALSE,5,2,102,76,NA,2024-03-19,2024-03-08
COL,20232024,2024-04-05,0,FALSE,2,6,102,77,NA,2024-03-19,2024-03-08
COL,20232024,2024-04-07,0,TRUE,4,7,102,78,NA,2024-03-19,2024-03-08
COL,20232024,2024-04-09,2,TRUE,5,2,104,79,NA,2024-03-19,2024-03-08
COL,20232024,2024-04-13,0,TRUE,0,7,104,80,NA,2024-03-19,2024-03-08
COL,20232024,2024-04-14,1,FALSE,3,4,105,81,NA,2024-03-19,2024-03-08
COL,20232024,2024-04-18,2,TRUE,5,1,107,82,NA,2024-03-19,2024-03-08
DAL,20212022,2021-10-14,2,FALSE,3,2,2,1,NA,2022-04-26,2022-03-21
DAL,20212022,2021-10-16,0,FALSE,1,3,2,2,NA,2022-04-26,2022-03-21
DAL,20212022,2021-10-17,0,FALSE,2,3,2,3,NA,2022-04-26,2022-03-21
DAL,20212022,2021-10-19,2,FALSE,2,1,4,4,NA,2022-04-26,2022-03-21
DAL,20212022,2021-10-22,2,TRUE,3,2,6,5,NA,2022-04-26,2022-03-21
DAL,20212022,2021-10-25,0,FALSE,1,4,6,6,NA,2022-04-26,2022-03-21
DAL,20212022,2021-10-27,1,TRUE,2,3,7,7,NA,2022-04-26,2022-03-21
DAL,20212022,2021-10-29,0,TRUE,1,4,7,8,NA,2022-04-26,2022-03-21
DAL,20212022,2021-11-02,1,FALSE,3,4,8,9,NA,2022-04-26,2022-03-21
DAL,20212022,2021-11-04,2,FALSE,4,3,10,10,NA,2022-04-26,2022-03-21
DAL,20212022,2021-11-07,0,FALSE,3,6,10,11,NA,2022-04-26,2022-03-21
DAL,20212022,2021-11-10,0,TRUE,2,4,10,12,NA,2022-04-26,2022-03-21
DAL,20212022,2021-11-13,2,TRUE,5,2,12,13,NA,2022-04-26,2022-03-21
DAL,20212022,2021-11-16,2,TRUE,5,2,14,14,NA,2022-04-26,2022-03-21
DAL,20212022,2021-11-18,0,FALSE,2,7,14,15,NA,2022-04-26,2022-03-21
DAL,20212022,2021-11-20,2,TRUE,4,1,16,16,NA,2022-04-26,2022-03-21
DAL,20212022,2021-11-23,2,TRUE,4,1,18,17,NA,2022-04-26,2022-03-21
DAL,20212022,2021-11-26,2,TRUE,3,1,20,18,NA,2022-04-26,2022-03-21
DAL,20212022,2021-11-27,2,FALSE,3,2,22,19,NA,2022-04-26,2022-03-21
DAL,20212022,2021-11-30,2,TRUE,4,1,24,20,NA,2022-04-26,2022-03-21
DAL,20212022,2021-12-02,2,TRUE,3,2,26,21,NA,2022-04-26,2022-03-21
DAL,20212022,2021-12-06,2,TRUE,4,1,28,22,NA,2022-04-26,2022-03-21
DAL,20212022,2021-12-08,0,FALSE,4,5,28,23,NA,2022-04-26,2022-03-21
DAL,20212022,2021-12-09,0,FALSE,0,4,28,24,NA,2022-04-26,2022-03-21
DAL,20212022,2021-12-11,0,FALSE,1,2,28,25,NA,2022-04-26,2022-03-21
DAL,20212022,2021-12-14,0,TRUE,1,4,28,26,NA,2022-04-26,2022-03-21
DAL,20212022,2021-12-17,0,FALSE,1,4,28,27,NA,2022-04-26,2022-03-21
DAL,20212022,2021-12-18,2,TRUE,4,3,30,28,NA,2022-04-26,2022-03-21
DAL,20212022,2021-12-20,2,TRUE,7,4,32,29,NA,2022-04-26,2022-03-21
DAL,20212022,2022-01-06,2,TRUE,6,5,34,30,NA,2022-04-26,2022-03-21
DAL,20212022,2022-01-08,2,TRUE,3,2,36,31,NA,2022-04-26,2022-03-21
DAL,20212022,2022-01-09,0,FALSE,1,2,36,32,NA,2022-04-26,2022-03-21
DAL,20212022,2022-01-12,2,TRUE,5,2,38,33,NA,2022-04-26,2022-03-21
DAL,20212022,2022-01-14,0,FALSE,1,7,38,34,NA,2022-04-26,2022-03-21
DAL,20212022,2022-01-15,0,FALSE,1,3,38,35,NA,2022-04-26,2022-03-21
DAL,20212022,2022-01-18,0,TRUE,3,5,38,36,NA,2022-04-26,2022-03-21
DAL,20212022,2022-01-20,2,FALSE,5,4,40,37,NA,2022-04-26,2022-03-21
DAL,20212022,2022-01-21,2,FALSE,5,4,42,38,NA,2022-04-26,2022-03-21
DAL,20212022,2022-01-24,2,FALSE,3,1,44,39,NA,2022-04-26,2022-03-21
DAL,20212022,2022-01-25,2,FALSE,5,1,46,40,NA,2022-04-26,2022-03-21
DAL,20212022,2022-01-28,0,TRUE,0,5,46,41,NA,2022-04-26,2022-03-21
DAL,20212022,2022-01-30,2,TRUE,6,1,48,42,NA,2022-04-26,2022-03-21
DAL,20212022,2022-02-01,0,TRUE,3,4,48,43,NA,2022-04-26,2022-03-21
DAL,20212022,2022-02-09,2,TRUE,4,3,50,44,NA,2022-04-26,2022-03-21
DAL,20212022,2022-02-11,2,TRUE,4,3,52,45,NA,2022-04-26,2022-03-21
DAL,20212022,2022-02-13,0,TRUE,0,4,52,46,NA,2022-04-26,2022-03-21
DAL,20212022,2022-02-15,2,FALSE,4,1,54,47,NA,2022-04-26,2022-03-21
DAL,20212022,2022-02-18,2,FALSE,1,0,56,48,NA,2022-04-26,2022-03-21
DAL,20212022,2022-02-20,0,FALSE,1,3,56,49,NA,2022-04-26,2022-03-21
DAL,20212022,2022-02-23,2,TRUE,3,2,58,50,NA,2022-04-26,2022-03-21
DAL,20212022,2022-02-24,1,FALSE,1,2,59,51,NA,2022-04-26,2022-03-21
DAL,20212022,2022-02-27,2,TRUE,4,2,61,52,NA,2022-04-26,2022-03-21
DAL,20212022,2022-03-02,2,TRUE,4,3,63,53,NA,2022-04-26,2022-03-21
DAL,20212022,2022-03-04,2,FALSE,4,3,65,54,NA,2022-04-26,2022-03-21
DAL,20212022,2022-03-06,2,FALSE,6,3,67,55,NA,2022-04-26,2022-03-21
DAL,20212022,2022-03-08,0,FALSE,1,2,67,56,NA,2022-04-26,2022-03-21
DAL,20212022,2022-03-12,0,TRUE,4,7,67,57,NA,2022-04-26,2022-03-21
DAL,20212022,2022-03-15,0,FALSE,0,4,67,58,NA,2022-04-26,2022-03-21
DAL,20212022,2022-03-17,2,FALSE,4,3,69,59,NA,2022-04-26,2022-03-21
DAL,20212022,2022-03-19,0,FALSE,2,4,69,60,NA,2022-04-26,2022-03-21
DAL,20212022,2022-03-20,2,FALSE,3,2,71,61,NA,2022-04-26,2022-03-21
DAL,20212022,2022-03-22,2,TRUE,5,3,73,62,NA,2022-04-26,2022-03-21
DAL,20212022,2022-03-24,2,FALSE,4,3,75,63,NA,2022-04-26,2022-03-21
DAL,20212022,2022-03-26,0,TRUE,1,4,75,64,NA,2022-04-26,2022-03-21
DAL,20212022,2022-03-29,2,FALSE,3,2,77,65,NA,2022-04-26,2022-03-21
DAL,20212022,2022-03-31,2,FALSE,3,2,79,66,NA,2022-04-26,2022-03-21
DAL,20212022,2022-04-02,2,FALSE,5,4,81,67,NA,2022-04-26,2022-03-21
DAL,20212022,2022-04-03,0,FALSE,1,4,81,68,NA,2022-04-26,2022-03-21
DAL,20212022,2022-04-05,2,TRUE,3,2,83,69,NA,2022-04-26,2022-03-21
DAL,20212022,2022-04-07,1,TRUE,3,4,84,70,NA,2022-04-26,2022-03-21
DAL,20212022,2022-04-09,0,TRUE,1,3,84,71,NA,2022-04-26,2022-03-21
DAL,20212022,2022-04-10,2,FALSE,6,4,86,72,NA,2022-04-26,2022-03-21
DAL,20212022,2022-04-12,2,TRUE,1,0,88,73,NA,2022-04-26,2022-03-21
DAL,20212022,2022-04-14,1,TRUE,2,3,89,74,NA,2022-04-26,2022-03-21
DAL,20212022,2022-04-16,2,TRUE,2,1,91,75,NA,2022-04-26,2022-03-21
DAL,20212022,2022-04-18,0,FALSE,2,6,91,76,NA,2022-04-26,2022-03-21
DAL,20212022,2022-04-20,0,FALSE,2,5,91,77,NA,2022-04-26,2022-03-21
DAL,20212022,2022-04-21,0,FALSE,2,4,91,78,NA,2022-04-26,2022-03-21
DAL,20212022,2022-04-23,2,TRUE,3,2,93,79,NA,2022-04-26,2022-03-21
DAL,20212022,2022-04-26,2,TRUE,3,2,95,80,NA,2022-04-26,2022-03-21
DAL,20212022,2022-04-27,1,TRUE,3,4,96,81,NA,2022-04-26,2022-03-21
DAL,20212022,2022-04-29,2,TRUE,4,2,98,82,NA,2022-04-26,2022-03-21
DAL,20222023,2022-10-13,2,FALSE,4,1,2,1,NA,2023-03-28,2023-03-03
DAL,20222023,2022-10-15,2,TRUE,5,1,4,2,NA,2023-03-28,2023-03-03
DAL,20222023,2022-10-17,2,TRUE,4,1,6,3,NA,2023-03-28,2023-03-03
DAL,20222023,2022-10-20,1,FALSE,2,3,7,4,NA,2023-03-28,2023-03-03
DAL,20222023,2022-10-22,2,FALSE,5,2,9,5,NA,2023-03-28,2023-03-03
DAL,20222023,2022-10-24,0,FALSE,2,4,9,6,NA,2023-03-28,2023-03-03
DAL,20222023,2022-10-25,0,FALSE,1,3,9,7,NA,2023-03-28,2023-03-03
DAL,20222023,2022-10-27,2,TRUE,2,0,11,8,NA,2023-03-28,2023-03-03
DAL,20222023,2022-10-29,0,TRUE,3,6,11,9,NA,2023-03-28,2023-03-03
DAL,20222023,2022-11-01,2,TRUE,5,2,13,10,NA,2023-03-28,2023-03-03
DAL,20222023,2022-11-03,2,FALSE,7,2,15,11,NA,2023-03-28,2023-03-03
DAL,20222023,2022-11-05,2,FALSE,6,2,17,12,NA,2023-03-28,2023-03-03
DAL,20222023,2022-11-08,0,FALSE,1,5,17,13,NA,2023-03-28,2023-03-03
DAL,20222023,2022-11-11,0,TRUE,4,5,17,14,NA,2023-03-28,2023-03-03
DAL,20222023,2022-11-13,2,FALSE,5,1,19,15,NA,2023-03-28,2023-03-03
DAL,20222023,2022-11-15,1,FALSE,4,5,20,16,NA,2023-03-28,2023-03-03
DAL,20222023,2022-11-17,2,FALSE,6,4,22,17,NA,2023-03-28,2023-03-03
DAL,20222023,2022-11-19,2,TRUE,5,2,24,18,NA,2023-03-28,2023-03-03
DAL,20222023,2022-11-21,1,TRUE,2,3,25,19,NA,2023-03-28,2023-03-03
DAL,20222023,2022-11-23,2,TRUE,6,4,27,20,NA,2023-03-28,2023-03-03
DAL,20222023,2022-11-25,1,TRUE,4,5,28,21,NA,2023-03-28,2023-03-03
DAL,20222023,2022-11-26,0,FALSE,1,4,28,22,NA,2023-03-28,2023-03-03
DAL,20222023,2022-11-28,2,FALSE,4,1,30,23,NA,2023-03-28,2023-03-03
DAL,20222023,2022-12-01,2,TRUE,5,0,32,24,NA,2023-03-28,2023-03-03
DAL,20222023,2022-12-04,1,TRUE,5,6,33,25,NA,2023-03-28,2023-03-03
DAL,20222023,2022-12-06,0,TRUE,0,4,33,26,NA,2023-03-28,2023-03-03
DAL,20222023,2022-12-08,2,TRUE,4,3,35,27,NA,2023-03-28,2023-03-03
DAL,20222023,2022-12-10,2,TRUE,3,2,37,28,NA,2023-03-28,2023-03-03
DAL,20222023,2022-12-12,0,FALSE,1,2,37,29,NA,2023-03-28,2023-03-03
DAL,20222023,2022-12-13,2,FALSE,4,1,39,30,NA,2023-03-28,2023-03-03
DAL,20222023,2022-12-15,2,FALSE,2,1,41,31,NA,2023-03-28,2023-03-03
DAL,20222023,2022-12-17,1,FALSE,4,5,42,32,NA,2023-03-28,2023-03-03
DAL,20222023,2022-12-19,2,FALSE,2,1,44,33,NA,2023-03-28,2023-03-03
DAL,20222023,2022-12-21,0,TRUE,3,6,44,34,NA,2023-03-28,2023-03-03
DAL,20222023,2022-12-23,2,TRUE,4,2,46,35,NA,2023-03-28,2023-03-03
DAL,20222023,2022-12-27,2,FALSE,3,2,48,36,NA,2023-03-28,2023-03-03
DAL,20222023,2022-12-29,2,FALSE,4,1,50,37,NA,2023-03-28,2023-03-03
DAL,20222023,2022-12-31,2,TRUE,5,2,52,38,NA,2023-03-28,2023-03-03
DAL,20222023,2023-01-03,0,FALSE,2,3,52,39,NA,2023-03-28,2023-03-03
DAL,20222023,2023-01-04,0,FALSE,0,2,52,40,NA,2023-03-28,2023-03-03
DAL,20222023,2023-01-08,2,TRUE,5,1,54,41,NA,2023-03-28,2023-03-03
DAL,20222023,2023-01-10,2,FALSE,2,1,56,42,NA,2023-03-28,2023-03-03
DAL,20222023,2023-01-12,1,FALSE,1,2,57,43,NA,2023-03-28,2023-03-03
DAL,20222023,2023-01-14,0,TRUE,5,6,57,44,NA,2023-03-28,2023-03-03
DAL,20222023,2023-01-16,2,FALSE,4,0,59,45,NA,2023-03-28,2023-03-03
DAL,20222023,2023-01-18,0,FALSE,3,5,59,46,NA,2023-03-28,2023-03-03
DAL,20222023,2023-01-19,2,FALSE,4,0,61,47,NA,2023-03-28,2023-03-03
DAL,20222023,2023-01-21,2,TRUE,4,0,63,48,NA,2023-03-28,2023-03-03
DAL,20222023,2023-01-23,1,TRUE,2,3,64,49,NA,2023-03-28,2023-03-03
DAL,20222023,2023-01-25,1,TRUE,2,3,65,50,NA,2023-03-28,2023-03-03
DAL,20222023,2023-01-27,1,TRUE,2,3,66,51,NA,2023-03-28,2023-03-03
DAL,20222023,2023-02-06,2,TRUE,3,2,68,52,NA,2023-03-28,2023-03-03
DAL,20222023,2023-02-08,2,TRUE,4,1,70,53,NA,2023-03-28,2023-03-03
DAL,20222023,2023-02-11,0,TRUE,1,3,70,54,NA,2023-03-28,2023-03-03
DAL,20222023,2023-02-14,1,TRUE,2,3,71,55,NA,2023-03-28,2023-03-03
DAL,20222023,2023-02-17,1,FALSE,1,2,72,56,NA,2023-03-28,2023-03-03
DAL,20222023,2023-02-18,0,TRUE,1,4,72,57,NA,2023-03-28,2023-03-03
DAL,20222023,2023-02-22,0,TRUE,3,4,72,58,NA,2023-03-28,2023-03-03
DAL,20222023,2023-02-25,2,FALSE,3,2,74,59,NA,2023-03-28,2023-03-03
DAL,20222023,2023-02-27,1,TRUE,4,5,75,60,NA,2023-03-28,2023-03-03
DAL,20222023,2023-03-01,2,TRUE,4,2,77,61,NA,2023-03-28,2023-03-03
DAL,20222023,2023-03-02,2,FALSE,5,2,79,62,NA,2023-03-28,2023-03-03
DAL,20222023,2023-03-04,2,TRUE,7,3,81,63,NA,2023-03-28,2023-03-03
DAL,20222023,2023-03-06,0,TRUE,4,5,81,64,NA,2023-03-28,2023-03-03
DAL,20222023,2023-03-09,2,FALSE,10,4,83,65,NA,2023-03-28,2023-03-03
DAL,20222023,2023-03-11,2,FALSE,4,3,85,66,NA,2023-03-28,2023-03-03
DAL,20222023,2023-03-13,2,FALSE,5,2,87,67,NA,2023-03-28,2023-03-03
DAL,20222023,2023-03-14,0,FALSE,2,5,87,68,NA,2023-03-28,2023-03-03
DAL,20222023,2023-03-16,0,FALSE,1,4,87,69,NA,2023-03-28,2023-03-03
DAL,20222023,2023-03-18,2,FALSE,6,5,89,70,NA,2023-03-28,2023-03-03
DAL,20222023,2023-03-21,1,TRUE,4,5,90,71,NA,2023-03-28,2023-03-03
DAL,20222023,2023-03-23,2,TRUE,3,2,92,72,NA,2023-03-28,2023-03-03
DAL,20222023,2023-03-25,0,TRUE,1,3,92,73,NA,2023-03-28,2023-03-03
DAL,20222023,2023-03-28,2,FALSE,4,1,94,74,NA,2023-03-28,2023-03-03
DAL,20222023,2023-03-31,2,FALSE,5,2,96,75,NA,2023-03-28,2023-03-03
DAL,20222023,2023-04-01,0,FALSE,2,5,96,76,NA,2023-03-28,2023-03-03
DAL,20222023,2023-04-03,2,TRUE,5,1,98,77,NA,2023-03-28,2023-03-03
DAL,20222023,2023-04-06,2,TRUE,4,1,100,78,NA,2023-03-28,2023-03-03
DAL,20222023,2023-04-08,2,TRUE,2,1,102,79,NA,2023-03-28,2023-03-03
DAL,20222023,2023-04-10,2,FALSE,6,1,104,80,NA,2023-03-28,2023-03-03
DAL,20222023,2023-04-12,2,FALSE,5,2,106,81,NA,2023-03-28,2023-03-03
DAL,20222023,2023-04-13,2,TRUE,1,0,108,82,NA,2023-03-28,2023-03-03
DAL,20232024,2023-10-12,2,TRUE,2,1,2,1,NA,2024-03-20,2024-03-08
DAL,20232024,2023-10-17,1,FALSE,2,3,3,2,NA,2024-03-20,2024-03-08
DAL,20232024,2023-10-19,2,FALSE,3,2,5,3,NA,2024-03-20,2024-03-08
DAL,20232024,2023-10-21,2,TRUE,5,4,7,4,NA,2024-03-20,2024-03-08
DAL,20232024,2023-10-24,2,FALSE,4,1,9,5,NA,2024-03-20,2024-03-08
DAL,20232024,2023-10-26,0,TRUE,1,4,9,6,NA,2024-03-20,2024-03-08
DAL,20232024,2023-10-30,2,TRUE,5,3,11,7,NA,2024-03-20,2024-03-08
DAL,20232024,2023-11-01,2,FALSE,4,3,13,8,NA,2024-03-20,2024-03-08
DAL,20232024,2023-11-02,2,FALSE,4,3,15,9,NA,2024-03-20,2024-03-08
DAL,20232024,2023-11-04,0,FALSE,0,2,15,10,NA,2024-03-20,2024-03-08
DAL,20232024,2023-11-06,0,TRUE,2,3,15,11,NA,2024-03-20,2024-03-08
DAL,20232024,2023-11-09,2,FALSE,5,2,17,12,NA,2024-03-20,2024-03-08
DAL,20232024,2023-11-11,2,FALSE,3,2,19,13,NA,2024-03-20,2024-03-08
DAL,20232024,2023-11-12,2,FALSE,8,3,21,14,NA,2024-03-20,2024-03-08
DAL,20232024,2023-11-14,2,TRUE,4,3,23,15,NA,2024-03-20,2024-03-08
DAL,20232024,2023-11-18,0,TRUE,3,6,23,16,NA,2024-03-20,2024-03-08
DAL,20232024,2023-11-20,2,TRUE,6,3,25,17,NA,2024-03-20,2024-03-08
DAL,20232024,2023-11-22,1,TRUE,1,2,26,18,NA,2024-03-20,2024-03-08
DAL,20232024,2023-11-24,0,TRUE,4,7,26,19,NA,2024-03-20,2024-03-08
DAL,20232024,2023-11-28,2,FALSE,2,0,28,20,NA,2024-03-20,2024-03-08
DAL,20232024,2023-11-30,1,FALSE,3,4,29,21,NA,2024-03-20,2024-03-08
DAL,20232024,2023-12-02,2,TRUE,8,1,31,22,NA,2024-03-20,2024-03-08
DAL,20232024,2023-12-04,0,FALSE,0,4,31,23,NA,2024-03-20,2024-03-08
DAL,20232024,2023-12-06,0,FALSE,4,5,31,24,NA,2024-03-20,2024-03-08
DAL,20232024,2023-12-07,2,FALSE,5,4,33,25,NA,2024-03-20,2024-03-08
DAL,20232024,2023-12-09,0,TRUE,1,6,33,26,NA,2024-03-20,2024-03-08
DAL,20232024,2023-12-11,2,TRUE,6,3,35,27,NA,2024-03-20,2024-03-08
DAL,20232024,2023-12-15,2,TRUE,5,4,37,28,NA,2024-03-20,2024-03-08
DAL,20232024,2023-12-16,1,FALSE,3,4,38,29,NA,2024-03-20,2024-03-08
DAL,20232024,2023-12-18,2,TRUE,4,3,40,30,NA,2024-03-20,2024-03-08
DAL,20232024,2023-12-21,2,TRUE,4,3,42,31,NA,2024-03-20,2024-03-08
DAL,20232024,2023-12-23,2,FALSE,3,2,44,32,NA,2024-03-20,2024-03-08
DAL,20232024,2023-12-27,0,FALSE,1,2,44,33,NA,2024-03-20,2024-03-08
DAL,20232024,2023-12-29,2,TRUE,5,4,46,34,NA,2024-03-20,2024-03-08
DAL,20232024,2023-12-31,2,TRUE,8,1,48,35,NA,2024-03-20,2024-03-08
DAL,20232024,2024-01-02,0,TRUE,3,4,48,36,NA,2024-03-20,2024-03-08
DAL,20232024,2024-01-04,1,TRUE,4,5,49,37,NA,2024-03-20,2024-03-08
DAL,20232024,2024-01-06,0,TRUE,3,4,49,38,NA,2024-03-20,2024-03-08
DAL,20232024,2024-01-08,2,FALSE,4,0,51,39,NA,2024-03-20,2024-03-08
DAL,20232024,2024-01-10,2,TRUE,7,2,53,40,NA,2024-03-20,2024-03-08
DAL,20232024,2024-01-12,0,TRUE,3,6,53,41,NA,2024-03-20,2024-03-08
DAL,20232024,2024-01-13,2,FALSE,3,1,55,42,NA,2024-03-20,2024-03-08
DAL,20232024,2024-01-16,2,TRUE,5,1,57,43,NA,2024-03-20,2024-03-08
DAL,20232024,2024-01-18,0,FALSE,1,5,57,44,NA,2024-03-20,2024-03-08
DAL,20232024,2024-01-20,2,FALSE,6,2,59,45,NA,2024-03-20,2024-03-08
DAL,20232024,2024-01-21,1,FALSE,2,3,60,46,NA,2024-03-20,2024-03-08
DAL,20232024,2024-01-23,2,FALSE,5,4,62,47,NA,2024-03-20,2024-03-08
DAL,20232024,2024-01-25,2,TRUE,4,3,64,48,NA,2024-03-20,2024-03-08
DAL,20232024,2024-01-27,2,TRUE,5,4,66,49,NA,2024-03-20,2024-03-08
DAL,20232024,2024-02-06,2,FALSE,2,1,68,50,NA,2024-03-20,2024-03-08
DAL,20232024,2024-02-07,0,FALSE,4,5,68,51,NA,2024-03-20,2024-03-08
DAL,20232024,2024-02-10,2,FALSE,3,2,70,52,NA,2024-03-20,2024-03-08
DAL,20232024,2024-02-13,2,TRUE,4,2,72,53,NA,2024-03-20,2024-03-08
DAL,20232024,2024-02-15,2,FALSE,9,2,74,54,NA,2024-03-20,2024-03-08
DAL,20232024,2024-02-17,1,TRUE,3,4,75,55,NA,2024-03-20,2024-03-08
DAL,20232024,2024-02-19,1,FALSE,3,4,76,56,NA,2024-03-20,2024-03-08
DAL,20232024,2024-02-20,0,FALSE,1,3,76,57,NA,2024-03-20,2024-03-08
DAL,20232024,2024-02-22,0,FALSE,1,4,76,58,NA,2024-03-20,2024-03-08
DAL,20232024,2024-02-24,2,FALSE,2,1,78,59,NA,2024-03-20,2024-03-08
DAL,20232024,2024-02-26,1,TRUE,2,3,79,60,NA,2024-03-20,2024-03-08
DAL,20232024,2024-02-27,0,FALSE,1,5,79,61,NA,2024-03-20,2024-03-08
DAL,20232024,2024-02-29,2,TRUE,4,1,81,62,NA,2024-03-20,2024-03-08
DAL,20232024,2024-03-02,2,TRUE,3,2,83,63,NA,2024-03-20,2024-03-08
DAL,20232024,2024-03-05,2,FALSE,7,6,85,64,NA,2024-03-20,2024-03-08
DAL,20232024,2024-03-08,2,FALSE,6,2,87,65,NA,2024-03-20,2024-03-08
DAL,20232024,2024-03-09,2,FALSE,4,1,89,66,NA,2024-03-20,2024-03-08
DAL,20232024,2024-03-12,0,TRUE,3,4,89,67,NA,2024-03-20,2024-03-08
DAL,20232024,2024-03-14,0,TRUE,2,6,89,68,NA,2024-03-20,2024-03-08
DAL,20232024,2024-03-16,2,TRUE,4,1,91,69,NA,2024-03-20,2024-03-08
DAL,20232024,2024-03-20,2,TRUE,5,2,93,70,NA,2024-03-20,2024-03-08
DAL,20232024,2024-03-22,2,TRUE,4,2,95,71,NA,2024-03-20,2024-03-08
DAL,20232024,2024-03-24,2,FALSE,4,2,97,72,NA,2024-03-20,2024-03-08
DAL,20232024,2024-03-26,2,FALSE,6,3,99,73,NA,2024-03-20,2024-03-08
DAL,20232024,2024-03-28,2,FALSE,3,1,101,74,NA,2024-03-20,2024-03-08
DAL,20232024,2024-03-30,2,FALSE,3,0,103,75,NA,2024-03-20,2024-03-08
DAL,20232024,2024-04-03,2,TRUE,5,0,105,76,NA,2024-03-20,2024-03-08
DAL,20232024,2024-04-06,0,FALSE,2,3,105,77,NA,2024-03-20,2024-03-08
DAL,20232024,2024-04-07,2,FALSE,7,4,107,78,NA,2024-03-20,2024-03-08
DAL,20232024,2024-04-09,2,TRUE,3,2,109,79,NA,2024-03-20,2024-03-08
DAL,20232024,2024-04-11,0,TRUE,0,3,109,80,NA,2024-03-20,2024-03-08
DAL,20232024,2024-04-13,2,TRUE,3,1,111,81,NA,2024-03-20,2024-03-08
DAL,20232024,2024-04-17,2,TRUE,2,1,113,82,NA,2024-03-20,2024-03-08
DET,20212022,2021-10-14,1,TRUE,6,7,1,1,2022-03-24,NA,2022-03-21
DET,20212022,2021-10-16,2,TRUE,3,1,3,2,2022-03-24,NA,2022-03-21
DET,20212022,2021-10-19,2,TRUE,4,1,5,3,2022-03-24,NA,2022-03-21
DET,20212022,2021-10-21,0,TRUE,0,3,5,4,2022-03-24,NA,2022-03-21
DET,20212022,2021-10-23,0,FALSE,1,6,5,5,2022-03-24,NA,2022-03-21
DET,20212022,2021-10-24,2,FALSE,6,3,7,6,2022-03-24,NA,2022-03-21
DET,20212022,2021-10-27,2,FALSE,3,2,9,7,2022-03-24,NA,2022-03-21
DET,20212022,2021-10-29,1,TRUE,2,3,10,8,2022-03-24,NA,2022-03-21
DET,20212022,2021-10-30,0,FALSE,4,5,10,9,2022-03-24,NA,2022-03-21
DET,20212022,2021-11-02,0,FALSE,0,3,10,10,2022-03-24,NA,2022-03-21
DET,20212022,2021-11-04,0,FALSE,1,5,10,11,2022-03-24,NA,2022-03-21
DET,20212022,2021-11-06,2,FALSE,4,3,12,12,2022-03-24,NA,2022-03-21
DET,20212022,2021-11-07,2,TRUE,5,2,14,13,2022-03-24,NA,2022-03-21
DET,20212022,2021-11-09,2,TRUE,4,2,16,14,2022-03-24,NA,2022-03-21
DET,20212022,2021-11-11,0,TRUE,0,2,16,15,2022-03-24,NA,2022-03-21
DET,20212022,2021-11-13,2,TRUE,3,2,18,16,2022-03-24,NA,2022-03-21
DET,20212022,2021-11-15,0,FALSE,3,5,18,17,2022-03-24,NA,2022-03-21
DET,20212022,2021-11-16,0,FALSE,2,5,18,18,2022-03-24,NA,2022-03-21
DET,20212022,2021-11-18,0,FALSE,2,5,18,19,2022-03-24,NA,2022-03-21
DET,20212022,2021-11-20,1,FALSE,1,2,19,20,2022-03-24,NA,2022-03-21
DET,20212022,2021-11-24,2,TRUE,4,2,21,21,2022-03-24,NA,2022-03-21
DET,20212022,2021-11-27,2,TRUE,3,2,23,22,2022-03-24,NA,2022-03-21
DET,20212022,2021-11-30,2,FALSE,2,1,25,23,2022-03-24,NA,2022-03-21
DET,20212022,2021-12-01,2,TRUE,4,3,27,24,2022-03-24,NA,2022-03-21
DET,20212022,2021-12-04,2,TRUE,4,3,29,25,2022-03-24,NA,2022-03-21
DET,20212022,2021-12-07,0,TRUE,2,5,29,26,2022-03-24,NA,2022-03-21
DET,20212022,2021-12-09,0,FALSE,2,6,29,27,2022-03-24,NA,2022-03-21
DET,20212022,2021-12-10,0,FALSE,3,7,29,28,2022-03-24,NA,2022-03-21
DET,20212022,2021-12-14,2,TRUE,2,1,31,29,2022-03-24,NA,2022-03-21
DET,20212022,2021-12-16,0,FALSE,3,5,31,30,2022-03-24,NA,2022-03-21
DET,20212022,2021-12-18,2,TRUE,5,2,33,31,2022-03-24,NA,2022-03-21
DET,20212022,2021-12-31,0,TRUE,1,3,33,32,2022-03-24,NA,2022-03-21
DET,20212022,2022-01-02,0,TRUE,1,5,33,33,2022-03-24,NA,2022-03-21
DET,20212022,2022-01-04,2,TRUE,6,2,35,34,2022-03-24,NA,2022-03-21
DET,20212022,2022-01-08,0,FALSE,0,4,35,35,2022-03-24,NA,2022-03-21
DET,20212022,2022-01-09,1,FALSE,3,4,36,36,2022-03-24,NA,2022-03-21
DET,20212022,2022-01-11,1,FALSE,2,3,37,37,2022-03-24,NA,2022-03-21
DET,20212022,2022-01-13,0,TRUE,0,3,37,38,2022-03-24,NA,2022-03-21
DET,20212022,2022-01-15,2,TRUE,4,0,39,39,2022-03-24,NA,2022-03-21
DET,20212022,2022-01-17,2,FALSE,3,2,41,40,2022-03-24,NA,2022-03-21
DET,20212022,2022-01-21,1,TRUE,4,5,42,41,2022-03-24,NA,2022-03-21
DET,20212022,2022-01-22,0,FALSE,1,4,42,42,2022-03-24,NA,2022-03-21
DET,20212022,2022-01-26,0,TRUE,5,8,42,43,2022-03-24,NA,2022-03-21
DET,20212022,2022-01-28,2,FALSE,3,2,44,44,2022-03-24,NA,2022-03-21
DET,20212022,2022-01-29,0,TRUE,4,7,44,45,2022-03-24,NA,2022-03-21
DET,20212022,2022-01-31,2,TRUE,2,1,46,46,2022-03-24,NA,2022-03-21
DET,20212022,2022-02-02,0,TRUE,3,5,46,47,2022-03-24,NA,2022-03-21
DET,20212022,2022-02-09,2,FALSE,6,3,48,48,2022-03-24,NA,2022-03-21
DET,20212022,2022-02-12,2,TRUE,4,2,50,49,2022-03-24,NA,2022-03-21
DET,20212022,2022-02-14,0,FALSE,4,7,50,50,2022-03-24,NA,2022-03-21
DET,20212022,2022-02-17,2,FALSE,3,2,52,51,2022-03-24,NA,2022-03-21
DET,20212022,2022-02-23,0,TRUE,2,5,52,52,2022-03-24,NA,2022-03-21
DET,20212022,2022-02-26,0,TRUE,7,10,52,53,2022-03-24,NA,2022-03-21
DET,20212022,2022-03-01,2,TRUE,4,3,54,54,2022-03-24,NA,2022-03-21
DET,20212022,2022-03-04,0,FALSE,1,3,54,55,2022-03-24,NA,2022-03-21
DET,20212022,2022-03-05,0,FALSE,2,6,54,56,2022-03-24,NA,2022-03-21
DET,20212022,2022-03-08,0,TRUE,2,9,54,57,2022-03-24,NA,2022-03-21
DET,20212022,2022-03-10,1,TRUE,5,6,55,58,2022-03-24,NA,2022-03-21
DET,20212022,2022-03-12,0,FALSE,0,3,55,59,2022-03-24,NA,2022-03-21
DET,20212022,2022-03-15,0,FALSE,5,7,55,60,2022-03-24,NA,2022-03-21
DET,20212022,2022-03-17,2,FALSE,1,0,57,61,2022-03-24,NA,2022-03-21
DET,20212022,2022-03-19,0,FALSE,2,4,57,62,2022-03-24,NA,2022-03-21
DET,20212022,2022-03-22,2,TRUE,6,3,59,63,2022-03-24,NA,2022-03-21
DET,20212022,2022-03-24,0,FALSE,2,5,59,64,2022-03-24,NA,2022-03-21
DET,20212022,2022-03-26,1,TRUE,1,2,60,65,2022-03-24,NA,2022-03-21
DET,20212022,2022-03-27,0,FALSE,2,11,60,66,2022-03-24,NA,2022-03-21
DET,20212022,2022-03-30,1,TRUE,4,5,61,67,2022-03-24,NA,2022-03-21
DET,20212022,2022-04-01,0,TRUE,2,5,61,68,2022-03-24,NA,2022-03-21
DET,20212022,2022-04-03,0,FALSE,2,5,61,69,2022-03-24,NA,2022-03-21
DET,20212022,2022-04-05,2,TRUE,5,3,63,70,2022-03-24,NA,2022-03-21
DET,20212022,2022-04-06,2,FALSE,3,1,65,71,2022-03-24,NA,2022-03-21
DET,20212022,2022-04-09,1,TRUE,4,5,66,72,2022-03-24,NA,2022-03-21
DET,20212022,2022-04-12,0,TRUE,1,4,66,73,2022-03-24,NA,2022-03-21
DET,20212022,2022-04-14,2,FALSE,3,0,68,74,2022-03-24,NA,2022-03-21
DET,20212022,2022-04-16,0,FALSE,0,4,68,75,2022-03-24,NA,2022-03-21
DET,20212022,2022-04-17,0,TRUE,1,6,68,76,2022-03-24,NA,2022-03-21
DET,20212022,2022-04-19,2,FALSE,4,3,70,77,2022-03-24,NA,2022-03-21
DET,20212022,2022-04-21,0,FALSE,2,5,70,78,2022-03-24,NA,2022-03-21
DET,20212022,2022-04-23,0,TRUE,2,7,70,79,2022-03-24,NA,2022-03-21
DET,20212022,2022-04-24,2,FALSE,3,0,72,80,2022-03-24,NA,2022-03-21
DET,20212022,2022-04-26,0,FALSE,0,3,72,81,2022-03-24,NA,2022-03-21
DET,20212022,2022-04-29,2,FALSE,5,3,74,82,2022-03-24,NA,2022-03-21
DET,20222023,2022-10-14,2,TRUE,3,0,2,1,2023-03-25,NA,2023-03-03
DET,20222023,2022-10-15,2,FALSE,5,2,4,2,2023-03-25,NA,2023-03-03
DET,20222023,2022-10-17,1,TRUE,4,5,5,3,2023-03-25,NA,2023-03-03
DET,20222023,2022-10-21,1,FALSE,3,4,6,4,2023-03-25,NA,2023-03-03
DET,20222023,2022-10-23,2,TRUE,5,1,8,5,2023-03-25,NA,2023-03-03
DET,20222023,2022-10-25,0,TRUE,2,6,8,6,2023-03-25,NA,2023-03-03
DET,20222023,2022-10-27,0,FALSE,1,5,8,7,2023-03-25,NA,2023-03-03
DET,20222023,2022-10-29,2,TRUE,2,1,10,8,2023-03-25,NA,2023-03-03
DET,20222023,2022-10-31,0,FALSE,3,8,10,9,2023-03-25,NA,2023-03-03
DET,20222023,2022-11-03,2,TRUE,3,1,12,10,2023-03-25,NA,2023-03-03
DET,20222023,2022-11-05,2,TRUE,3,0,14,11,2023-03-25,NA,2023-03-03
DET,20222023,2022-11-06,2,FALSE,3,2,16,12,2023-03-25,NA,2023-03-03
DET,20222023,2022-11-08,1,TRUE,2,3,17,13,2023-03-25,NA,2023-03-03
DET,20222023,2022-11-10,0,TRUE,2,8,17,14,2023-03-25,NA,2023-03-03
DET,20222023,2022-11-12,0,FALSE,3,4,17,15,2023-03-25,NA,2023-03-03
DET,20222023,2022-11-15,1,FALSE,2,3,18,16,2023-03-25,NA,2023-03-03
DET,20222023,2022-11-17,2,FALSE,7,4,20,17,2023-03-25,NA,2023-03-03
DET,20222023,2022-11-19,2,FALSE,6,1,22,18,2023-03-25,NA,2023-03-03
DET,20222023,2022-11-23,2,TRUE,3,0,24,19,2023-03-25,NA,2023-03-03
DET,20222023,2022-11-25,2,TRUE,4,3,26,20,2023-03-25,NA,2023-03-03
DET,20222023,2022-11-28,0,TRUE,2,4,26,21,2023-03-25,NA,2023-03-03
DET,20222023,2022-11-30,1,TRUE,4,5,27,22,2023-03-25,NA,2023-03-03
DET,20222023,2022-12-03,0,TRUE,1,4,27,23,2023-03-25,NA,2023-03-03
DET,20222023,2022-12-04,2,FALSE,4,2,29,24,2023-03-25,NA,2023-03-03
DET,20222023,2022-12-06,2,FALSE,4,2,31,25,2023-03-25,NA,2023-03-03
DET,20222023,2022-12-08,0,FALSE,1,5,31,26,2023-03-25,NA,2023-03-03
DET,20222023,2022-12-10,1,FALSE,2,3,32,27,2023-03-25,NA,2023-03-03
DET,20222023,2022-12-13,0,TRUE,0,1,32,28,2023-03-25,NA,2023-03-03
DET,20222023,2022-12-14,0,FALSE,1,4,32,29,2023-03-25,NA,2023-03-03
DET,20222023,2022-12-17,0,TRUE,3,6,32,30,2023-03-25,NA,2023-03-03
DET,20222023,2022-12-19,1,FALSE,3,4,33,31,2023-03-25,NA,2023-03-03
DET,20222023,2022-12-21,2,TRUE,7,4,35,32,2023-03-25,NA,2023-03-03
DET,20222023,2022-12-28,2,FALSE,5,4,37,33,2023-03-25,NA,2023-03-03
DET,20222023,2022-12-29,0,FALSE,3,6,37,34,2023-03-25,NA,2023-03-03
DET,20222023,2022-12-31,2,TRUE,4,2,39,35,2023-03-25,NA,2023-03-03
DET,20222023,2023-01-04,0,TRUE,1,5,39,36,2023-03-25,NA,2023-03-03
DET,20222023,2023-01-06,0,TRUE,2,3,39,37,2023-03-25,NA,2023-03-03
DET,20222023,2023-01-07,0,FALSE,1,4,39,38,2023-03-25,NA,2023-03-03
DET,20222023,2023-01-10,2,TRUE,7,5,41,39,2023-03-25,NA,2023-03-03
DET,20222023,2023-01-12,2,TRUE,4,1,43,40,2023-03-25,NA,2023-03-03
DET,20222023,2023-01-14,0,TRUE,3,4,43,41,2023-03-25,NA,2023-03-03
DET,20222023,2023-01-16,0,FALSE,3,6,43,42,2023-03-25,NA,2023-03-03
DET,20222023,2023-01-17,1,FALSE,3,4,44,43,2023-03-25,NA,2023-03-03
DET,20222023,2023-01-19,2,FALSE,3,2,46,44,2023-03-25,NA,2023-03-03
DET,20222023,2023-01-21,0,TRUE,1,2,46,45,2023-03-25,NA,2023-03-03
DET,20222023,2023-01-24,2,TRUE,3,2,48,46,2023-03-25,NA,2023-03-03
DET,20222023,2023-01-26,2,FALSE,4,3,50,47,2023-03-25,NA,2023-03-03
DET,20222023,2023-01-27,0,FALSE,0,2,50,48,2023-03-25,NA,2023-03-03
DET,20222023,2023-02-07,0,TRUE,2,5,50,49,2023-03-25,NA,2023-03-03
DET,20222023,2023-02-09,2,TRUE,2,1,52,50,2023-03-25,NA,2023-03-03
DET,20222023,2023-02-11,2,TRUE,5,2,54,51,2023-03-25,NA,2023-03-03
DET,20222023,2023-02-13,2,FALSE,6,1,56,52,2023-03-25,NA,2023-03-03
DET,20222023,2023-02-15,2,FALSE,5,4,58,53,2023-03-25,NA,2023-03-03
DET,20222023,2023-02-16,2,FALSE,5,2,60,54,2023-03-25,NA,2023-03-03
DET,20222023,2023-02-18,0,FALSE,2,4,60,55,2023-03-25,NA,2023-03-03
DET,20222023,2023-02-21,2,FALSE,3,1,62,56,2023-03-25,NA,2023-03-03
DET,20222023,2023-02-23,2,TRUE,4,1,64,57,2023-03-25,NA,2023-03-03
DET,20222023,2023-02-25,0,TRUE,0,3,64,58,2023-03-25,NA,2023-03-03
DET,20222023,2023-02-27,0,FALSE,2,6,64,59,2023-03-25,NA,2023-03-03
DET,20222023,2023-02-28,0,FALSE,1,6,64,60,2023-03-25,NA,2023-03-03
DET,20222023,2023-03-02,1,TRUE,4,5,65,61,2023-03-25,NA,2023-03-03
DET,20222023,2023-03-04,0,FALSE,1,4,65,62,2023-03-25,NA,2023-03-03
DET,20222023,2023-03-05,0,FALSE,1,3,65,63,2023-03-25,NA,2023-03-03
DET,20222023,2023-03-08,2,TRUE,4,3,67,64,2023-03-25,NA,2023-03-03
DET,20222023,2023-03-11,0,FALSE,2,3,67,65,2023-03-25,NA,2023-03-03
DET,20222023,2023-03-12,2,TRUE,5,3,69,66,2023-03-25,NA,2023-03-03
DET,20222023,2023-03-14,0,FALSE,1,2,69,67,2023-03-25,NA,2023-03-03
DET,20222023,2023-03-18,0,TRUE,1,5,69,68,2023-03-25,NA,2023-03-03
DET,20222023,2023-03-20,0,TRUE,2,5,69,69,2023-03-25,NA,2023-03-03
DET,20222023,2023-03-21,2,FALSE,3,2,71,70,2023-03-25,NA,2023-03-03
DET,20222023,2023-03-23,0,TRUE,3,4,71,71,2023-03-25,NA,2023-03-03
DET,20222023,2023-03-25,0,FALSE,0,3,71,72,2023-03-25,NA,2023-03-03
DET,20222023,2023-03-28,2,TRUE,7,4,73,73,2023-03-25,NA,2023-03-03
DET,20222023,2023-03-30,2,TRUE,3,2,75,74,2023-03-25,NA,2023-03-03
DET,20222023,2023-03-31,0,FALSE,2,6,75,75,2023-03-25,NA,2023-03-03
DET,20222023,2023-04-02,2,FALSE,5,2,77,76,2023-03-25,NA,2023-03-03
DET,20222023,2023-04-04,2,FALSE,5,0,79,77,2023-03-25,NA,2023-03-03
DET,20222023,2023-04-06,1,TRUE,6,7,80,78,2023-03-25,NA,2023-03-03
DET,20222023,2023-04-08,0,TRUE,1,5,80,79,2023-03-25,NA,2023-03-03
DET,20222023,2023-04-10,0,TRUE,1,6,80,80,2023-03-25,NA,2023-03-03
DET,20222023,2023-04-11,0,FALSE,1,4,80,81,2023-03-25,NA,2023-03-03
DET,20222023,2023-04-13,0,FALSE,0,5,80,82,2023-03-25,NA,2023-03-03
DET,20232024,2023-10-12,0,FALSE,3,4,0,1,2024-04-11,NA,2024-03-08
DET,20232024,2023-10-14,2,TRUE,6,4,2,2,2024-04-11,NA,2024-03-08
DET,20232024,2023-10-16,2,FALSE,4,0,4,3,2024-04-11,NA,2024-03-08
DET,20232024,2023-10-18,2,TRUE,6,3,6,4,2024-04-11,NA,2024-03-08
DET,20232024,2023-10-21,2,FALSE,5,2,8,5,2024-04-11,NA,2024-03-08
DET,20232024,2023-10-22,2,TRUE,6,2,10,6,2024-04-11,NA,2024-03-08
DET,20232024,2023-10-24,1,TRUE,4,5,11,7,2024-04-11,NA,2024-03-08
DET,20232024,2023-10-26,0,TRUE,1,4,11,8,2024-04-11,NA,2024-03-08
DET,20232024,2023-10-28,0,FALSE,1,4,11,9,2024-04-11,NA,2024-03-08
DET,20232024,2023-10-30,2,FALSE,4,3,13,10,2024-04-11,NA,2024-03-08
DET,20232024,2023-11-02,0,TRUE,0,2,13,11,2024-04-11,NA,2024-03-08
DET,20232024,2023-11-04,2,TRUE,5,4,15,12,2024-04-11,NA,2024-03-08
DET,20232024,2023-11-07,0,FALSE,3,5,15,13,2024-04-11,NA,2024-03-08
DET,20232024,2023-11-09,1,TRUE,2,3,16,14,2024-04-11,NA,2024-03-08
DET,20232024,2023-11-11,2,TRUE,5,4,18,15,2024-04-11,NA,2024-03-08
DET,20232024,2023-11-16,1,FALSE,4,5,19,16,2024-04-11,NA,2024-03-08
DET,20232024,2023-11-17,0,TRUE,2,3,19,17,2024-04-11,NA,2024-03-08
DET,20232024,2023-11-22,2,TRUE,4,0,21,18,2024-04-11,NA,2024-03-08
DET,20232024,2023-11-24,2,FALSE,5,2,23,19,2024-04-11,NA,2024-03-08
DET,20232024,2023-11-26,2,TRUE,4,1,25,20,2024-04-11,NA,2024-03-08
DET,20232024,2023-11-29,0,FALSE,2,3,25,21,2024-04-11,NA,2024-03-08
DET,20232024,2023-11-30,2,TRUE,5,1,27,22,2024-04-11,NA,2024-03-08
DET,20232024,2023-12-02,2,FALSE,5,4,29,23,2024-04-11,NA,2024-03-08
DET,20232024,2023-12-05,2,FALSE,5,3,31,24,2024-04-11,NA,2024-03-08
DET,20232024,2023-12-07,1,TRUE,5,6,32,25,2024-04-11,NA,2024-03-08
DET,20232024,2023-12-09,0,TRUE,1,5,32,26,2024-04-11,NA,2024-03-08
DET,20232024,2023-12-11,0,FALSE,3,6,32,27,2024-04-11,NA,2024-03-08
DET,20232024,2023-12-12,2,FALSE,6,4,34,28,2024-04-11,NA,2024-03-08
DET,20232024,2023-12-14,0,TRUE,1,2,34,29,2024-04-11,NA,2024-03-08
DET,20232024,2023-12-16,0,FALSE,0,1,34,30,2024-04-11,NA,2024-03-08
DET,20232024,2023-12-18,0,TRUE,3,4,34,31,2024-04-11,NA,2024-03-08
DET,20232024,2023-12-20,0,FALSE,2,5,34,32,2024-04-11,NA,2024-03-08
DET,20232024,2023-12-22,2,TRUE,7,6,36,33,2024-04-11,NA,2024-03-08
DET,20232024,2023-12-23,0,FALSE,2,3,36,34,2024-04-11,NA,2024-03-08
DET,20232024,2023-12-27,0,FALSE,3,6,36,35,2024-04-11,NA,2024-03-08
DET,20232024,2023-12-29,2,TRUE,5,4,38,36,2024-04-11,NA,2024-03-08
DET,20232024,2023-12-31,0,TRUE,3,5,38,37,2024-04-11,NA,2024-03-08
DET,20232024,2024-01-02,2,FALSE,5,3,40,38,2024-04-11,NA,2024-03-08
DET,20232024,2024-01-04,2,FALSE,4,3,42,39,2024-04-11,NA,2024-03-08
DET,20232024,2024-01-07,2,FALSE,3,2,44,40,2024-04-11,NA,2024-03-08
DET,20232024,2024-01-11,1,TRUE,2,3,45,41,2024-04-11,NA,2024-03-08
DET,20232024,2024-01-13,2,TRUE,5,3,47,42,2024-04-11,NA,2024-03-08
DET,20232024,2024-01-14,2,FALSE,4,2,49,43,2024-04-11,NA,2024-03-08
DET,20232024,2024-01-17,2,FALSE,3,2,51,44,2024-04-11,NA,2024-03-08
DET,20232024,2024-01-19,0,FALSE,2,4,51,45,2024-04-11,NA,2024-03-08
DET,20232024,2024-01-21,2,TRUE,2,1,53,46,2024-04-11,NA,2024-03-08
DET,20232024,2024-01-23,0,TRUE,4,5,53,47,2024-04-11,NA,2024-03-08
DET,20232024,2024-01-25,2,TRUE,3,0,55,48,2024-04-11,NA,2024-03-08
DET,20232024,2024-01-27,2,TRUE,5,2,57,49,2024-04-11,NA,2024-03-08
DET,20232024,2024-01-31,1,TRUE,2,3,58,50,2024-04-11,NA,2024-03-08
DET,20232024,2024-02-10,2,TRUE,4,3,60,51,2024-04-11,NA,2024-03-08
DET,20232024,2024-02-13,0,FALSE,4,8,60,52,2024-04-11,NA,2024-03-08
DET,20232024,2024-02-15,0,FALSE,1,4,60,53,2024-04-11,NA,2024-03-08
DET,20232024,2024-02-17,2,FALSE,5,0,62,54,2024-04-11,NA,2024-03-08
DET,20232024,2024-02-19,2,FALSE,4,3,64,55,2024-04-11,NA,2024-03-08
DET,20232024,2024-02-22,2,TRUE,2,1,66,56,2024-04-11,NA,2024-03-08
DET,20232024,2024-02-24,2,TRUE,6,1,68,57,2024-04-11,NA,2024-03-08
DET,20232024,2024-02-25,2,FALSE,3,2,70,58,2024-04-11,NA,2024-03-08
DET,20232024,2024-02-27,2,TRUE,8,3,72,59,2024-04-11,NA,2024-03-08
DET,20232024,2024-02-29,0,TRUE,3,5,72,60,2024-04-11,NA,2024-03-08
DET,20232024,2024-03-02,0,TRUE,0,4,72,61,2024-04-11,NA,2024-03-08
DET,20232024,2024-03-06,0,FALSE,2,7,72,62,2024-04-11,NA,2024-03-08
DET,20232024,2024-03-08,0,FALSE,0,4,72,63,2024-04-11,NA,2024-03-08
DET,20232024,2024-03-09,0,FALSE,3,5,72,64,2024-04-11,NA,2024-03-08
DET,20232024,2024-03-12,0,FALSE,3,7,72,65,2024-04-11,NA,2024-03-08
DET,20232024,2024-03-14,0,TRUE,1,4,72,66,2024-04-11,NA,2024-03-08
DET,20232024,2024-03-16,2,TRUE,4,1,74,67,2024-04-11,NA,2024-03-08
DET,20232024,2024-03-17,0,FALSE,3,6,74,68,2024-04-11,NA,2024-03-08
DET,20232024,2024-03-19,2,TRUE,4,3,76,69,2024-04-11,NA,2024-03-08
DET,20232024,2024-03-21,2,TRUE,6,3,78,70,2024-04-11,NA,2024-03-08
DET,20232024,2024-03-23,0,FALSE,0,1,78,71,2024-04-11,NA,2024-03-08
DET,20232024,2024-03-26,1,FALSE,3,4,79,72,2024-04-11,NA,2024-03-08
DET,20232024,2024-03-28,0,FALSE,0,4,79,73,2024-04-11,NA,2024-03-08
DET,20232024,2024-03-30,1,FALSE,2,3,80,74,2024-04-11,NA,2024-03-08
DET,20232024,2024-04-01,2,FALSE,4,2,82,75,2024-04-11,NA,2024-03-08
DET,20232024,2024-04-05,0,TRUE,3,4,82,76,2024-04-11,NA,2024-03-08
DET,20232024,2024-04-07,2,TRUE,3,1,84,77,2024-04-11,NA,2024-03-08
DET,20232024,2024-04-09,0,TRUE,1,2,84,78,2024-04-11,NA,2024-03-08
DET,20232024,2024-04-11,1,FALSE,5,6,85,79,2024-04-11,NA,2024-03-08
DET,20232024,2024-04-13,2,FALSE,5,4,87,80,2024-04-11,NA,2024-03-08
DET,20232024,2024-04-15,2,TRUE,5,4,89,81,2024-04-11,NA,2024-03-08
DET,20232024,2024-04-16,2,FALSE,5,4,91,82,2024-04-11,NA,2024-03-08
EDM,20212022,2021-10-13,2,TRUE,3,2,2,1,NA,2022-04-20,2022-03-21
EDM,20212022,2021-10-16,2,TRUE,5,2,4,2,NA,2022-04-20,2022-03-21
EDM,20212022,2021-10-19,2,TRUE,6,5,6,3,NA,2022-04-20,2022-03-21
EDM,20212022,2021-10-21,2,FALSE,5,1,8,4,NA,2022-04-20,2022-03-21
EDM,20212022,2021-10-22,2,FALSE,5,3,10,5,NA,2022-04-20,2022-03-21
EDM,20212022,2021-10-27,0,TRUE,3,5,10,6,NA,2022-04-20,2022-03-21
EDM,20212022,2021-10-30,2,FALSE,2,1,12,7,NA,2022-04-20,2022-03-21
EDM,20212022,2021-11-01,2,TRUE,5,2,14,8,NA,2022-04-20,2022-03-21
EDM,20212022,2021-11-03,2,TRUE,5,2,16,9,NA,2022-04-20,2022-03-21
EDM,20212022,2021-11-05,2,TRUE,6,5,18,10,NA,2022-04-20,2022-03-21
EDM,20212022,2021-11-09,0,FALSE,2,4,18,11,NA,2022-04-20,2022-03-21
EDM,20212022,2021-11-11,2,FALSE,5,3,20,12,NA,2022-04-20,2022-03-21
EDM,20212022,2021-11-12,0,FALSE,2,3,20,13,NA,2022-04-20,2022-03-21
EDM,20212022,2021-11-14,2,FALSE,5,4,22,14,NA,2022-04-20,2022-03-21
EDM,20212022,2021-11-16,0,FALSE,2,5,22,15,NA,2022-04-20,2022-03-21
EDM,20212022,2021-11-18,2,TRUE,2,1,24,16,NA,2022-04-20,2022-03-21
EDM,20212022,2021-11-20,2,TRUE,5,2,26,17,NA,2022-04-20,2022-03-21
EDM,20212022,2021-11-23,0,FALSE,1,4,26,18,NA,2022-04-20,2022-03-21
EDM,20212022,2021-11-24,2,FALSE,5,3,28,19,NA,2022-04-20,2022-03-21
EDM,20212022,2021-11-27,2,FALSE,3,2,30,20,NA,2022-04-20,2022-03-21
EDM,20212022,2021-12-01,2,TRUE,5,2,32,21,NA,2022-04-20,2022-03-21
EDM,20212022,2021-12-03,0,FALSE,3,4,32,22,NA,2022-04-20,2022-03-21
EDM,20212022,2021-12-05,0,TRUE,1,5,32,23,NA,2022-04-20,2022-03-21
EDM,20212022,2021-12-07,0,TRUE,1,4,32,24,NA,2022-04-20,2022-03-21
EDM,20212022,2021-12-09,0,TRUE,2,3,32,25,NA,2022-04-20,2022-03-21
EDM,20212022,2021-12-11,0,TRUE,1,3,32,26,NA,2022-04-20,2022-03-21
EDM,20212022,2021-12-14,0,TRUE,1,5,32,27,NA,2022-04-20,2022-03-21
EDM,20212022,2021-12-16,2,TRUE,5,2,34,28,NA,2022-04-20,2022-03-21
EDM,20212022,2021-12-18,2,FALSE,5,3,36,29,NA,2022-04-20,2022-03-21
EDM,20212022,2021-12-29,0,FALSE,2,4,36,30,NA,2022-04-20,2022-03-21
EDM,20212022,2021-12-31,1,FALSE,5,6,37,31,NA,2022-04-20,2022-03-21
EDM,20212022,2022-01-01,1,FALSE,2,3,38,32,NA,2022-04-20,2022-03-21
EDM,20212022,2022-01-03,0,FALSE,1,4,38,33,NA,2022-04-20,2022-03-21
EDM,20212022,2022-01-05,0,FALSE,2,4,38,34,NA,2022-04-20,2022-03-21
EDM,20212022,2022-01-15,0,TRUE,4,6,38,35,NA,2022-04-20,2022-03-21
EDM,20212022,2022-01-20,0,TRUE,0,6,38,36,NA,2022-04-20,2022-03-21
EDM,20212022,2022-01-22,2,TRUE,5,3,40,37,NA,2022-04-20,2022-03-21
EDM,20212022,2022-01-25,2,FALSE,3,2,42,38,NA,2022-04-20,2022-03-21
EDM,20212022,2022-01-27,2,TRUE,3,2,44,39,NA,2022-04-20,2022-03-21
EDM,20212022,2022-01-29,2,FALSE,7,2,46,40,NA,2022-04-20,2022-03-21
EDM,20212022,2022-01-31,1,FALSE,2,3,47,41,NA,2022-04-20,2022-03-21
EDM,20212022,2022-02-02,2,FALSE,5,3,49,42,NA,2022-04-20,2022-03-21
EDM,20212022,2022-02-08,0,TRUE,0,4,49,43,NA,2022-04-20,2022-03-21
EDM,20212022,2022-02-09,0,TRUE,1,4,49,44,NA,2022-04-20,2022-03-21
EDM,20212022,2022-02-11,2,TRUE,3,1,51,45,NA,2022-04-20,2022-03-21
EDM,20212022,2022-02-14,2,FALSE,3,0,53,46,NA,2022-04-20,2022-03-21
EDM,20212022,2022-02-15,2,FALSE,5,2,55,47,NA,2022-04-20,2022-03-21
EDM,20212022,2022-02-17,2,TRUE,7,3,57,48,NA,2022-04-20,2022-03-21
EDM,20212022,2022-02-19,2,FALSE,4,2,59,49,NA,2022-04-20,2022-03-21
EDM,20212022,2022-02-20,0,TRUE,3,7,59,50,NA,2022-04-20,2022-03-21
EDM,20212022,2022-02-23,0,FALSE,3,5,59,51,NA,2022-04-20,2022-03-21
EDM,20212022,2022-02-26,2,FALSE,4,3,61,52,NA,2022-04-20,2022-03-21
EDM,20212022,2022-02-27,0,FALSE,1,2,61,53,NA,2022-04-20,2022-03-21
EDM,20212022,2022-03-01,2,FALSE,3,0,63,54,NA,2022-04-20,2022-03-21
EDM,20212022,2022-03-03,1,FALSE,3,4,64,55,NA,2022-04-20,2022-03-21
EDM,20212022,2022-03-05,0,TRUE,2,5,64,56,NA,2022-04-20,2022-03-21
EDM,20212022,2022-03-07,0,FALSE,1,3,64,57,NA,2022-04-20,2022-03-21
EDM,20212022,2022-03-09,2,TRUE,4,3,66,58,NA,2022-04-20,2022-03-21
EDM,20212022,2022-03-12,2,TRUE,4,1,68,59,NA,2022-04-20,2022-03-21
EDM,20212022,2022-03-15,2,TRUE,7,5,70,60,NA,2022-04-20,2022-03-21
EDM,20212022,2022-03-17,2,TRUE,6,1,72,61,NA,2022-04-20,2022-03-21
EDM,20212022,2022-03-19,2,TRUE,6,3,74,62,NA,2022-04-20,2022-03-21
EDM,20212022,2022-03-21,1,FALSE,2,3,75,63,NA,2022-04-20,2022-03-21
EDM,20212022,2022-03-22,0,FALSE,3,5,75,64,NA,2022-04-20,2022-03-21
EDM,20212022,2022-03-24,2,TRUE,5,2,77,65,NA,2022-04-20,2022-03-21
EDM,20212022,2022-03-26,0,FALSE,5,9,77,66,NA,2022-04-20,2022-03-21
EDM,20212022,2022-03-28,2,TRUE,6,1,79,67,NA,2022-04-20,2022-03-21
EDM,20212022,2022-03-30,2,TRUE,4,3,81,68,NA,2022-04-20,2022-03-21
EDM,20212022,2022-04-01,2,TRUE,6,5,83,69,NA,2022-04-20,2022-03-21
EDM,20212022,2022-04-03,2,FALSE,6,1,85,70,NA,2022-04-20,2022-03-21
EDM,20212022,2022-04-05,2,FALSE,2,1,87,71,NA,2022-04-20,2022-03-21
EDM,20212022,2022-04-07,2,FALSE,3,2,89,72,NA,2022-04-20,2022-03-21
EDM,20212022,2022-04-09,1,TRUE,1,2,90,73,NA,2022-04-20,2022-03-21
EDM,20212022,2022-04-12,0,FALSE,1,5,90,74,NA,2022-04-20,2022-03-21
EDM,20212022,2022-04-14,2,FALSE,4,0,92,75,NA,2022-04-20,2022-03-21
EDM,20212022,2022-04-16,2,TRUE,4,0,94,76,NA,2022-04-20,2022-03-21
EDM,20212022,2022-04-20,2,TRUE,5,2,96,77,NA,2022-04-20,2022-03-21
EDM,20212022,2022-04-22,2,TRUE,6,3,98,78,NA,2022-04-20,2022-03-21
EDM,20212022,2022-04-24,0,FALSE,2,5,98,79,NA,2022-04-20,2022-03-21
EDM,20212022,2022-04-26,2,FALSE,5,1,100,80,NA,2022-04-20,2022-03-21
EDM,20212022,2022-04-28,2,TRUE,5,4,102,81,NA,2022-04-20,2022-03-21
EDM,20212022,2022-04-29,2,TRUE,3,2,104,82,NA,2022-04-20,2022-03-21
EDM,20222023,2022-10-12,2,TRUE,5,3,2,1,NA,2023-03-27,2023-03-03
EDM,20222023,2022-10-15,0,TRUE,3,4,2,2,NA,2023-03-27,2023-03-03
EDM,20222023,2022-10-18,0,TRUE,2,4,2,3,NA,2023-03-27,2023-03-03
EDM,20222023,2022-10-20,2,TRUE,6,4,4,4,NA,2023-03-27,2023-03-03
EDM,20222023,2022-10-22,0,TRUE,0,2,4,5,NA,2023-03-27,2023-03-03
EDM,20222023,2022-10-24,2,TRUE,6,3,6,6,NA,2023-03-27,2023-03-03
EDM,20222023,2022-10-26,2,FALSE,3,1,8,7,NA,2023-03-27,2023-03-03
EDM,20222023,2022-10-27,2,FALSE,6,5,10,8,NA,2023-03-27,2023-03-03
EDM,20222023,2022-10-29,2,FALSE,3,2,12,9,NA,2023-03-27,2023-03-03
EDM,20222023,2022-11-01,2,TRUE,7,4,14,10,NA,2023-03-27,2023-03-03
EDM,20222023,2022-11-03,0,TRUE,3,4,14,11,NA,2023-03-27,2023-03-03
EDM,20222023,2022-11-05,0,TRUE,2,6,14,12,NA,2023-03-27,2023-03-03
EDM,20222023,2022-11-07,0,FALSE,4,5,14,13,NA,2023-03-27,2023-03-03
EDM,20222023,2022-11-08,2,FALSE,3,2,16,14,NA,2023-03-27,2023-03-03
EDM,20222023,2022-11-10,0,FALSE,2,7,16,15,NA,2023-03-27,2023-03-03
EDM,20222023,2022-11-12,2,FALSE,4,2,18,16,NA,2023-03-27,2023-03-03
EDM,20222023,2022-11-16,0,TRUE,1,3,18,17,NA,2023-03-27,2023-03-03
EDM,20222023,2022-11-19,2,TRUE,4,3,20,18,NA,2023-03-27,2023-03-03
EDM,20222023,2022-11-21,0,FALSE,2,5,20,19,NA,2023-03-27,2023-03-03
EDM,20222023,2022-11-23,0,FALSE,0,3,20,20,NA,2023-03-27,2023-03-03
EDM,20222023,2022-11-26,2,FALSE,4,3,22,21,NA,2023-03-27,2023-03-03
EDM,20222023,2022-11-28,2,TRUE,4,3,24,22,NA,2023-03-27,2023-03-03
EDM,20222023,2022-11-30,2,FALSE,5,4,26,23,NA,2023-03-27,2023-03-03
EDM,20222023,2022-12-01,0,FALSE,3,5,26,24,NA,2023-03-27,2023-03-03
EDM,20222023,2022-12-03,2,TRUE,5,3,28,25,NA,2023-03-27,2023-03-03
EDM,20222023,2022-12-05,0,TRUE,2,3,28,26,NA,2023-03-27,2023-03-03
EDM,20222023,2022-12-07,2,TRUE,8,2,30,27,NA,2023-03-27,2023-03-03
EDM,20222023,2022-12-09,2,TRUE,5,2,32,28,NA,2023-03-27,2023-03-03
EDM,20222023,2022-12-12,0,FALSE,1,2,32,29,NA,2023-03-27,2023-03-03
EDM,20222023,2022-12-13,2,FALSE,6,3,34,30,NA,2023-03-27,2023-03-03
EDM,20222023,2022-12-15,1,TRUE,3,4,35,31,NA,2023-03-27,2023-03-03
EDM,20222023,2022-12-17,0,TRUE,3,4,35,32,NA,2023-03-27,2023-03-03
EDM,20222023,2022-12-19,1,FALSE,3,4,36,33,NA,2023-03-27,2023-03-03
EDM,20222023,2022-12-21,2,FALSE,6,3,38,34,NA,2023-03-27,2023-03-03
EDM,20222023,2022-12-23,0,TRUE,2,5,38,35,NA,2023-03-27,2023-03-03
EDM,20222023,2022-12-27,2,FALSE,2,1,40,36,NA,2023-03-27,2023-03-03
EDM,20222023,2022-12-30,2,FALSE,7,2,42,37,NA,2023-03-27,2023-03-03
EDM,20222023,2022-12-31,0,TRUE,1,2,42,38,NA,2023-03-27,2023-03-03
EDM,20222023,2023-01-03,0,TRUE,2,5,42,39,NA,2023-03-27,2023-03-03
EDM,20222023,2023-01-05,2,TRUE,4,2,44,40,NA,2023-03-27,2023-03-03
EDM,20222023,2023-01-07,1,TRUE,2,3,45,41,NA,2023-03-27,2023-03-03
EDM,20222023,2023-01-09,0,FALSE,3,6,45,42,NA,2023-03-27,2023-03-03
EDM,20222023,2023-01-11,2,FALSE,6,2,47,43,NA,2023-03-27,2023-03-03
EDM,20222023,2023-01-13,2,FALSE,7,1,49,44,NA,2023-03-27,2023-03-03
EDM,20222023,2023-01-14,2,FALSE,4,3,51,45,NA,2023-03-27,2023-03-03
EDM,20222023,2023-01-17,2,TRUE,5,2,53,46,NA,2023-03-27,2023-03-03
EDM,20222023,2023-01-19,2,TRUE,5,3,55,47,NA,2023-03-27,2023-03-03
EDM,20222023,2023-01-21,2,FALSE,4,2,57,48,NA,2023-03-27,2023-03-03
EDM,20222023,2023-01-25,1,TRUE,2,3,58,49,NA,2023-03-27,2023-03-03
EDM,20222023,2023-01-28,2,TRUE,7,3,60,50,NA,2023-03-27,2023-03-03
EDM,20222023,2023-02-07,2,FALSE,5,2,62,51,NA,2023-03-27,2023-03-03
EDM,20222023,2023-02-09,1,FALSE,1,2,63,52,NA,2023-03-27,2023-03-03
EDM,20222023,2023-02-11,2,FALSE,6,3,65,53,NA,2023-03-27,2023-03-03
EDM,20222023,2023-02-12,0,FALSE,2,6,65,54,NA,2023-03-27,2023-03-03
EDM,20222023,2023-02-15,1,TRUE,4,5,66,55,NA,2023-03-27,2023-03-03
EDM,20222023,2023-02-17,1,TRUE,4,5,67,56,NA,2023-03-27,2023-03-03
EDM,20222023,2023-02-19,1,FALSE,5,6,68,57,NA,2023-03-27,2023-03-03
EDM,20222023,2023-02-21,2,TRUE,4,2,70,58,NA,2023-03-27,2023-03-03
EDM,20222023,2023-02-23,2,FALSE,7,2,72,59,NA,2023-03-27,2023-03-03
EDM,20222023,2023-02-25,0,FALSE,5,6,72,60,NA,2023-03-27,2023-03-03
EDM,20222023,2023-02-27,0,TRUE,2,3,72,61,NA,2023-03-27,2023-03-03
EDM,20222023,2023-03-01,2,TRUE,5,2,74,62,NA,2023-03-27,2023-03-03
EDM,20222023,2023-03-03,2,TRUE,6,3,76,63,NA,2023-03-27,2023-03-03
EDM,20222023,2023-03-04,0,FALSE,5,7,76,64,NA,2023-03-27,2023-03-03
EDM,20222023,2023-03-06,2,FALSE,3,2,78,65,NA,2023-03-27,2023-03-03
EDM,20222023,2023-03-09,2,FALSE,3,2,80,66,NA,2023-03-27,2023-03-03
EDM,20222023,2023-03-11,0,FALSE,4,7,80,67,NA,2023-03-27,2023-03-03
EDM,20222023,2023-03-14,2,TRUE,6,3,82,68,NA,2023-03-27,2023-03-03
EDM,20222023,2023-03-16,2,TRUE,4,1,84,69,NA,2023-03-27,2023-03-03
EDM,20222023,2023-03-18,2,FALSE,6,4,86,70,NA,2023-03-27,2023-03-03
EDM,20222023,2023-03-20,2,TRUE,5,4,88,71,NA,2023-03-27,2023-03-03
EDM,20222023,2023-03-22,2,TRUE,4,3,90,72,NA,2023-03-27,2023-03-03
EDM,20222023,2023-03-25,1,TRUE,3,4,91,73,NA,2023-03-27,2023-03-03
EDM,20222023,2023-03-27,2,FALSE,5,4,93,74,NA,2023-03-27,2023-03-03
EDM,20222023,2023-03-28,2,FALSE,7,4,95,75,NA,2023-03-27,2023-03-03
EDM,20222023,2023-03-30,2,TRUE,2,0,97,76,NA,2023-03-27,2023-03-03
EDM,20222023,2023-04-01,2,TRUE,6,0,99,77,NA,2023-03-27,2023-03-03
EDM,20222023,2023-04-04,2,FALSE,3,1,101,78,NA,2023-03-27,2023-03-03
EDM,20222023,2023-04-05,2,FALSE,3,1,103,79,NA,2023-03-27,2023-03-03
EDM,20222023,2023-04-08,2,FALSE,6,1,105,80,NA,2023-03-27,2023-03-03
EDM,20222023,2023-04-11,2,FALSE,2,1,107,81,NA,2023-03-27,2023-03-03
EDM,20222023,2023-04-13,2,TRUE,5,2,109,82,NA,2023-03-27,2023-03-03
EDM,20232024,2023-10-11,0,FALSE,1,8,0,1,NA,2024-03-28,2024-03-08
EDM,20232024,2023-10-14,0,TRUE,3,4,0,2,NA,2024-03-28,2024-03-08
EDM,20232024,2023-10-17,2,FALSE,6,1,2,3,NA,2024-03-28,2024-03-08
EDM,20232024,2023-10-19,0,FALSE,1,4,2,4,NA,2024-03-28,2024-03-08
EDM,20232024,2023-10-21,1,TRUE,2,3,3,5,NA,2024-03-28,2024-03-08
EDM,20232024,2023-10-24,0,FALSE,4,7,3,6,NA,2024-03-28,2024-03-08
EDM,20232024,2023-10-26,0,TRUE,0,3,3,7,NA,2024-03-28,2024-03-08
EDM,20232024,2023-10-29,2,TRUE,5,2,5,8,NA,2024-03-28,2024-03-08
EDM,20232024,2023-11-02,0,TRUE,3,4,5,9,NA,2024-03-28,2024-03-08
EDM,20232024,2023-11-04,0,TRUE,2,5,5,10,NA,2024-03-28,2024-03-08
EDM,20232024,2023-11-06,0,FALSE,2,6,5,11,NA,2024-03-28,2024-03-08
EDM,20232024,2023-11-09,0,FALSE,2,3,5,12,NA,2024-03-28,2024-03-08
EDM,20232024,2023-11-11,2,FALSE,4,1,7,13,NA,2024-03-28,2024-03-08
EDM,20232024,2023-11-13,2,TRUE,4,1,9,14,NA,2024-03-28,2024-03-08
EDM,20232024,2023-11-15,2,TRUE,4,3,11,15,NA,2024-03-28,2024-03-08
EDM,20232024,2023-11-18,0,FALSE,4,6,11,16,NA,2024-03-28,2024-03-08
EDM,20232024,2023-11-20,0,FALSE,3,5,11,17,NA,2024-03-28,2024-03-08
EDM,20232024,2023-11-22,0,FALSE,3,6,11,18,NA,2024-03-28,2024-03-08
EDM,20232024,2023-11-24,2,FALSE,5,0,13,19,NA,2024-03-28,2024-03-08
EDM,20232024,2023-11-26,2,TRUE,8,2,15,20,NA,2024-03-28,2024-03-08
EDM,20232024,2023-11-28,2,TRUE,5,4,17,21,NA,2024-03-28,2024-03-08
EDM,20232024,2023-11-30,2,FALSE,3,1,19,22,NA,2024-03-28,2024-03-08
EDM,20232024,2023-12-06,2,TRUE,6,1,21,23,NA,2024-03-28,2024-03-08
EDM,20232024,2023-12-08,2,TRUE,4,3,23,24,NA,2024-03-28,2024-03-08
EDM,20232024,2023-12-10,2,TRUE,4,1,25,25,NA,2024-03-28,2024-03-08
EDM,20232024,2023-12-12,2,TRUE,4,1,27,26,NA,2024-03-28,2024-03-08
EDM,20232024,2023-12-14,0,TRUE,4,7,27,27,NA,2024-03-28,2024-03-08
EDM,20232024,2023-12-16,0,TRUE,1,5,27,28,NA,2024-03-28,2024-03-08
EDM,20232024,2023-12-19,0,FALSE,1,3,27,29,NA,2024-03-28,2024-03-08
EDM,20232024,2023-12-21,2,FALSE,6,3,29,30,NA,2024-03-28,2024-03-08
EDM,20232024,2023-12-22,2,FALSE,4,3,31,31,NA,2024-03-28,2024-03-08
EDM,20232024,2023-12-28,2,FALSE,5,0,33,32,NA,2024-03-28,2024-03-08
EDM,20232024,2023-12-30,2,FALSE,3,2,35,33,NA,2024-03-28,2024-03-08
EDM,20232024,2023-12-31,2,FALSE,7,2,37,34,NA,2024-03-28,2024-03-08
EDM,20232024,2024-01-02,2,TRUE,5,2,39,35,NA,2024-03-28,2024-03-08
EDM,20232024,2024-01-06,2,TRUE,3,1,41,36,NA,2024-03-28,2024-03-08
EDM,20232024,2024-01-09,2,FALSE,2,1,43,37,NA,2024-03-28,2024-03-08
EDM,20232024,2024-01-11,2,FALSE,3,2,45,38,NA,2024-03-28,2024-03-08
EDM,20232024,2024-01-13,2,FALSE,2,1,47,39,NA,2024-03-28,2024-03-08
EDM,20232024,2024-01-16,2,TRUE,4,2,49,40,NA,2024-03-28,2024-03-08
EDM,20232024,2024-01-18,2,TRUE,4,2,51,41,NA,2024-03-28,2024-03-08
EDM,20232024,2024-01-20,2,FALSE,3,1,53,42,NA,2024-03-28,2024-03-08
EDM,20232024,2024-01-23,2,TRUE,4,1,55,43,NA,2024-03-28,2024-03-08
EDM,20232024,2024-01-25,2,TRUE,3,0,57,44,NA,2024-03-28,2024-03-08
EDM,20232024,2024-01-27,2,TRUE,4,1,59,45,NA,2024-03-28,2024-03-08
EDM,20232024,2024-02-06,0,FALSE,1,3,59,46,NA,2024-03-28,2024-03-08
EDM,20232024,2024-02-09,2,FALSE,5,3,61,47,NA,2024-03-28,2024-03-08
EDM,20232024,2024-02-10,0,FALSE,0,4,61,48,NA,2024-03-28,2024-03-08
EDM,20232024,2024-02-13,2,TRUE,8,4,63,49,NA,2024-03-28,2024-03-08
EDM,20232024,2024-02-15,0,FALSE,3,6,63,50,NA,2024-03-28,2024-03-08
EDM,20232024,2024-02-17,2,FALSE,4,3,65,51,NA,2024-03-28,2024-03-08
EDM,20232024,2024-02-19,2,FALSE,6,3,67,52,NA,2024-03-28,2024-03-08
EDM,20232024,2024-02-21,1,TRUE,5,6,68,53,NA,2024-03-28,2024-03-08
EDM,20232024,2024-02-23,0,TRUE,2,4,68,54,NA,2024-03-28,2024-03-08
EDM,20232024,2024-02-24,0,TRUE,3,6,68,55,NA,2024-03-28,2024-03-08
EDM,20232024,2024-02-26,2,TRUE,4,2,70,56,NA,2024-03-28,2024-03-08
EDM,20232024,2024-02-28,2,TRUE,3,2,72,57,NA,2024-03-28,2024-03-08
EDM,20232024,2024-03-02,2,FALSE,2,1,74,58,NA,2024-03-28,2024-03-08
EDM,20232024,2024-03-03,2,TRUE,6,1,76,59,NA,2024-03-28,2024-03-08
EDM,20232024,2024-03-05,2,FALSE,2,1,78,60,NA,2024-03-28,2024-03-08
EDM,20232024,2024-03-07,0,FALSE,2,4,78,61,NA,2024-03-28,2024-03-08
EDM,20232024,2024-03-09,1,FALSE,2,3,79,62,NA,2024-03-28,2024-03-08
EDM,20232024,2024-03-10,2,FALSE,4,0,81,63,NA,2024-03-28,2024-03-08
EDM,20232024,2024-03-13,2,TRUE,7,2,83,64,NA,2024-03-28,2024-03-08
EDM,20232024,2024-03-16,1,TRUE,2,3,84,65,NA,2024-03-28,2024-03-08
EDM,20232024,2024-03-19,2,TRUE,3,2,86,66,NA,2024-03-28,2024-03-08
EDM,20232024,2024-03-21,2,TRUE,8,3,88,67,NA,2024-03-28,2024-03-08
EDM,20232024,2024-03-23,0,FALSE,3,6,88,68,NA,2024-03-28,2024-03-08
EDM,20232024,2024-03-24,0,FALSE,3,5,88,69,NA,2024-03-28,2024-03-08
EDM,20232024,2024-03-26,2,FALSE,4,3,90,70,NA,2024-03-28,2024-03-08
EDM,20232024,2024-03-28,2,TRUE,4,1,92,71,NA,2024-03-28,2024-03-08
EDM,20232024,2024-03-30,2,TRUE,6,1,94,72,NA,2024-03-28,2024-03-08
EDM,20232024,2024-04-01,1,FALSE,2,3,95,73,NA,2024-03-28,2024-03-08
EDM,20232024,2024-04-03,0,FALSE,0,5,95,74,NA,2024-03-28,2024-03-08
EDM,20232024,2024-04-05,2,TRUE,6,2,97,75,NA,2024-03-28,2024-03-08
EDM,20232024,2024-04-06,2,FALSE,4,2,99,76,NA,2024-03-28,2024-03-08
EDM,20232024,2024-04-10,2,TRUE,5,1,101,77,NA,2024-03-28,2024-03-08
EDM,20232024,2024-04-12,1,TRUE,2,3,102,78,NA,2024-03-28,2024-03-08
EDM,20232024,2024-04-13,0,TRUE,1,3,102,79,NA,2024-03-28,2024-03-08
EDM,20232024,2024-04-15,2,TRUE,9,2,104,80,NA,2024-03-28,2024-03-08
EDM,20232024,2024-04-17,0,FALSE,2,5,104,81,NA,2024-03-28,2024-03-08
EDM,20232024,2024-04-18,0,FALSE,1,5,104,82,NA,2024-03-28,2024-03-08
FLA,20212022,2021-10-14,2,TRUE,5,4,2,1,NA,2022-03-29,2022-03-21
FLA,20212022,2021-10-16,2,TRUE,5,1,4,2,NA,2022-03-29,2022-03-21
FLA,20212022,2021-10-19,2,FALSE,4,1,6,3,NA,2022-03-29,2022-03-21
FLA,20212022,2021-10-21,2,TRUE,4,1,8,4,NA,2022-03-29,2022-03-21
FLA,20212022,2021-10-23,2,FALSE,4,2,10,5,NA,2022-03-29,2022-03-21
FLA,20212022,2021-10-25,2,TRUE,5,3,12,6,NA,2022-03-29,2022-03-21
FLA,20212022,2021-10-27,2,TRUE,4,1,14,7,NA,2022-03-29,2022-03-21
FLA,20212022,2021-10-29,2,FALSE,3,2,16,8,NA,2022-03-29,2022-03-21
FLA,20212022,2021-10-30,1,FALSE,2,3,17,9,NA,2022-03-29,2022-03-21
FLA,20212022,2021-11-04,2,TRUE,5,4,19,10,NA,2022-03-29,2022-03-21
FLA,20212022,2021-11-06,2,TRUE,5,2,21,11,NA,2022-03-29,2022-03-21
FLA,20212022,2021-11-08,0,FALSE,3,4,21,12,NA,2022-03-29,2022-03-21
FLA,20212022,2021-11-09,0,FALSE,3,7,21,13,NA,2022-03-29,2022-03-21
FLA,20212022,2021-11-11,1,FALSE,2,3,22,14,NA,2022-03-29,2022-03-21
FLA,20212022,2021-11-13,1,FALSE,2,3,23,15,NA,2022-03-29,2022-03-21
FLA,20212022,2021-11-16,2,TRUE,6,1,25,16,NA,2022-03-29,2022-03-21
FLA,20212022,2021-11-18,2,TRUE,4,1,27,17,NA,2022-03-29,2022-03-21
FLA,20212022,2021-11-20,2,TRUE,5,4,29,18,NA,2022-03-29,2022-03-21
FLA,20212022,2021-11-24,2,TRUE,2,1,31,19,NA,2022-03-29,2022-03-21
FLA,20212022,2021-11-26,0,FALSE,3,4,31,20,NA,2022-03-29,2022-03-21
FLA,20212022,2021-11-27,0,TRUE,1,4,31,21,NA,2022-03-29,2022-03-21
FLA,20212022,2021-11-30,2,TRUE,5,4,33,22,NA,2022-03-29,2022-03-21
FLA,20212022,2021-12-02,2,TRUE,7,4,35,23,NA,2022-03-29,2022-03-21
FLA,20212022,2021-12-04,2,TRUE,4,3,37,24,NA,2022-03-29,2022-03-21
FLA,20212022,2021-12-07,1,FALSE,3,4,38,25,NA,2022-03-29,2022-03-21
FLA,20212022,2021-12-10,2,FALSE,3,1,40,26,NA,2022-03-29,2022-03-21
FLA,20212022,2021-12-12,0,FALSE,2,3,40,27,NA,2022-03-29,2022-03-21
FLA,20212022,2021-12-14,0,TRUE,2,8,40,28,NA,2022-03-29,2022-03-21
FLA,20212022,2021-12-16,0,TRUE,1,4,40,29,NA,2022-03-29,2022-03-21
FLA,20212022,2021-12-29,2,TRUE,4,3,42,30,NA,2022-03-29,2022-03-21
FLA,20212022,2021-12-30,2,TRUE,9,3,44,31,NA,2022-03-29,2022-03-21
FLA,20212022,2022-01-01,2,TRUE,5,2,46,32,NA,2022-03-29,2022-03-21
FLA,20212022,2022-01-04,2,TRUE,6,2,48,33,NA,2022-03-29,2022-03-21
FLA,20212022,2022-01-06,1,FALSE,5,6,49,34,NA,2022-03-29,2022-03-21
FLA,20212022,2022-01-08,2,FALSE,4,3,51,35,NA,2022-03-29,2022-03-21
FLA,20212022,2022-01-11,2,TRUE,5,2,53,36,NA,2022-03-29,2022-03-21
FLA,20212022,2022-01-14,2,TRUE,7,1,55,37,NA,2022-03-29,2022-03-21
FLA,20212022,2022-01-15,2,TRUE,9,2,57,38,NA,2022-03-29,2022-03-21
FLA,20212022,2022-01-18,0,FALSE,1,5,57,39,NA,2022-03-29,2022-03-21
FLA,20212022,2022-01-20,2,FALSE,6,0,59,40,NA,2022-03-29,2022-03-21
FLA,20212022,2022-01-21,2,FALSE,2,1,61,41,NA,2022-03-29,2022-03-21
FLA,20212022,2022-01-23,0,FALSE,3,5,61,42,NA,2022-03-29,2022-03-21
FLA,20212022,2022-01-25,2,FALSE,5,3,63,43,NA,2022-03-29,2022-03-21
FLA,20212022,2022-01-27,2,TRUE,4,1,65,44,NA,2022-03-29,2022-03-21
FLA,20212022,2022-01-29,2,TRUE,5,4,67,45,NA,2022-03-29,2022-03-21
FLA,20212022,2022-01-31,2,FALSE,8,4,69,46,NA,2022-03-29,2022-03-21
FLA,20212022,2022-02-01,0,FALSE,2,5,69,47,NA,2022-03-29,2022-03-21
FLA,20212022,2022-02-16,2,FALSE,3,2,71,48,NA,2022-03-29,2022-03-21
FLA,20212022,2022-02-18,2,FALSE,6,2,73,49,NA,2022-03-29,2022-03-21
FLA,20212022,2022-02-20,2,FALSE,5,2,75,50,NA,2022-03-29,2022-03-21
FLA,20212022,2022-02-22,0,TRUE,4,6,75,51,NA,2022-03-29,2022-03-21
FLA,20212022,2022-02-24,0,TRUE,3,6,75,52,NA,2022-03-29,2022-03-21
FLA,20212022,2022-02-26,0,TRUE,3,4,75,53,NA,2022-03-29,2022-03-21
FLA,20212022,2022-03-03,2,TRUE,3,0,77,54,NA,2022-03-29,2022-03-21
FLA,20212022,2022-03-05,2,TRUE,6,2,79,55,NA,2022-03-29,2022-03-21
FLA,20212022,2022-03-07,2,FALSE,6,1,81,56,NA,2022-03-29,2022-03-21
FLA,20212022,2022-03-08,2,FALSE,4,3,83,57,NA,2022-03-29,2022-03-21
FLA,20212022,2022-03-10,2,TRUE,6,3,85,58,NA,2022-03-29,2022-03-21
FLA,20212022,2022-03-13,1,FALSE,2,3,86,59,NA,2022-03-29,2022-03-21
FLA,20212022,2022-03-15,2,FALSE,3,2,88,60,NA,2022-03-29,2022-03-21
FLA,20212022,2022-03-17,0,FALSE,3,5,88,61,NA,2022-03-29,2022-03-21
FLA,20212022,2022-03-18,2,FALSE,3,0,90,62,NA,2022-03-29,2022-03-21
FLA,20212022,2022-03-24,2,FALSE,4,3,92,63,NA,2022-03-29,2022-03-21
FLA,20212022,2022-03-26,2,FALSE,4,3,94,64,NA,2022-03-29,2022-03-21
FLA,20212022,2022-03-27,0,FALSE,2,5,94,65,NA,2022-03-29,2022-03-21
FLA,20212022,2022-03-29,2,TRUE,7,4,96,66,NA,2022-03-29,2022-03-21
FLA,20212022,2022-03-31,2,TRUE,4,0,98,67,NA,2022-03-29,2022-03-21
FLA,20212022,2022-04-02,2,FALSE,7,6,100,68,NA,2022-03-29,2022-03-21
FLA,20212022,2022-04-03,2,FALSE,5,3,102,69,NA,2022-03-29,2022-03-21
FLA,20212022,2022-04-05,2,TRUE,7,6,104,70,NA,2022-03-29,2022-03-21
FLA,20212022,2022-04-08,2,TRUE,4,3,106,71,NA,2022-03-29,2022-03-21
FLA,20212022,2022-04-09,2,FALSE,4,1,108,72,NA,2022-03-29,2022-03-21
FLA,20212022,2022-04-12,2,TRUE,3,2,110,73,NA,2022-03-29,2022-03-21
FLA,20212022,2022-04-15,2,TRUE,6,1,112,74,NA,2022-03-29,2022-03-21
FLA,20212022,2022-04-17,2,FALSE,6,1,114,75,NA,2022-03-29,2022-03-21
FLA,20212022,2022-04-19,2,FALSE,3,2,116,76,NA,2022-03-29,2022-03-21
FLA,20212022,2022-04-21,2,TRUE,5,2,118,77,NA,2022-03-29,2022-03-21
FLA,20212022,2022-04-23,2,TRUE,3,2,120,78,NA,2022-03-29,2022-03-21
FLA,20212022,2022-04-24,0,TRUE,4,8,120,79,NA,2022-03-29,2022-03-21
FLA,20212022,2022-04-26,0,FALSE,2,4,120,80,NA,2022-03-29,2022-03-21
FLA,20212022,2022-04-28,2,FALSE,4,0,122,81,NA,2022-03-29,2022-03-21
FLA,20212022,2022-04-29,0,FALSE,2,10,122,82,NA,2022-03-29,2022-03-21
FLA,20222023,2022-10-13,2,FALSE,3,1,2,1,2023-04-13,NA,2023-03-03
FLA,20222023,2022-10-15,2,FALSE,4,3,4,2,2023-04-13,NA,2023-03-03
FLA,20222023,2022-10-17,0,FALSE,3,5,4,3,2023-04-13,NA,2023-03-03
FLA,20222023,2022-10-19,2,TRUE,4,3,6,4,2023-04-13,NA,2023-03-03
FLA,20222023,2022-10-21,1,TRUE,2,3,7,5,2023-04-13,NA,2023-03-03
FLA,20222023,2022-10-23,2,TRUE,3,2,9,6,2023-04-13,NA,2023-03-03
FLA,20222023,2022-10-25,0,FALSE,2,4,9,7,2023-04-13,NA,2023-03-03
FLA,20222023,2022-10-27,0,FALSE,3,4,9,8,2023-04-13,NA,2023-03-03
FLA,20222023,2022-10-29,2,TRUE,5,3,11,9,2023-04-13,NA,2023-03-03
FLA,20222023,2022-11-01,0,FALSE,1,3,11,10,2023-04-13,NA,2023-03-03
FLA,20222023,2022-11-03,2,FALSE,4,3,13,11,2023-04-13,NA,2023-03-03
FLA,20222023,2022-11-05,0,FALSE,4,5,13,12,2023-04-13,NA,2023-03-03
FLA,20222023,2022-11-06,2,FALSE,5,3,15,13,2023-04-13,NA,2023-03-03
FLA,20222023,2022-11-09,2,TRUE,3,0,17,14,2023-04-13,NA,2023-03-03
FLA,20222023,2022-11-12,0,TRUE,2,4,17,15,2023-04-13,NA,2023-03-03
FLA,20222023,2022-11-15,2,TRUE,5,2,19,16,2023-04-13,NA,2023-03-03
FLA,20222023,2022-11-17,0,TRUE,4,6,19,17,2023-04-13,NA,2023-03-03
FLA,20222023,2022-11-19,1,TRUE,4,5,20,18,2023-04-13,NA,2023-03-03
FLA,20222023,2022-11-20,0,FALSE,3,5,20,19,2023-04-13,NA,2023-03-03
FLA,20222023,2022-11-23,2,TRUE,5,2,22,20,2023-04-13,NA,2023-03-03
FLA,20222023,2022-11-26,1,TRUE,4,5,23,21,2023-04-13,NA,2023-03-03
FLA,20222023,2022-11-28,1,FALSE,3,4,24,22,2023-04-13,NA,2023-03-03
FLA,20222023,2022-11-29,0,FALSE,2,6,24,23,2023-04-13,NA,2023-03-03
FLA,20222023,2022-12-01,2,FALSE,5,1,26,24,2023-04-13,NA,2023-03-03
FLA,20222023,2022-12-03,2,FALSE,5,1,28,25,2023-04-13,NA,2023-03-03
FLA,20222023,2022-12-06,0,FALSE,2,5,28,26,2023-04-13,NA,2023-03-03
FLA,20222023,2022-12-08,2,TRUE,5,1,30,27,2023-04-13,NA,2023-03-03
FLA,20222023,2022-12-10,0,FALSE,1,4,30,28,2023-04-13,NA,2023-03-03
FLA,20222023,2022-12-11,0,TRUE,2,5,30,29,2023-04-13,NA,2023-03-03
FLA,20222023,2022-12-13,2,TRUE,4,0,32,30,2023-04-13,NA,2023-03-03
FLA,20222023,2022-12-15,0,TRUE,2,4,32,31,2023-04-13,NA,2023-03-03
FLA,20222023,2022-12-17,2,FALSE,4,2,34,32,2023-04-13,NA,2023-03-03
FLA,20222023,2022-12-19,0,FALSE,3,7,34,33,2023-04-13,NA,2023-03-03
FLA,20222023,2022-12-21,0,TRUE,2,4,34,34,2023-04-13,NA,2023-03-03
FLA,20222023,2022-12-23,0,FALSE,1,5,34,35,2023-04-13,NA,2023-03-03
FLA,20222023,2022-12-29,2,TRUE,7,2,36,36,2023-04-13,NA,2023-03-03
FLA,20222023,2022-12-30,0,FALSE,0,4,36,37,2023-04-13,NA,2023-03-03
FLA,20222023,2023-01-01,0,TRUE,3,5,36,38,2023-04-13,NA,2023-03-03
FLA,20222023,2023-01-03,2,TRUE,5,3,38,39,2023-04-13,NA,2023-03-03
FLA,20222023,2023-01-06,2,FALSE,3,2,40,40,2023-04-13,NA,2023-03-03
FLA,20222023,2023-01-08,0,FALSE,1,5,40,41,2023-04-13,NA,2023-03-03
FLA,20222023,2023-01-10,2,FALSE,5,4,42,42,2023-04-13,NA,2023-03-03
FLA,20222023,2023-01-12,0,FALSE,2,4,42,43,2023-04-13,NA,2023-03-03
FLA,20222023,2023-01-14,2,TRUE,4,3,44,44,2023-04-13,NA,2023-03-03
FLA,20222023,2023-01-16,2,FALSE,4,1,46,45,2023-04-13,NA,2023-03-03
FLA,20222023,2023-01-17,1,FALSE,4,5,47,46,2023-04-13,NA,2023-03-03
FLA,20222023,2023-01-19,2,FALSE,6,2,49,47,2023-04-13,NA,2023-03-03
FLA,20222023,2023-01-21,2,TRUE,5,3,51,48,2023-04-13,NA,2023-03-03
FLA,20222023,2023-01-23,0,FALSE,2,6,51,49,2023-04-13,NA,2023-03-03
FLA,20222023,2023-01-24,1,FALSE,6,7,52,50,2023-04-13,NA,2023-03-03
FLA,20222023,2023-01-27,0,TRUE,3,4,52,51,2023-04-13,NA,2023-03-03
FLA,20222023,2023-01-28,2,TRUE,4,3,54,52,2023-04-13,NA,2023-03-03
FLA,20222023,2023-02-06,2,TRUE,7,1,56,53,2023-04-13,NA,2023-03-03
FLA,20222023,2023-02-09,2,TRUE,4,1,58,54,2023-04-13,NA,2023-03-03
FLA,20222023,2023-02-11,0,TRUE,3,5,58,55,2023-04-13,NA,2023-03-03
FLA,20222023,2023-02-13,2,FALSE,2,1,60,56,2023-04-13,NA,2023-03-03
FLA,20222023,2023-02-14,0,FALSE,2,6,60,57,2023-04-13,NA,2023-03-03
FLA,20222023,2023-02-16,2,FALSE,6,3,62,58,2023-04-13,NA,2023-03-03
FLA,20222023,2023-02-18,0,FALSE,3,7,62,59,2023-04-13,NA,2023-03-03
FLA,20222023,2023-02-20,2,TRUE,4,3,64,60,2023-04-13,NA,2023-03-03
FLA,20222023,2023-02-24,0,TRUE,1,3,64,61,2023-04-13,NA,2023-03-03
FLA,20222023,2023-02-28,2,FALSE,4,1,66,62,2023-04-13,NA,2023-03-03
FLA,20222023,2023-03-02,0,TRUE,1,2,66,63,2023-04-13,NA,2023-03-03
FLA,20222023,2023-03-04,2,TRUE,4,1,68,64,2023-04-13,NA,2023-03-03
FLA,20222023,2023-03-07,2,TRUE,2,1,70,65,2023-04-13,NA,2023-03-03
FLA,20222023,2023-03-10,2,TRUE,4,3,72,66,2023-04-13,NA,2023-03-03
FLA,20222023,2023-03-11,1,TRUE,4,5,73,67,2023-04-13,NA,2023-03-03
FLA,20222023,2023-03-16,2,TRUE,9,5,75,68,2023-04-13,NA,2023-03-03
FLA,20222023,2023-03-18,2,TRUE,4,2,77,69,2023-04-13,NA,2023-03-03
FLA,20222023,2023-03-20,2,FALSE,5,2,79,70,2023-04-13,NA,2023-03-03
FLA,20222023,2023-03-21,0,FALSE,3,6,79,71,2023-04-13,NA,2023-03-03
FLA,20222023,2023-03-23,0,TRUE,2,6,79,72,2023-04-13,NA,2023-03-03
FLA,20222023,2023-03-25,0,TRUE,3,4,79,73,2023-04-13,NA,2023-03-03
FLA,20222023,2023-03-27,0,FALSE,2,5,79,74,2023-04-13,NA,2023-03-03
FLA,20222023,2023-03-29,2,FALSE,3,2,81,75,2023-04-13,NA,2023-03-03
FLA,20222023,2023-03-30,2,FALSE,5,2,83,76,2023-04-13,NA,2023-03-03
FLA,20222023,2023-04-01,2,FALSE,7,0,85,77,2023-04-13,NA,2023-03-03
FLA,20222023,2023-04-04,2,TRUE,2,1,87,78,2023-04-13,NA,2023-03-03
FLA,20222023,2023-04-06,2,TRUE,7,2,89,79,2023-04-13,NA,2023-03-03
FLA,20222023,2023-04-08,2,FALSE,4,2,91,80,2023-04-13,NA,2023-03-03
FLA,20222023,2023-04-10,1,TRUE,1,2,92,81,2023-04-13,NA,2023-03-03
FLA,20222023,2023-04-13,0,TRUE,4,6,92,82,2023-04-13,NA,2023-03-03
FLA,20232024,2023-10-12,0,FALSE,0,2,0,1,NA,2024-03-09,2024-03-08
FLA,20232024,2023-10-14,0,FALSE,4,6,0,2,NA,2024-03-09,2024-03-08
FLA,20232024,2023-10-16,2,FALSE,4,3,2,3,NA,2024-03-09,2024-03-08
FLA,20232024,2023-10-19,2,TRUE,3,1,4,4,NA,2024-03-09,2024-03-08
FLA,20232024,2023-10-21,0,TRUE,3,5,4,5,NA,2024-03-09,2024-03-08
FLA,20232024,2023-10-24,2,TRUE,3,1,6,6,NA,2024-03-09,2024-03-08
FLA,20232024,2023-10-28,2,TRUE,3,2,8,7,NA,2024-03-09,2024-03-08
FLA,20232024,2023-10-30,1,FALSE,2,3,9,8,NA,2024-03-09,2024-03-08
FLA,20232024,2023-11-02,2,FALSE,2,0,11,9,NA,2024-03-09,2024-03-08
FLA,20232024,2023-11-04,0,FALSE,2,5,11,10,NA,2024-03-09,2024-03-08
FLA,20232024,2023-11-06,2,TRUE,5,4,13,11,NA,2024-03-09,2024-03-08
FLA,20232024,2023-11-08,2,FALSE,4,3,15,12,NA,2024-03-09,2024-03-08
FLA,20232024,2023-11-10,2,TRUE,5,2,17,13,NA,2024-03-09,2024-03-08
FLA,20232024,2023-11-12,2,TRUE,4,3,19,14,NA,2024-03-09,2024-03-08
FLA,20232024,2023-11-14,2,FALSE,5,3,21,15,NA,2024-03-09,2024-03-08
FLA,20232024,2023-11-16,0,FALSE,1,2,21,16,NA,2024-03-09,2024-03-08
FLA,20232024,2023-11-17,2,FALSE,2,1,23,17,NA,2024-03-09,2024-03-08
FLA,20232024,2023-11-20,2,TRUE,5,3,25,18,NA,2024-03-09,2024-03-08
FLA,20232024,2023-11-22,0,TRUE,1,3,25,19,NA,2024-03-09,2024-03-08
FLA,20232024,2023-11-24,0,TRUE,0,3,25,20,NA,2024-03-09,2024-03-08
FLA,20232024,2023-11-27,2,FALSE,5,0,27,21,NA,2024-03-09,2024-03-08
FLA,20232024,2023-11-28,1,FALSE,1,2,28,22,NA,2024-03-09,2024-03-08
FLA,20232024,2023-11-30,2,FALSE,5,1,30,23,NA,2024-03-09,2024-03-08
FLA,20232024,2023-12-02,0,TRUE,3,4,30,24,NA,2024-03-09,2024-03-08
FLA,20232024,2023-12-06,2,TRUE,5,4,32,25,NA,2024-03-09,2024-03-08
FLA,20232024,2023-12-08,2,TRUE,3,1,34,26,NA,2024-03-09,2024-03-08
FLA,20232024,2023-12-10,2,FALSE,5,2,36,27,NA,2024-03-09,2024-03-08
FLA,20232024,2023-12-12,0,FALSE,0,4,36,28,NA,2024-03-09,2024-03-08
FLA,20232024,2023-12-14,0,FALSE,0,4,36,29,NA,2024-03-09,2024-03-08
FLA,20232024,2023-12-16,2,FALSE,5,1,38,30,NA,2024-03-09,2024-03-08
FLA,20232024,2023-12-18,0,FALSE,1,3,38,31,NA,2024-03-09,2024-03-08
FLA,20232024,2023-12-21,0,TRUE,1,4,38,32,NA,2024-03-09,2024-03-08
FLA,20232024,2023-12-23,2,TRUE,4,2,40,33,NA,2024-03-09,2024-03-08
FLA,20232024,2023-12-27,2,FALSE,3,2,42,34,NA,2024-03-09,2024-03-08
FLA,20232024,2023-12-29,2,TRUE,4,3,44,35,NA,2024-03-09,2024-03-08
FLA,20232024,2023-12-30,2,TRUE,4,1,46,36,NA,2024-03-09,2024-03-08
FLA,20232024,2024-01-02,2,FALSE,4,1,48,37,NA,2024-03-09,2024-03-08
FLA,20232024,2024-01-04,2,FALSE,4,1,50,38,NA,2024-03-09,2024-03-08
FLA,20232024,2024-01-06,2,FALSE,8,4,52,39,NA,2024-03-09,2024-03-08
FLA,20232024,2024-01-09,2,FALSE,5,1,54,40,NA,2024-03-09,2024-03-08
FLA,20232024,2024-01-11,2,TRUE,3,2,56,41,NA,2024-03-09,2024-03-08
FLA,20232024,2024-01-13,0,TRUE,1,4,56,42,NA,2024-03-09,2024-03-08
FLA,20232024,2024-01-15,1,TRUE,4,5,57,43,NA,2024-03-09,2024-03-08
FLA,20232024,2024-01-17,1,TRUE,2,3,58,44,NA,2024-03-09,2024-03-08
FLA,20232024,2024-01-19,0,TRUE,4,6,58,45,NA,2024-03-09,2024-03-08
FLA,20232024,2024-01-22,2,FALSE,4,1,60,46,NA,2024-03-09,2024-03-08
FLA,20232024,2024-01-24,2,TRUE,6,2,62,47,NA,2024-03-09,2024-03-08
FLA,20232024,2024-01-26,2,FALSE,3,2,64,48,NA,2024-03-09,2024-03-08
FLA,20232024,2024-01-27,2,FALSE,3,2,66,49,NA,2024-03-09,2024-03-08
FLA,20232024,2024-02-06,0,TRUE,1,2,66,50,NA,2024-03-09,2024-03-08
FLA,20232024,2024-02-08,2,TRUE,4,2,68,51,NA,2024-03-09,2024-03-08
FLA,20232024,2024-02-10,2,TRUE,4,0,70,52,NA,2024-03-09,2024-03-08
FLA,20232024,2024-02-14,2,FALSE,5,2,72,53,NA,2024-03-09,2024-03-08
FLA,20232024,2024-02-15,2,FALSE,4,0,74,54,NA,2024-03-09,2024-03-08
FLA,20232024,2024-02-17,2,FALSE,9,2,76,55,NA,2024-03-09,2024-03-08
FLA,20232024,2024-02-20,2,TRUE,3,2,78,56,NA,2024-03-09,2024-03-08
FLA,20232024,2024-02-22,0,FALSE,0,1,78,57,NA,2024-03-09,2024-03-08
FLA,20232024,2024-02-24,2,TRUE,3,2,80,58,NA,2024-03-09,2024-03-08
FLA,20232024,2024-02-27,2,TRUE,3,2,82,59,NA,2024-03-09,2024-03-08
FLA,20232024,2024-02-29,2,TRUE,4,3,84,60,NA,2024-03-09,2024-03-08
FLA,20232024,2024-03-02,2,FALSE,4,0,86,61,NA,2024-03-09,2024-03-08
FLA,20232024,2024-03-04,2,FALSE,4,2,88,62,NA,2024-03-09,2024-03-08
FLA,20232024,2024-03-05,2,FALSE,5,3,90,63,NA,2024-03-09,2024-03-08
FLA,20232024,2024-03-07,0,TRUE,1,2,90,64,NA,2024-03-09,2024-03-08
FLA,20232024,2024-03-09,2,TRUE,5,1,92,65,NA,2024-03-09,2024-03-08
FLA,20232024,2024-03-12,2,FALSE,4,3,94,66,NA,2024-03-09,2024-03-08
FLA,20232024,2024-03-14,0,FALSE,0,4,94,67,NA,2024-03-09,2024-03-08
FLA,20232024,2024-03-16,0,TRUE,3,5,94,68,NA,2024-03-09,2024-03-08
FLA,20232024,2024-03-21,0,TRUE,0,3,94,69,NA,2024-03-09,2024-03-08
FLA,20232024,2024-03-23,1,FALSE,3,4,95,70,NA,2024-03-09,2024-03-08
FLA,20232024,2024-03-24,2,FALSE,4,1,97,71,NA,2024-03-09,2024-03-08
FLA,20232024,2024-03-26,0,TRUE,3,4,97,72,NA,2024-03-09,2024-03-08
FLA,20232024,2024-03-28,0,TRUE,2,3,97,73,NA,2024-03-09,2024-03-08
FLA,20232024,2024-03-30,2,TRUE,3,2,99,74,NA,2024-03-09,2024-03-08
FLA,20232024,2024-04-01,0,FALSE,4,6,99,75,NA,2024-03-09,2024-03-08
FLA,20232024,2024-04-02,0,FALSE,3,5,99,76,NA,2024-03-09,2024-03-08
FLA,20232024,2024-04-04,2,FALSE,6,0,101,77,NA,2024-03-09,2024-03-08
FLA,20232024,2024-04-06,1,FALSE,2,3,102,78,NA,2024-03-09,2024-03-08
FLA,20232024,2024-04-09,2,TRUE,2,0,104,79,NA,2024-03-09,2024-03-08
FLA,20232024,2024-04-11,2,TRUE,4,0,106,80,NA,2024-03-09,2024-03-08
FLA,20232024,2024-04-13,2,TRUE,3,2,108,81,NA,2024-03-09,2024-03-08
FLA,20232024,2024-04-16,2,TRUE,5,2,110,82,NA,2024-03-09,2024-03-08
LAK,20212022,2021-10-14,2,TRUE,6,2,2,1,NA,2022-04-23,2022-03-21
LAK,20212022,2021-10-16,0,TRUE,2,3,2,2,NA,2022-04-23,2022-03-21
LAK,20212022,2021-10-19,0,FALSE,1,2,2,3,NA,2022-04-23,2022-03-21
LAK,20212022,2021-10-22,1,FALSE,2,3,3,4,NA,2022-04-23,2022-03-21
LAK,20212022,2021-10-23,0,FALSE,3,7,3,5,NA,2022-04-23,2022-03-21
LAK,20212022,2021-10-25,0,FALSE,0,3,3,6,NA,2022-04-23,2022-03-21
LAK,20212022,2021-10-28,0,TRUE,2,3,3,7,NA,2022-04-23,2022-03-21
LAK,20212022,2021-10-30,2,TRUE,5,2,5,8,NA,2022-04-23,2022-03-21
LAK,20212022,2021-10-31,2,TRUE,3,2,7,9,NA,2022-04-23,2022-03-21
LAK,20212022,2021-11-03,2,TRUE,3,2,9,10,NA,2022-04-23,2022-03-21
LAK,20212022,2021-11-05,2,TRUE,3,2,11,11,NA,2022-04-23,2022-03-21
LAK,20212022,2021-11-08,2,FALSE,5,1,13,12,NA,2022-04-23,2022-03-21
LAK,20212022,2021-11-09,2,FALSE,3,2,15,13,NA,2022-04-23,2022-03-21
LAK,20212022,2021-11-11,2,FALSE,2,0,17,14,NA,2022-04-23,2022-03-21
LAK,20212022,2021-11-13,1,FALSE,2,3,18,15,NA,2022-04-23,2022-03-21
LAK,20212022,2021-11-17,0,TRUE,0,2,18,16,NA,2022-04-23,2022-03-21
LAK,20212022,2021-11-20,0,TRUE,4,5,18,17,NA,2022-04-23,2022-03-21
LAK,20212022,2021-11-21,1,TRUE,1,2,19,18,NA,2022-04-23,2022-03-21
LAK,20212022,2021-11-24,0,TRUE,2,6,19,19,NA,2022-04-23,2022-03-21
LAK,20212022,2021-11-27,2,TRUE,4,2,21,20,NA,2022-04-23,2022-03-21
LAK,20212022,2021-11-30,1,TRUE,4,5,22,21,NA,2022-04-23,2022-03-21
LAK,20212022,2021-12-02,0,TRUE,2,3,22,22,NA,2022-04-23,2022-03-21
LAK,20212022,2021-12-05,2,FALSE,5,1,24,23,NA,2022-04-23,2022-03-21
LAK,20212022,2021-12-06,0,FALSE,0,4,24,24,NA,2022-04-23,2022-03-21
LAK,20212022,2021-12-09,2,TRUE,4,0,26,25,NA,2022-04-23,2022-03-21
LAK,20212022,2021-12-11,2,TRUE,2,1,28,26,NA,2022-04-23,2022-03-21
LAK,20212022,2021-12-14,1,FALSE,2,3,29,27,NA,2022-04-23,2022-03-21
LAK,20212022,2021-12-16,2,FALSE,4,1,31,28,NA,2022-04-23,2022-03-21
LAK,20212022,2021-12-18,0,FALSE,1,5,31,29,NA,2022-04-23,2022-03-21
LAK,20212022,2021-12-19,2,FALSE,3,2,33,30,NA,2022-04-23,2022-03-21
LAK,20212022,2021-12-28,0,TRUE,3,6,33,31,NA,2022-04-23,2022-03-21
LAK,20212022,2021-12-30,2,TRUE,2,1,35,32,NA,2022-04-23,2022-03-21
LAK,20212022,2022-01-01,2,TRUE,6,3,37,33,NA,2022-04-23,2022-03-21
LAK,20212022,2022-01-06,0,TRUE,2,4,37,34,NA,2022-04-23,2022-03-21
LAK,20212022,2022-01-08,2,TRUE,4,0,39,35,NA,2022-04-23,2022-03-21
LAK,20212022,2022-01-10,2,TRUE,3,1,41,36,NA,2022-04-23,2022-03-21
LAK,20212022,2022-01-13,2,TRUE,6,2,43,37,NA,2022-04-23,2022-03-21
LAK,20212022,2022-01-15,2,FALSE,3,1,45,38,NA,2022-04-23,2022-03-21
LAK,20212022,2022-01-17,0,FALSE,2,6,45,39,NA,2022-04-23,2022-03-21
LAK,20212022,2022-01-18,0,TRUE,4,6,45,40,NA,2022-04-23,2022-03-21
LAK,20212022,2022-01-20,0,TRUE,1,4,45,41,NA,2022-04-23,2022-03-21
LAK,20212022,2022-01-23,2,FALSE,3,2,47,42,NA,2022-04-23,2022-03-21
LAK,20212022,2022-01-24,1,FALSE,2,3,48,43,NA,2022-04-23,2022-03-21
LAK,20212022,2022-01-27,2,FALSE,3,2,50,44,NA,2022-04-23,2022-03-21
LAK,20212022,2022-01-29,1,FALSE,3,4,51,45,NA,2022-04-23,2022-03-21
LAK,20212022,2022-01-30,2,FALSE,4,3,53,46,NA,2022-04-23,2022-03-21
LAK,20212022,2022-02-02,2,FALSE,5,3,55,47,NA,2022-04-23,2022-03-21
LAK,20212022,2022-02-15,0,TRUE,2,5,55,48,NA,2022-04-23,2022-03-21
LAK,20212022,2022-02-18,2,FALSE,4,3,57,49,NA,2022-04-23,2022-03-21
LAK,20212022,2022-02-19,2,FALSE,5,3,59,50,NA,2022-04-23,2022-03-21
LAK,20212022,2022-02-23,2,FALSE,3,2,61,51,NA,2022-04-23,2022-03-21
LAK,20212022,2022-02-25,2,FALSE,4,1,63,52,NA,2022-04-23,2022-03-21
LAK,20212022,2022-02-26,2,TRUE,5,2,65,53,NA,2022-04-23,2022-03-21
LAK,20212022,2022-02-28,0,TRUE,0,7,65,54,NA,2022-04-23,2022-03-21
LAK,20212022,2022-03-02,0,FALSE,3,4,65,55,NA,2022-04-23,2022-03-21
LAK,20212022,2022-03-04,2,FALSE,4,3,67,56,NA,2022-04-23,2022-03-21
LAK,20212022,2022-03-06,2,FALSE,3,0,69,57,NA,2022-04-23,2022-03-21
LAK,20212022,2022-03-07,2,FALSE,3,2,71,58,NA,2022-04-23,2022-03-21
LAK,20212022,2022-03-10,1,TRUE,3,4,72,59,NA,2022-04-23,2022-03-21
LAK,20212022,2022-03-12,0,FALSE,0,5,72,60,NA,2022-04-23,2022-03-21
LAK,20212022,2022-03-13,2,TRUE,3,2,74,61,NA,2022-04-23,2022-03-21
LAK,20212022,2022-03-15,0,TRUE,0,3,74,62,NA,2022-04-23,2022-03-21
LAK,20212022,2022-03-17,2,TRUE,3,0,76,63,NA,2022-04-23,2022-03-21
LAK,20212022,2022-03-19,0,FALSE,1,5,76,64,NA,2022-04-23,2022-03-21
LAK,20212022,2022-03-22,2,TRUE,6,1,78,65,NA,2022-04-23,2022-03-21
LAK,20212022,2022-03-24,1,TRUE,3,4,79,66,NA,2022-04-23,2022-03-21
LAK,20212022,2022-03-26,2,TRUE,4,2,81,67,NA,2022-04-23,2022-03-21
LAK,20212022,2022-03-28,0,TRUE,1,6,81,68,NA,2022-04-23,2022-03-21
LAK,20212022,2022-03-30,1,FALSE,3,4,82,69,NA,2022-04-23,2022-03-21
LAK,20212022,2022-03-31,2,FALSE,3,2,84,70,NA,2022-04-23,2022-03-21
LAK,20212022,2022-04-02,2,FALSE,3,2,86,71,NA,2022-04-23,2022-03-21
LAK,20212022,2022-04-04,0,TRUE,2,3,86,72,NA,2022-04-23,2022-03-21
LAK,20212022,2022-04-07,0,TRUE,2,3,86,73,NA,2022-04-23,2022-03-21
LAK,20212022,2022-04-10,0,FALSE,3,6,86,74,NA,2022-04-23,2022-03-21
LAK,20212022,2022-04-12,2,FALSE,5,2,88,75,NA,2022-04-23,2022-03-21
LAK,20212022,2022-04-13,0,FALSE,3,9,88,76,NA,2022-04-23,2022-03-21
LAK,20212022,2022-04-16,2,TRUE,2,1,90,77,NA,2022-04-23,2022-03-21
LAK,20212022,2022-04-19,2,FALSE,2,1,92,78,NA,2022-04-23,2022-03-21
LAK,20212022,2022-04-21,2,TRUE,4,1,94,79,NA,2022-04-23,2022-03-21
LAK,20212022,2022-04-23,2,TRUE,4,2,96,80,NA,2022-04-23,2022-03-21
LAK,20212022,2022-04-27,2,FALSE,5,3,98,81,NA,2022-04-23,2022-03-21
LAK,20212022,2022-04-28,1,FALSE,2,3,99,82,NA,2022-04-23,2022-03-21
LAK,20222023,2022-10-11,0,TRUE,3,4,0,1,NA,2023-03-25,2023-03-03
LAK,20222023,2022-10-13,0,TRUE,1,4,0,2,NA,2023-03-25,2023-03-03
LAK,20222023,2022-10-15,2,FALSE,7,6,2,3,NA,2023-03-25,2023-03-03
LAK,20222023,2022-10-17,2,FALSE,5,4,4,4,NA,2023-03-25,2023-03-03
LAK,20222023,2022-10-18,2,FALSE,4,3,6,5,NA,2023-03-25,2023-03-03
LAK,20222023,2022-10-20,0,FALSE,1,6,6,6,NA,2023-03-25,2023-03-03
LAK,20222023,2022-10-22,0,FALSE,3,4,6,7,NA,2023-03-25,2023-03-03
LAK,20222023,2022-10-25,2,TRUE,4,2,8,8,NA,2023-03-25,2023-03-03
LAK,20222023,2022-10-27,0,TRUE,4,6,8,9,NA,2023-03-25,2023-03-03
LAK,20222023,2022-10-29,2,TRUE,4,2,10,10,NA,2023-03-25,2023-03-03
LAK,20222023,2022-10-31,2,FALSE,5,1,12,11,NA,2023-03-25,2023-03-03
LAK,20222023,2022-11-01,0,FALSE,2,5,12,12,NA,2023-03-25,2023-03-03
LAK,20222023,2022-11-03,1,FALSE,1,2,13,13,NA,2023-03-25,2023-03-03
LAK,20222023,2022-11-05,2,TRUE,5,4,15,14,NA,2023-03-25,2023-03-03
LAK,20222023,2022-11-08,2,TRUE,1,0,17,15,NA,2023-03-25,2023-03-03
LAK,20222023,2022-11-10,2,TRUE,2,1,19,16,NA,2023-03-25,2023-03-03
LAK,20222023,2022-11-12,2,TRUE,4,3,21,17,NA,2023-03-25,2023-03-03
LAK,20222023,2022-11-14,0,FALSE,5,6,21,18,NA,2023-03-25,2023-03-03
LAK,20222023,2022-11-16,2,FALSE,3,1,23,19,NA,2023-03-25,2023-03-03
LAK,20222023,2022-11-18,0,FALSE,1,4,23,20,NA,2023-03-25,2023-03-03
LAK,20222023,2022-11-19,1,FALSE,2,3,24,21,NA,2023-03-25,2023-03-03
LAK,20222023,2022-11-22,0,TRUE,3,5,24,22,NA,2023-03-25,2023-03-03
LAK,20222023,2022-11-25,2,FALSE,5,2,26,23,NA,2023-03-25,2023-03-03
LAK,20222023,2022-11-27,1,TRUE,2,3,27,24,NA,2023-03-25,2023-03-03
LAK,20222023,2022-11-29,1,TRUE,8,9,28,25,NA,2023-03-25,2023-03-03
LAK,20222023,2022-12-01,2,TRUE,5,3,30,26,NA,2023-03-25,2023-03-03
LAK,20222023,2022-12-03,0,TRUE,2,4,30,27,NA,2023-03-25,2023-03-03
LAK,20222023,2022-12-06,2,FALSE,5,2,32,28,NA,2023-03-25,2023-03-03
LAK,20222023,2022-12-08,0,FALSE,0,5,32,29,NA,2023-03-25,2023-03-03
LAK,20222023,2022-12-10,2,FALSE,4,2,34,30,NA,2023-03-25,2023-03-03
LAK,20222023,2022-12-11,1,FALSE,5,6,35,31,NA,2023-03-25,2023-03-03
LAK,20222023,2022-12-13,0,FALSE,0,6,35,32,NA,2023-03-25,2023-03-03
LAK,20222023,2022-12-15,2,FALSE,3,2,37,33,NA,2023-03-25,2023-03-03
LAK,20222023,2022-12-17,2,TRUE,3,2,39,34,NA,2023-03-25,2023-03-03
LAK,20222023,2022-12-20,2,TRUE,4,1,41,35,NA,2023-03-25,2023-03-03
LAK,20222023,2022-12-22,2,TRUE,4,3,43,36,NA,2023-03-25,2023-03-03
LAK,20222023,2022-12-23,1,FALSE,1,2,44,37,NA,2023-03-25,2023-03-03
LAK,20222023,2022-12-27,2,TRUE,4,2,46,38,NA,2023-03-25,2023-03-03
LAK,20222023,2022-12-29,2,FALSE,5,4,48,39,NA,2023-03-25,2023-03-03
LAK,20222023,2022-12-31,0,TRUE,2,4,48,40,NA,2023-03-25,2023-03-03
LAK,20222023,2023-01-03,2,TRUE,3,2,50,41,NA,2023-03-25,2023-03-03
LAK,20222023,2023-01-05,0,TRUE,2,5,50,42,NA,2023-03-25,2023-03-03
LAK,20222023,2023-01-07,2,FALSE,5,1,52,43,NA,2023-03-25,2023-03-03
LAK,20222023,2023-01-09,2,TRUE,6,3,54,44,NA,2023-03-25,2023-03-03
LAK,20222023,2023-01-11,2,TRUE,4,3,56,45,NA,2023-03-25,2023-03-03
LAK,20222023,2023-01-14,0,TRUE,2,5,56,46,NA,2023-03-25,2023-03-03
LAK,20222023,2023-01-19,0,TRUE,0,4,56,47,NA,2023-03-25,2023-03-03
LAK,20222023,2023-01-21,0,FALSE,3,5,56,48,NA,2023-03-25,2023-03-03
LAK,20222023,2023-01-22,2,FALSE,2,1,58,49,NA,2023-03-25,2023-03-03
LAK,20222023,2023-01-24,2,FALSE,4,3,60,50,NA,2023-03-25,2023-03-03
LAK,20222023,2023-01-27,2,FALSE,4,3,62,51,NA,2023-03-25,2023-03-03
LAK,20222023,2023-01-28,0,FALSE,2,5,62,52,NA,2023-03-25,2023-03-03
LAK,20222023,2023-01-31,1,FALSE,4,5,63,53,NA,2023-03-25,2023-03-03
LAK,20222023,2023-02-11,2,TRUE,6,0,65,54,NA,2023-03-25,2023-03-03
LAK,20222023,2023-02-13,2,TRUE,5,2,67,55,NA,2023-03-25,2023-03-03
LAK,20222023,2023-02-17,2,FALSE,6,3,69,56,NA,2023-03-25,2023-03-03
LAK,20222023,2023-02-18,2,TRUE,6,5,71,57,NA,2023-03-25,2023-03-03
LAK,20222023,2023-02-21,0,FALSE,1,2,71,58,NA,2023-03-25,2023-03-03
LAK,20222023,2023-02-23,1,FALSE,3,4,72,59,NA,2023-03-25,2023-03-03
LAK,20222023,2023-02-24,2,FALSE,3,2,74,60,NA,2023-03-25,2023-03-03
LAK,20222023,2023-02-26,0,FALSE,2,5,74,61,NA,2023-03-25,2023-03-03
LAK,20222023,2023-02-28,2,FALSE,6,5,76,62,NA,2023-03-25,2023-03-03
LAK,20222023,2023-03-02,2,TRUE,3,2,78,63,NA,2023-03-25,2023-03-03
LAK,20222023,2023-03-04,2,TRUE,4,2,80,64,NA,2023-03-25,2023-03-03
LAK,20222023,2023-03-06,2,TRUE,4,2,82,65,NA,2023-03-25,2023-03-03
LAK,20222023,2023-03-09,2,FALSE,5,2,84,66,NA,2023-03-25,2023-03-03
LAK,20222023,2023-03-11,1,TRUE,1,2,85,67,NA,2023-03-25,2023-03-03
LAK,20222023,2023-03-14,2,TRUE,5,2,87,68,NA,2023-03-25,2023-03-03
LAK,20222023,2023-03-16,2,TRUE,4,1,89,69,NA,2023-03-25,2023-03-03
LAK,20222023,2023-03-18,1,TRUE,2,3,90,70,NA,2023-03-25,2023-03-03
LAK,20222023,2023-03-20,2,TRUE,8,2,92,71,NA,2023-03-25,2023-03-03
LAK,20222023,2023-03-25,2,TRUE,4,1,94,72,NA,2023-03-25,2023-03-03
LAK,20222023,2023-03-26,2,TRUE,7,6,96,73,NA,2023-03-25,2023-03-03
LAK,20222023,2023-03-28,0,FALSE,1,2,96,74,NA,2023-03-25,2023-03-03
LAK,20222023,2023-03-30,0,FALSE,0,2,96,75,NA,2023-03-25,2023-03-03
LAK,20222023,2023-04-01,2,FALSE,3,1,98,76,NA,2023-03-25,2023-03-03
LAK,20222023,2023-04-02,2,FALSE,4,1,100,77,NA,2023-03-25,2023-03-03
LAK,20222023,2023-04-04,0,TRUE,1,3,100,78,NA,2023-03-25,2023-03-03
LAK,20222023,2023-04-06,0,FALSE,2,5,100,79,NA,2023-03-25,2023-03-03
LAK,20222023,2023-04-08,0,TRUE,3,4,100,80,NA,2023-03-25,2023-03-03
LAK,20222023,2023-04-10,2,TRUE,3,0,102,81,NA,2023-03-25,2023-03-03
LAK,20222023,2023-04-13,2,FALSE,5,3,104,82,NA,2023-03-25,2023-03-03
LAK,20232024,2023-10-11,0,TRUE,2,5,0,1,NA,2024-04-06,2024-03-08
LAK,20232024,2023-10-14,1,TRUE,5,6,1,2,NA,2024-04-06,2024-03-08
LAK,20232024,2023-10-17,2,FALSE,5,1,3,3,NA,2024-04-06,2024-03-08
LAK,20232024,2023-10-19,2,FALSE,7,3,5,4,NA,2024-04-06,2024-03-08
LAK,20232024,2023-10-21,0,TRUE,2,4,5,5,NA,2024-04-06,2024-03-08
LAK,20232024,2023-10-24,2,TRUE,6,3,7,6,NA,2024-04-06,2024-03-08
LAK,20232024,2023-10-27,2,FALSE,5,4,9,7,NA,2024-04-06,2024-03-08
LAK,20232024,2023-10-28,1,TRUE,3,4,10,8,NA,2024-04-06,2024-03-08
LAK,20232024,2023-10-31,2,FALSE,4,1,12,9,NA,2024-04-06,2024-03-08
LAK,20232024,2023-11-02,2,FALSE,3,2,14,10,NA,2024-04-06,2024-03-08
LAK,20232024,2023-11-04,2,FALSE,5,0,16,11,NA,2024-04-06,2024-03-08
LAK,20232024,2023-11-08,2,FALSE,4,1,18,12,NA,2024-04-06,2024-03-08
LAK,20232024,2023-11-09,1,TRUE,3,4,19,13,NA,2024-04-06,2024-03-08
LAK,20232024,2023-11-11,0,TRUE,2,4,19,14,NA,2024-04-06,2024-03-08
LAK,20232024,2023-11-16,2,TRUE,2,1,21,15,NA,2024-04-06,2024-03-08
LAK,20232024,2023-11-18,2,TRUE,5,1,23,16,NA,2024-04-06,2024-03-08
LAK,20232024,2023-11-20,2,FALSE,4,1,25,17,NA,2024-04-06,2024-03-08
LAK,20232024,2023-11-24,2,FALSE,5,2,27,18,NA,2024-04-06,2024-03-08
LAK,20232024,2023-11-25,2,TRUE,4,0,29,19,NA,2024-04-06,2024-03-08
LAK,20232024,2023-11-29,0,TRUE,1,2,29,20,NA,2024-04-06,2024-03-08
LAK,20232024,2023-12-03,2,TRUE,4,1,31,21,NA,2024-04-06,2024-03-08
LAK,20232024,2023-12-05,2,FALSE,4,3,33,22,NA,2024-04-06,2024-03-08
LAK,20232024,2023-12-07,2,FALSE,4,0,35,23,NA,2024-04-06,2024-03-08
LAK,20232024,2023-12-09,1,FALSE,2,3,36,24,NA,2024-04-06,2024-03-08
LAK,20232024,2023-12-10,0,FALSE,1,4,36,25,NA,2024-04-06,2024-03-08
LAK,20232024,2023-12-13,0,TRUE,2,5,36,26,NA,2024-04-06,2024-03-08
LAK,20232024,2023-12-16,2,FALSE,3,2,38,27,NA,2024-04-06,2024-03-08
LAK,20232024,2023-12-19,2,FALSE,4,1,40,28,NA,2024-04-06,2024-03-08
LAK,20232024,2023-12-20,0,TRUE,1,2,40,29,NA,2024-04-06,2024-03-08
LAK,20232024,2023-12-23,2,TRUE,5,3,42,30,NA,2024-04-06,2024-03-08
LAK,20232024,2023-12-27,2,TRUE,5,1,44,31,NA,2024-04-06,2024-03-08
LAK,20232024,2023-12-28,0,FALSE,2,3,44,32,NA,2024-04-06,2024-03-08
LAK,20232024,2023-12-30,1,TRUE,2,3,45,33,NA,2024-04-06,2024-03-08
LAK,20232024,2024-01-02,0,TRUE,0,3,45,34,NA,2024-04-06,2024-03-08
LAK,20232024,2024-01-04,1,TRUE,3,4,46,35,NA,2024-04-06,2024-03-08
LAK,20232024,2024-01-07,0,FALSE,3,4,46,36,NA,2024-04-06,2024-03-08
LAK,20232024,2024-01-09,1,FALSE,2,3,47,37,NA,2024-04-06,2024-03-08
LAK,20232024,2024-01-11,1,FALSE,2,3,48,38,NA,2024-04-06,2024-03-08
LAK,20232024,2024-01-13,0,FALSE,3,5,48,39,NA,2024-04-06,2024-03-08
LAK,20232024,2024-01-15,2,FALSE,5,2,50,40,NA,2024-04-06,2024-03-08
LAK,20232024,2024-01-16,0,FALSE,1,5,50,41,NA,2024-04-06,2024-03-08
LAK,20232024,2024-01-18,0,TRUE,1,2,50,42,NA,2024-04-06,2024-03-08
LAK,20232024,2024-01-20,2,TRUE,2,1,52,43,NA,2024-04-06,2024-03-08
LAK,20232024,2024-01-22,1,TRUE,3,4,53,44,NA,2024-04-06,2024-03-08
LAK,20232024,2024-01-24,0,TRUE,3,5,53,45,NA,2024-04-06,2024-03-08
LAK,20232024,2024-01-26,0,FALSE,1,5,53,46,NA,2024-04-06,2024-03-08
LAK,20232024,2024-01-28,1,FALSE,3,4,54,47,NA,2024-04-06,2024-03-08
LAK,20232024,2024-01-31,2,FALSE,4,2,56,48,NA,2024-04-06,2024-03-08
LAK,20232024,2024-02-10,2,TRUE,4,0,58,49,NA,2024-04-06,2024-03-08
LAK,20232024,2024-02-13,0,FALSE,0,7,58,50,NA,2024-04-06,2024-03-08
LAK,20232024,2024-02-15,2,FALSE,2,1,60,51,NA,2024-04-06,2024-03-08
LAK,20232024,2024-02-17,2,FALSE,5,4,62,52,NA,2024-04-06,2024-03-08
LAK,20232024,2024-02-18,2,FALSE,2,1,64,53,NA,2024-04-06,2024-03-08
LAK,20232024,2024-02-20,2,TRUE,5,1,66,54,NA,2024-04-06,2024-03-08
LAK,20232024,2024-02-22,0,TRUE,1,4,66,55,NA,2024-04-06,2024-03-08
LAK,20232024,2024-02-24,2,TRUE,3,2,68,56,NA,2024-04-06,2024-03-08
LAK,20232024,2024-02-26,0,FALSE,2,4,68,57,NA,2024-04-06,2024-03-08
LAK,20232024,2024-02-27,0,FALSE,2,4,68,58,NA,2024-04-06,2024-03-08
LAK,20232024,2024-02-29,2,FALSE,5,1,70,59,NA,2024-04-06,2024-03-08
LAK,20232024,2024-03-03,2,TRUE,5,1,72,60,NA,2024-04-06,2024-03-08
LAK,20232024,2024-03-05,1,TRUE,1,2,73,61,NA,2024-04-06,2024-03-08
LAK,20232024,2024-03-07,2,TRUE,4,3,75,62,NA,2024-04-06,2024-03-08
LAK,20232024,2024-03-09,0,TRUE,1,4,75,63,NA,2024-04-06,2024-03-08
LAK,20232024,2024-03-11,2,TRUE,3,0,77,64,NA,2024-04-06,2024-03-08
LAK,20232024,2024-03-13,0,FALSE,1,3,77,65,NA,2024-04-06,2024-03-08
LAK,20232024,2024-03-15,2,FALSE,5,0,79,66,NA,2024-04-06,2024-03-08
LAK,20232024,2024-03-16,0,FALSE,1,4,79,67,NA,2024-04-06,2024-03-08
LAK,20232024,2024-03-19,2,TRUE,6,2,81,68,NA,2024-04-06,2024-03-08
LAK,20232024,2024-03-20,2,TRUE,6,0,83,69,NA,2024-04-06,2024-03-08
LAK,20232024,2024-03-23,2,TRUE,4,3,85,70,NA,2024-04-06,2024-03-08
LAK,20232024,2024-03-25,2,FALSE,3,2,87,71,NA,2024-04-06,2024-03-08
LAK,20232024,2024-03-28,0,FALSE,1,4,87,72,NA,2024-04-06,2024-03-08
LAK,20232024,2024-03-30,0,FALSE,2,4,87,73,NA,2024-04-06,2024-03-08
LAK,20232024,2024-04-01,0,FALSE,3,4,87,74,NA,2024-04-06,2024-03-08
LAK,20232024,2024-04-03,2,TRUE,5,2,89,75,NA,2024-04-06,2024-03-08
LAK,20232024,2024-04-04,2,FALSE,2,1,91,76,NA,2024-04-06,2024-03-08
LAK,20232024,2024-04-06,2,TRUE,6,3,93,77,NA,2024-04-06,2024-03-08
LAK,20232024,2024-04-09,0,FALSE,1,3,93,78,NA,2024-04-06,2024-03-08
LAK,20232024,2024-04-11,2,TRUE,4,1,95,79,NA,2024-04-06,2024-03-08
LAK,20232024,2024-04-13,2,TRUE,3,1,97,80,NA,2024-04-06,2024-03-08
LAK,20232024,2024-04-15,0,TRUE,1,3,97,81,NA,2024-04-06,2024-03-08
LAK,20232024,2024-04-18,2,TRUE,5,4,99,82,NA,2024-04-06,2024-03-08
MIN,20212022,2021-10-15,2,FALSE,2,1,2,1,NA,2022-04-12,2022-03-21
MIN,20212022,2021-10-16,2,FALSE,3,2,4,2,NA,2022-04-12,2022-03-21
MIN,20212022,2021-10-19,2,TRUE,6,5,6,3,NA,2022-04-12,2022-03-21
MIN,20212022,2021-10-23,2,TRUE,4,3,8,4,NA,2022-04-12,2022-03-21
MIN,20212022,2021-10-24,0,TRUE,2,5,8,5,NA,2022-04-12,2022-03-21
MIN,20212022,2021-10-26,2,FALSE,3,2,10,6,NA,2022-04-12,2022-03-21
MIN,20212022,2021-10-28,0,FALSE,1,4,10,7,NA,2022-04-12,2022-03-21
MIN,20212022,2021-10-30,0,FALSE,1,4,10,8,NA,2022-04-12,2022-03-21
MIN,20212022,2021-11-02,2,TRUE,5,4,12,9,NA,2022-04-12,2022-03-21
MIN,20212022,2021-11-06,2,FALSE,5,4,14,10,NA,2022-04-12,2022-03-21
MIN,20212022,2021-11-07,2,TRUE,5,2,16,11,NA,2022-04-12,2022-03-21
MIN,20212022,2021-11-10,2,FALSE,5,2,18,12,NA,2022-04-12,2022-03-21
MIN,20212022,2021-11-11,0,FALSE,2,3,18,13,NA,2022-04-12,2022-03-21
MIN,20212022,2021-11-13,2,FALSE,4,2,20,14,NA,2022-04-12,2022-03-21
MIN,20212022,2021-11-16,0,TRUE,1,4,20,15,NA,2022-04-12,2022-03-21
MIN,20212022,2021-11-18,2,TRUE,7,2,22,16,NA,2022-04-12,2022-03-21
MIN,20212022,2021-11-20,0,FALSE,4,5,22,17,NA,2022-04-12,2022-03-21
MIN,20212022,2021-11-21,1,FALSE,4,5,23,18,NA,2022-04-12,2022-03-21
MIN,20212022,2021-11-24,2,FALSE,3,2,25,19,NA,2022-04-12,2022-03-21
MIN,20212022,2021-11-26,2,TRUE,7,1,27,20,NA,2022-04-12,2022-03-21
MIN,20212022,2021-11-28,2,TRUE,4,2,29,21,NA,2022-04-12,2022-03-21
MIN,20212022,2021-11-30,2,TRUE,5,2,31,22,NA,2022-04-12,2022-03-21
MIN,20212022,2021-12-02,2,TRUE,5,2,33,23,NA,2022-04-12,2022-03-21
MIN,20212022,2021-12-04,2,TRUE,4,3,35,24,NA,2022-04-12,2022-03-21
MIN,20212022,2021-12-07,2,FALSE,4,1,37,25,NA,2022-04-12,2022-03-21
MIN,20212022,2021-12-09,2,FALSE,5,2,39,26,NA,2022-04-12,2022-03-21
MIN,20212022,2021-12-11,0,FALSE,1,2,39,27,NA,2022-04-12,2022-03-21
MIN,20212022,2021-12-12,0,FALSE,4,6,39,28,NA,2022-04-12,2022-03-21
MIN,20212022,2021-12-16,1,TRUE,2,3,40,29,NA,2022-04-12,2022-03-21
MIN,20212022,2021-12-20,0,FALSE,4,7,40,30,NA,2022-04-12,2022-03-21
MIN,20212022,2022-01-01,0,TRUE,4,6,40,31,NA,2022-04-12,2022-03-21
MIN,20212022,2022-01-06,2,FALSE,3,2,42,32,NA,2022-04-12,2022-03-21
MIN,20212022,2022-01-08,2,TRUE,3,2,44,33,NA,2022-04-12,2022-03-21
MIN,20212022,2022-01-14,2,TRUE,7,3,46,34,NA,2022-04-12,2022-03-21
MIN,20212022,2022-01-17,1,FALSE,3,4,47,35,NA,2022-04-12,2022-03-21
MIN,20212022,2022-01-21,2,FALSE,5,1,49,36,NA,2022-04-12,2022-03-21
MIN,20212022,2022-01-22,2,TRUE,4,3,51,37,NA,2022-04-12,2022-03-21
MIN,20212022,2022-01-24,2,TRUE,8,2,53,38,NA,2022-04-12,2022-03-21
MIN,20212022,2022-01-28,2,FALSE,3,2,55,39,NA,2022-04-12,2022-03-21
MIN,20212022,2022-01-30,2,FALSE,4,3,57,40,NA,2022-04-12,2022-03-21
MIN,20212022,2022-02-02,2,FALSE,5,0,59,41,NA,2022-04-12,2022-03-21
MIN,20212022,2022-02-08,0,FALSE,0,2,59,42,NA,2022-04-12,2022-03-21
MIN,20212022,2022-02-12,2,TRUE,3,2,61,43,NA,2022-04-12,2022-03-21
MIN,20212022,2022-02-14,2,TRUE,7,4,63,44,NA,2022-04-12,2022-03-21
MIN,20212022,2022-02-16,0,FALSE,3,6,63,45,NA,2022-04-12,2022-03-21
MIN,20212022,2022-02-18,0,TRUE,2,6,63,46,NA,2022-04-12,2022-03-21
MIN,20212022,2022-02-20,2,FALSE,7,3,65,47,NA,2022-04-12,2022-03-21
MIN,20212022,2022-02-22,0,FALSE,3,4,65,48,NA,2022-04-12,2022-03-21
MIN,20212022,2022-02-24,0,FALSE,1,3,65,49,NA,2022-04-12,2022-03-21
MIN,20212022,2022-02-26,0,FALSE,3,7,65,50,NA,2022-04-12,2022-03-21
MIN,20212022,2022-03-01,0,TRUE,1,5,65,51,NA,2022-04-12,2022-03-21
MIN,20212022,2022-03-03,2,FALSE,5,4,67,52,NA,2022-04-12,2022-03-21
MIN,20212022,2022-03-04,0,FALSE,4,5,67,53,NA,2022-04-12,2022-03-21
MIN,20212022,2022-03-06,0,TRUE,3,6,67,54,NA,2022-04-12,2022-03-21
MIN,20212022,2022-03-08,2,TRUE,5,2,69,55,NA,2022-04-12,2022-03-21
MIN,20212022,2022-03-10,2,FALSE,6,5,71,56,NA,2022-04-12,2022-03-21
MIN,20212022,2022-03-11,1,FALSE,2,3,72,57,NA,2022-04-12,2022-03-21
MIN,20212022,2022-03-13,0,TRUE,2,6,72,58,NA,2022-04-12,2022-03-21
MIN,20212022,2022-03-16,2,TRUE,4,2,74,59,NA,2022-04-12,2022-03-21
MIN,20212022,2022-03-19,2,TRUE,3,1,76,60,NA,2022-04-12,2022-03-21
MIN,20212022,2022-03-21,2,TRUE,3,0,78,61,NA,2022-04-12,2022-03-21
MIN,20212022,2022-03-24,2,TRUE,3,2,80,62,NA,2022-04-12,2022-03-21
MIN,20212022,2022-03-26,2,TRUE,3,2,82,63,NA,2022-04-12,2022-03-21
MIN,20212022,2022-03-27,2,TRUE,3,2,84,64,NA,2022-04-12,2022-03-21
MIN,20212022,2022-03-29,2,TRUE,4,1,86,65,NA,2022-04-12,2022-03-21
MIN,20212022,2022-03-31,1,TRUE,3,4,87,66,NA,2022-04-12,2022-03-21
MIN,20212022,2022-04-02,2,FALSE,3,1,89,67,NA,2022-04-12,2022-03-21
MIN,20212022,2022-04-03,2,FALSE,5,1,91,68,NA,2022-04-12,2022-03-21
MIN,20212022,2022-04-05,0,FALSE,2,6,91,69,NA,2022-04-12,2022-03-21
MIN,20212022,2022-04-08,1,FALSE,3,4,92,70,NA,2022-04-12,2022-03-21
MIN,20212022,2022-04-10,2,TRUE,6,3,94,71,NA,2022-04-12,2022-03-21
MIN,20212022,2022-04-12,2,TRUE,5,1,96,72,NA,2022-04-12,2022-03-21
MIN,20212022,2022-04-14,2,FALSE,3,2,98,73,NA,2022-04-12,2022-03-21
MIN,20212022,2022-04-16,1,FALSE,5,6,99,74,NA,2022-04-12,2022-03-21
MIN,20212022,2022-04-17,2,TRUE,5,4,101,75,NA,2022-04-12,2022-03-21
MIN,20212022,2022-04-19,2,FALSE,2,0,103,76,NA,2022-04-12,2022-03-21
MIN,20212022,2022-04-21,2,TRUE,6,3,105,77,NA,2022-04-12,2022-03-21
MIN,20212022,2022-04-22,2,TRUE,6,3,107,78,NA,2022-04-12,2022-03-21
MIN,20212022,2022-04-24,2,FALSE,5,4,109,79,NA,2022-04-12,2022-03-21
MIN,20212022,2022-04-26,0,TRUE,3,5,109,80,NA,2022-04-12,2022-03-21
MIN,20212022,2022-04-28,2,TRUE,3,2,111,81,NA,2022-04-12,2022-03-21
MIN,20212022,2022-04-29,2,TRUE,4,1,113,82,NA,2022-04-12,2022-03-21
MIN,20222023,2022-10-13,0,TRUE,3,7,0,1,NA,2023-03-25,2023-03-03
MIN,20222023,2022-10-15,0,TRUE,6,7,0,2,NA,2023-03-25,2023-03-03
MIN,20222023,2022-10-17,0,TRUE,3,6,0,3,NA,2023-03-25,2023-03-03
MIN,20222023,2022-10-20,2,TRUE,4,3,2,4,NA,2023-03-25,2023-03-03
MIN,20222023,2022-10-22,1,FALSE,3,4,3,5,NA,2023-03-25,2023-03-03
MIN,20222023,2022-10-25,2,FALSE,3,1,5,6,NA,2023-03-25,2023-03-03
MIN,20222023,2022-10-27,2,FALSE,4,2,7,7,NA,2023-03-25,2023-03-03
MIN,20222023,2022-10-29,0,FALSE,1,2,7,8,NA,2023-03-25,2023-03-03
MIN,20222023,2022-10-30,2,FALSE,4,3,9,9,NA,2023-03-25,2023-03-03
MIN,20222023,2022-11-01,2,TRUE,4,1,11,10,NA,2023-03-25,2023-03-03
MIN,20222023,2022-11-03,0,TRUE,0,4,11,11,NA,2023-03-25,2023-03-03
MIN,20222023,2022-11-08,0,FALSE,0,1,11,12,NA,2023-03-25,2023-03-03
MIN,20222023,2022-11-09,2,FALSE,4,1,13,13,NA,2023-03-25,2023-03-03
MIN,20222023,2022-11-11,2,FALSE,1,0,15,14,NA,2023-03-25,2023-03-03
MIN,20222023,2022-11-13,1,TRUE,2,3,16,15,NA,2023-03-25,2023-03-03
MIN,20222023,2022-11-15,0,FALSE,1,2,16,16,NA,2023-03-25,2023-03-03
MIN,20222023,2022-11-17,0,TRUE,4,6,16,17,NA,2023-03-25,2023-03-03
MIN,20222023,2022-11-19,2,TRUE,2,1,18,18,NA,2023-03-25,2023-03-03
MIN,20222023,2022-11-23,2,TRUE,6,1,20,19,NA,2023-03-25,2023-03-03
MIN,20222023,2022-11-25,0,TRUE,3,4,20,20,NA,2023-03-25,2023-03-03
MIN,20222023,2022-11-27,2,TRUE,4,3,22,21,NA,2023-03-25,2023-03-03
MIN,20222023,2022-12-01,2,TRUE,5,3,24,22,NA,2023-03-25,2023-03-03
MIN,20222023,2022-12-03,2,TRUE,5,4,26,23,NA,2023-03-25,2023-03-03
MIN,20222023,2022-12-04,2,FALSE,6,5,28,24,NA,2023-03-25,2023-03-03
MIN,20222023,2022-12-07,0,FALSE,3,5,28,25,NA,2023-03-25,2023-03-03
MIN,20222023,2022-12-09,0,FALSE,2,5,28,26,NA,2023-03-25,2023-03-03
MIN,20222023,2022-12-10,2,FALSE,3,0,30,27,NA,2023-03-25,2023-03-03
MIN,20222023,2022-12-12,2,TRUE,2,1,32,28,NA,2023-03-25,2023-03-03
MIN,20222023,2022-12-14,2,TRUE,4,1,34,29,NA,2023-03-25,2023-03-03
MIN,20222023,2022-12-16,2,TRUE,4,1,36,30,NA,2023-03-25,2023-03-03
MIN,20222023,2022-12-18,2,TRUE,4,2,38,31,NA,2023-03-25,2023-03-03
MIN,20222023,2022-12-21,2,FALSE,4,1,40,32,NA,2023-03-25,2023-03-03
MIN,20222023,2022-12-22,0,FALSE,2,5,40,33,NA,2023-03-25,2023-03-03
MIN,20222023,2022-12-27,2,FALSE,4,1,42,34,NA,2023-03-25,2023-03-03
MIN,20222023,2022-12-29,0,TRUE,1,4,42,35,NA,2023-03-25,2023-03-03
MIN,20222023,2022-12-31,2,FALSE,5,2,44,36,NA,2023-03-25,2023-03-03
MIN,20222023,2023-01-04,2,TRUE,5,1,46,37,NA,2023-03-25,2023-03-03
MIN,20222023,2023-01-07,1,FALSE,5,6,47,38,NA,2023-03-25,2023-03-03
MIN,20222023,2023-01-08,0,TRUE,0,3,47,39,NA,2023-03-25,2023-03-03
MIN,20222023,2023-01-10,1,FALSE,3,4,48,40,NA,2023-03-25,2023-03-03
MIN,20222023,2023-01-12,2,FALSE,3,1,50,41,NA,2023-03-25,2023-03-03
MIN,20222023,2023-01-14,2,TRUE,2,1,52,42,NA,2023-03-25,2023-03-03
MIN,20222023,2023-01-17,2,FALSE,4,2,54,43,NA,2023-03-25,2023-03-03
MIN,20222023,2023-01-19,0,FALSE,2,5,54,44,NA,2023-03-25,2023-03-03
MIN,20222023,2023-01-21,0,FALSE,3,5,54,45,NA,2023-03-25,2023-03-03
MIN,20222023,2023-01-24,0,FALSE,2,4,54,46,NA,2023-03-25,2023-03-03
MIN,20222023,2023-01-26,2,TRUE,3,2,56,47,NA,2023-03-25,2023-03-03
MIN,20222023,2023-01-28,2,TRUE,3,2,58,48,NA,2023-03-25,2023-03-03
MIN,20222023,2023-02-06,0,FALSE,2,3,58,49,NA,2023-03-25,2023-03-03
MIN,20222023,2023-02-08,0,FALSE,1,4,58,50,NA,2023-03-25,2023-03-03
MIN,20222023,2023-02-09,0,TRUE,1,5,58,51,NA,2023-03-25,2023-03-03
MIN,20222023,2023-02-11,2,TRUE,3,2,60,52,NA,2023-03-25,2023-03-03
MIN,20222023,2023-02-13,1,TRUE,1,2,61,53,NA,2023-03-25,2023-03-03
MIN,20222023,2023-02-15,0,TRUE,2,3,61,54,NA,2023-03-25,2023-03-03
MIN,20222023,2023-02-17,2,TRUE,2,1,63,55,NA,2023-03-25,2023-03-03
MIN,20222023,2023-02-19,2,TRUE,4,3,65,56,NA,2023-03-25,2023-03-03
MIN,20222023,2023-02-21,2,TRUE,2,1,67,57,NA,2023-03-25,2023-03-03
MIN,20222023,2023-02-23,2,FALSE,2,0,69,58,NA,2023-03-25,2023-03-03
MIN,20222023,2023-02-24,1,FALSE,1,2,70,59,NA,2023-03-25,2023-03-03
MIN,20222023,2023-02-26,2,TRUE,3,2,72,60,NA,2023-03-25,2023-03-03
MIN,20222023,2023-02-28,2,TRUE,2,1,74,61,NA,2023-03-25,2023-03-03
MIN,20222023,2023-03-02,2,FALSE,2,1,76,62,NA,2023-03-25,2023-03-03
MIN,20222023,2023-03-04,2,FALSE,3,0,78,63,NA,2023-03-25,2023-03-03
MIN,20222023,2023-03-07,1,TRUE,0,1,79,64,NA,2023-03-25,2023-03-03
MIN,20222023,2023-03-08,2,FALSE,4,2,81,65,NA,2023-03-25,2023-03-03
MIN,20222023,2023-03-11,2,FALSE,5,2,83,66,NA,2023-03-25,2023-03-03
MIN,20222023,2023-03-12,1,FALSE,4,5,84,67,NA,2023-03-25,2023-03-03
MIN,20222023,2023-03-15,2,FALSE,8,5,86,68,NA,2023-03-25,2023-03-03
MIN,20222023,2023-03-18,0,TRUE,2,5,86,69,NA,2023-03-25,2023-03-03
MIN,20222023,2023-03-19,2,TRUE,5,3,88,70,NA,2023-03-25,2023-03-03
MIN,20222023,2023-03-21,2,FALSE,2,1,90,71,NA,2023-03-25,2023-03-03
MIN,20222023,2023-03-23,1,FALSE,4,5,91,72,NA,2023-03-25,2023-03-03
MIN,20222023,2023-03-25,2,TRUE,3,1,93,73,NA,2023-03-25,2023-03-03
MIN,20222023,2023-03-27,2,TRUE,5,1,95,74,NA,2023-03-25,2023-03-03
MIN,20222023,2023-03-29,2,FALSE,4,2,97,75,NA,2023-03-25,2023-03-03
MIN,20222023,2023-04-01,0,FALSE,1,4,97,76,NA,2023-03-25,2023-03-03
MIN,20222023,2023-04-03,1,TRUE,3,4,98,77,NA,2023-03-25,2023-03-03
MIN,20222023,2023-04-06,0,FALSE,1,4,98,78,NA,2023-03-25,2023-03-03
MIN,20222023,2023-04-08,2,TRUE,5,3,100,79,NA,2023-03-25,2023-03-03
MIN,20222023,2023-04-10,2,FALSE,4,2,102,80,NA,2023-03-25,2023-03-03
MIN,20222023,2023-04-11,0,TRUE,1,3,102,81,NA,2023-03-25,2023-03-03
MIN,20222023,2023-04-13,1,FALSE,3,4,103,82,NA,2023-03-25,2023-03-03
MIN,20232024,2023-10-12,2,TRUE,2,0,2,1,2024-04-12,NA,2024-03-08
MIN,20232024,2023-10-14,0,FALSE,4,7,2,2,2024-04-12,NA,2024-03-08
MIN,20232024,2023-10-17,2,FALSE,5,2,4,3,2024-04-12,NA,2024-03-08
MIN,20232024,2023-10-19,0,TRUE,3,7,4,4,2024-04-12,NA,2024-03-08
MIN,20232024,2023-10-21,1,TRUE,4,5,5,5,2024-04-12,NA,2024-03-08
MIN,20232024,2023-10-24,2,TRUE,7,4,7,6,2024-04-12,NA,2024-03-08
MIN,20232024,2023-10-26,0,FALSE,2,6,7,7,2024-04-12,NA,2024-03-08
MIN,20232024,2023-10-27,1,FALSE,2,3,8,8,2024-04-12,NA,2024-03-08
MIN,20232024,2023-10-29,0,FALSE,3,4,8,9,2024-04-12,NA,2024-03-08
MIN,20232024,2023-11-02,0,TRUE,3,5,8,10,2024-04-12,NA,2024-03-08
MIN,20232024,2023-11-04,2,TRUE,5,4,10,11,2024-04-12,NA,2024-03-08
MIN,20232024,2023-11-07,2,FALSE,4,2,12,12,2024-04-12,NA,2024-03-08
MIN,20232024,2023-11-09,0,FALSE,1,4,12,13,2024-04-12,NA,2024-03-08
MIN,20232024,2023-11-10,0,FALSE,2,3,12,14,2024-04-12,NA,2024-03-08
MIN,20232024,2023-11-12,0,TRUE,3,8,12,15,2024-04-12,NA,2024-03-08
MIN,20232024,2023-11-18,1,FALSE,1,2,13,16,2024-04-12,NA,2024-03-08
MIN,20232024,2023-11-19,1,TRUE,3,4,14,17,2024-04-12,NA,2024-03-08
MIN,20232024,2023-11-24,0,TRUE,2,3,14,18,2024-04-12,NA,2024-03-08
MIN,20232024,2023-11-26,0,FALSE,1,4,14,19,2024-04-12,NA,2024-03-08
MIN,20232024,2023-11-28,2,TRUE,3,1,16,20,2024-04-12,NA,2024-03-08
MIN,20232024,2023-11-30,2,FALSE,6,1,18,21,2024-04-12,NA,2024-03-08
MIN,20232024,2023-12-03,2,TRUE,4,1,20,22,2024-04-12,NA,2024-03-08
MIN,20232024,2023-12-05,2,FALSE,5,2,22,23,2024-04-12,NA,2024-03-08
MIN,20232024,2023-12-07,0,FALSE,0,2,22,24,2024-04-12,NA,2024-03-08
MIN,20232024,2023-12-08,0,FALSE,3,4,22,25,2024-04-12,NA,2024-03-08
MIN,20232024,2023-12-10,2,FALSE,3,0,24,26,2024-04-12,NA,2024-03-08
MIN,20232024,2023-12-14,2,TRUE,3,2,26,27,2024-04-12,NA,2024-03-08
MIN,20232024,2023-12-16,2,TRUE,2,1,28,28,2024-04-12,NA,2024-03-08
MIN,20232024,2023-12-18,0,FALSE,3,4,28,29,2024-04-12,NA,2024-03-08
MIN,20232024,2023-12-19,2,FALSE,4,3,30,30,2024-04-12,NA,2024-03-08
MIN,20232024,2023-12-21,2,TRUE,4,3,32,31,2024-04-12,NA,2024-03-08
MIN,20232024,2023-12-23,2,TRUE,3,2,34,32,2024-04-12,NA,2024-03-08
MIN,20232024,2023-12-27,2,TRUE,6,3,36,33,2024-04-12,NA,2024-03-08
MIN,20232024,2023-12-30,0,FALSE,2,4,36,34,2024-04-12,NA,2024-03-08
MIN,20232024,2023-12-31,0,TRUE,2,3,36,35,2024-04-12,NA,2024-03-08
MIN,20232024,2024-01-02,0,TRUE,1,3,36,36,2024-04-12,NA,2024-03-08
MIN,20232024,2024-01-04,0,TRUE,1,4,36,37,2024-04-12,NA,2024-03-08
MIN,20232024,2024-01-06,2,FALSE,4,3,38,38,2024-04-12,NA,2024-03-08
MIN,20232024,2024-01-08,0,TRUE,0,4,38,39,2024-04-12,NA,2024-03-08
MIN,20232024,2024-01-10,0,FALSE,2,7,38,40,2024-04-12,NA,2024-03-08
MIN,20232024,2024-01-12,1,TRUE,3,4,39,41,2024-04-12,NA,2024-03-08
MIN,20232024,2024-01-13,0,TRUE,0,6,39,42,2024-04-12,NA,2024-03-08
MIN,20232024,2024-01-15,2,TRUE,5,0,41,43,2024-04-12,NA,2024-03-08
MIN,20232024,2024-01-18,0,FALSE,3,7,41,44,2024-04-12,NA,2024-03-08
MIN,20232024,2024-01-19,2,FALSE,6,4,43,45,2024-04-12,NA,2024-03-08
MIN,20232024,2024-01-21,2,FALSE,5,2,45,46,2024-04-12,NA,2024-03-08
MIN,20232024,2024-01-23,2,TRUE,5,3,47,47,2024-04-12,NA,2024-03-08
MIN,20232024,2024-01-25,0,TRUE,2,3,47,48,2024-04-12,NA,2024-03-08
MIN,20232024,2024-01-27,0,TRUE,2,3,47,49,2024-04-12,NA,2024-03-08
MIN,20232024,2024-02-07,2,FALSE,2,1,49,50,2024-04-12,NA,2024-03-08
MIN,20232024,2024-02-09,2,TRUE,3,2,51,51,2024-04-12,NA,2024-03-08
MIN,20232024,2024-02-12,2,FALSE,5,3,53,52,2024-04-12,NA,2024-03-08
MIN,20232024,2024-02-14,2,FALSE,3,1,55,53,2024-04-12,NA,2024-03-08
MIN,20232024,2024-02-17,1,TRUE,2,3,56,54,2024-04-12,NA,2024-03-08
MIN,20232024,2024-02-19,2,TRUE,10,7,58,55,2024-04-12,NA,2024-03-08
MIN,20232024,2024-02-20,0,FALSE,3,6,58,56,2024-04-12,NA,2024-03-08
MIN,20232024,2024-02-23,2,FALSE,4,2,60,57,2024-04-12,NA,2024-03-08
MIN,20232024,2024-02-24,2,FALSE,5,2,62,58,2024-04-12,NA,2024-03-08
MIN,20232024,2024-02-27,0,TRUE,2,3,62,59,2024-04-12,NA,2024-03-08
MIN,20232024,2024-02-29,0,FALSE,1,6,62,60,2024-04-12,NA,2024-03-08
MIN,20232024,2024-03-02,0,FALSE,1,3,62,61,2024-04-12,NA,2024-03-08
MIN,20232024,2024-03-03,2,TRUE,4,3,64,62,2024-04-12,NA,2024-03-08
MIN,20232024,2024-03-07,2,FALSE,5,2,66,63,2024-04-12,NA,2024-03-08
MIN,20232024,2024-03-08,1,FALSE,1,2,67,64,2024-04-12,NA,2024-03-08
MIN,20232024,2024-03-10,2,TRUE,4,3,69,65,2024-04-12,NA,2024-03-08
MIN,20232024,2024-03-12,2,TRUE,4,1,71,66,2024-04-12,NA,2024-03-08
MIN,20232024,2024-03-14,2,TRUE,2,0,73,67,2024-04-12,NA,2024-03-08
MIN,20232024,2024-03-16,1,FALSE,2,3,74,68,2024-04-12,NA,2024-03-08
MIN,20232024,2024-03-19,2,FALSE,4,0,76,69,2024-04-12,NA,2024-03-08
MIN,20232024,2024-03-20,0,FALSE,0,6,76,70,2024-04-12,NA,2024-03-08
MIN,20232024,2024-03-23,1,TRUE,4,5,77,71,2024-04-12,NA,2024-03-08
MIN,20232024,2024-03-28,2,TRUE,3,1,79,72,2024-04-12,NA,2024-03-08
MIN,20232024,2024-03-30,1,TRUE,1,2,80,73,2024-04-12,NA,2024-03-08
MIN,20232024,2024-04-02,2,TRUE,3,2,82,74,2024-04-12,NA,2024-03-08
MIN,20232024,2024-04-04,0,TRUE,2,5,82,75,2024-04-12,NA,2024-03-08
MIN,20232024,2024-04-06,0,TRUE,2,4,82,76,2024-04-12,NA,2024-03-08
MIN,20232024,2024-04-07,2,FALSE,4,0,84,77,2024-04-12,NA,2024-03-08
MIN,20232024,2024-04-09,0,FALSE,2,5,84,78,2024-04-12,NA,2024-03-08
MIN,20232024,2024-04-12,0,FALSE,2,7,84,79,2024-04-12,NA,2024-03-08
MIN,20232024,2024-04-13,2,FALSE,6,2,86,80,2024-04-12,NA,2024-03-08
MIN,20232024,2024-04-15,2,FALSE,3,1,88,81,2024-04-12,NA,2024-03-08
MIN,20232024,2024-04-18,0,TRUE,3,4,88,82,2024-04-12,NA,2024-03-08
MTL,20212022,2021-10-13,0,FALSE,1,2,0,1,2022-02-10,NA,2022-03-21
MTL,20212022,2021-10-14,0,FALSE,1,5,0,2,2022-02-10,NA,2022-03-21
MTL,20212022,2021-10-16,0,TRUE,1,3,0,3,2022-02-10,NA,2022-03-21
MTL,20212022,2021-10-19,0,TRUE,0,5,0,4,2022-02-10,NA,2022-03-21
MTL,20212022,2021-10-21,0,TRUE,1,4,0,5,2022-02-10,NA,2022-03-21
MTL,20212022,2021-10-23,2,TRUE,6,1,2,6,2022-02-10,NA,2022-03-21
MTL,20212022,2021-10-26,0,FALSE,1,5,2,7,2022-02-10,NA,2022-03-21
MTL,20212022,2021-10-28,2,FALSE,4,0,4,8,2022-02-10,NA,2022-03-21
MTL,20212022,2021-10-30,0,FALSE,2,5,4,9,2022-02-10,NA,2022-03-21
MTL,20212022,2021-10-31,0,FALSE,2,4,4,10,2022-02-10,NA,2022-03-21
MTL,20212022,2021-11-02,2,TRUE,3,0,6,11,2022-02-10,NA,2022-03-21
MTL,20212022,2021-11-04,0,TRUE,2,6,6,12,2022-02-10,NA,2022-03-21
MTL,20212022,2021-11-06,0,TRUE,2,5,6,13,2022-02-10,NA,2022-03-21
MTL,20212022,2021-11-09,1,TRUE,2,3,7,14,2022-02-10,NA,2022-03-21
MTL,20212022,2021-11-11,2,TRUE,4,2,9,15,2022-02-10,NA,2022-03-21
MTL,20212022,2021-11-13,1,FALSE,2,3,10,16,2022-02-10,NA,2022-03-21
MTL,20212022,2021-11-14,0,FALSE,2,5,10,17,2022-02-10,NA,2022-03-21
MTL,20212022,2021-11-16,0,FALSE,2,3,10,18,2022-02-10,NA,2022-03-21
MTL,20212022,2021-11-18,0,TRUE,0,6,10,19,2022-02-10,NA,2022-03-21
MTL,20212022,2021-11-20,2,TRUE,6,3,12,20,2022-02-10,NA,2022-03-21
MTL,20212022,2021-11-24,0,FALSE,3,6,12,21,2022-02-10,NA,2022-03-21
MTL,20212022,2021-11-26,0,FALSE,1,4,12,22,2022-02-10,NA,2022-03-21
MTL,20212022,2021-11-27,2,FALSE,6,3,14,23,2022-02-10,NA,2022-03-21
MTL,20212022,2021-11-29,0,TRUE,1,2,14,24,2022-02-10,NA,2022-03-21
MTL,20212022,2021-12-02,0,TRUE,1,4,14,25,2022-02-10,NA,2022-03-21
MTL,20212022,2021-12-04,1,FALSE,3,4,15,26,2022-02-10,NA,2022-03-21
MTL,20212022,2021-12-07,0,TRUE,2,3,15,27,2022-02-10,NA,2022-03-21
MTL,20212022,2021-12-09,0,TRUE,0,2,15,28,2022-02-10,NA,2022-03-21
MTL,20212022,2021-12-11,0,FALSE,1,4,15,29,2022-02-10,NA,2022-03-21
MTL,20212022,2021-12-14,0,FALSE,2,5,15,30,2022-02-10,NA,2022-03-21
MTL,20212022,2021-12-16,2,TRUE,3,2,17,31,2022-02-10,NA,2022-03-21
MTL,20212022,2021-12-28,1,FALSE,4,5,18,32,2022-02-10,NA,2022-03-21
MTL,20212022,2021-12-30,0,FALSE,0,4,18,33,2022-02-10,NA,2022-03-21
MTL,20212022,2022-01-01,0,FALSE,2,5,18,34,2022-02-10,NA,2022-03-21
MTL,20212022,2022-01-12,0,FALSE,1,5,18,35,2022-02-10,NA,2022-03-21
MTL,20212022,2022-01-13,1,FALSE,2,3,19,36,2022-02-10,NA,2022-03-21
MTL,20212022,2022-01-17,0,FALSE,2,5,19,37,2022-02-10,NA,2022-03-21
MTL,20212022,2022-01-18,2,FALSE,5,3,21,38,2022-02-10,NA,2022-03-21
MTL,20212022,2022-01-20,1,FALSE,3,4,22,39,2022-02-10,NA,2022-03-21
MTL,20212022,2022-01-22,1,FALSE,2,3,23,40,2022-02-10,NA,2022-03-21
MTL,20212022,2022-01-24,0,FALSE,2,8,23,41,2022-02-10,NA,2022-03-21
MTL,20212022,2022-01-27,0,TRUE,4,5,23,42,2022-02-10,NA,2022-03-21
MTL,20212022,2022-01-29,0,TRUE,2,7,23,43,2022-02-10,NA,2022-03-21
MTL,20212022,2022-01-30,0,TRUE,3,6,23,44,2022-02-10,NA,2022-03-21
MTL,20212022,2022-02-08,0,TRUE,1,7,23,45,2022-02-10,NA,2022-03-21
MTL,20212022,2022-02-10,0,TRUE,2,5,23,46,2022-02-10,NA,2022-03-21
MTL,20212022,2022-02-12,0,TRUE,1,2,23,47,2022-02-10,NA,2022-03-21
MTL,20212022,2022-02-13,0,TRUE,3,5,23,48,2022-02-10,NA,2022-03-21
MTL,20212022,2022-02-17,2,TRUE,3,2,25,49,2022-02-10,NA,2022-03-21
MTL,20212022,2022-02-20,2,FALSE,3,2,27,50,2022-02-10,NA,2022-03-21
MTL,20212022,2022-02-21,2,TRUE,5,2,29,51,2022-02-10,NA,2022-03-21
MTL,20212022,2022-02-23,2,TRUE,4,0,31,52,2022-02-10,NA,2022-03-21
MTL,20212022,2022-02-26,2,FALSE,2,1,33,53,2022-02-10,NA,2022-03-21
MTL,20212022,2022-03-01,0,FALSE,4,8,33,54,2022-02-10,NA,2022-03-21
MTL,20212022,2022-03-03,2,FALSE,5,4,35,55,2022-02-10,NA,2022-03-21
MTL,20212022,2022-03-05,2,FALSE,5,2,37,56,2022-02-10,NA,2022-03-21
MTL,20212022,2022-03-09,0,FALSE,3,5,37,57,2022-02-10,NA,2022-03-21
MTL,20212022,2022-03-12,1,TRUE,3,4,38,58,2022-02-10,NA,2022-03-21
MTL,20212022,2022-03-13,2,FALSE,4,3,40,59,2022-02-10,NA,2022-03-21
MTL,20212022,2022-03-15,0,TRUE,3,6,40,60,2022-02-10,NA,2022-03-21
MTL,20212022,2022-03-17,1,TRUE,3,4,41,61,2022-02-10,NA,2022-03-21
MTL,20212022,2022-03-19,2,TRUE,5,1,43,62,2022-02-10,NA,2022-03-21
MTL,20212022,2022-03-21,1,TRUE,2,3,44,63,2022-02-10,NA,2022-03-21
MTL,20212022,2022-03-24,0,TRUE,3,4,44,64,2022-02-10,NA,2022-03-21
MTL,20212022,2022-03-26,2,TRUE,4,2,46,65,2022-02-10,NA,2022-03-21
MTL,20212022,2022-03-27,1,FALSE,2,3,47,66,2022-02-10,NA,2022-03-21
MTL,20212022,2022-03-29,0,FALSE,4,7,47,67,2022-02-10,NA,2022-03-21
MTL,20212022,2022-03-31,0,FALSE,0,4,47,68,2022-02-10,NA,2022-03-21
MTL,20212022,2022-04-02,2,FALSE,5,4,49,69,2022-02-10,NA,2022-03-21
MTL,20212022,2022-04-05,0,TRUE,3,6,49,70,2022-02-10,NA,2022-03-21
MTL,20212022,2022-04-07,2,FALSE,7,4,51,71,2022-02-10,NA,2022-03-21
MTL,20212022,2022-04-09,0,FALSE,2,3,51,72,2022-02-10,NA,2022-03-21
MTL,20212022,2022-04-11,0,TRUE,2,4,51,73,2022-02-10,NA,2022-03-21
MTL,20212022,2022-04-13,0,FALSE,1,5,51,74,2022-02-10,NA,2022-03-21
MTL,20212022,2022-04-15,0,TRUE,0,3,51,75,2022-02-10,NA,2022-03-21
MTL,20212022,2022-04-16,0,TRUE,4,8,51,76,2022-02-10,NA,2022-03-21
MTL,20212022,2022-04-19,0,TRUE,0,2,51,77,2022-02-10,NA,2022-03-21
MTL,20212022,2022-04-21,0,TRUE,3,6,51,78,2022-02-10,NA,2022-03-21
MTL,20212022,2022-04-23,0,FALSE,4,6,51,79,2022-02-10,NA,2022-03-21
MTL,20212022,2022-04-24,0,TRUE,3,5,51,80,2022-02-10,NA,2022-03-21
MTL,20212022,2022-04-27,2,FALSE,4,3,53,81,2022-02-10,NA,2022-03-21
MTL,20212022,2022-04-29,2,TRUE,10,2,55,82,2022-02-10,NA,2022-03-21
MTL,20222023,2022-10-12,2,TRUE,4,3,2,1,2023-03-09,NA,2023-03-03
MTL,20222023,2022-10-14,0,FALSE,0,3,2,2,2023-03-09,NA,2023-03-03
MTL,20222023,2022-10-15,0,FALSE,1,3,2,3,2023-03-09,NA,2023-03-03
MTL,20222023,2022-10-17,2,TRUE,3,2,4,4,2023-03-09,NA,2023-03-03
MTL,20222023,2022-10-20,2,TRUE,6,2,6,5,2023-03-09,NA,2023-03-03
MTL,20222023,2022-10-22,0,TRUE,2,5,6,6,2023-03-09,NA,2023-03-03
MTL,20222023,2022-10-25,0,TRUE,1,3,6,7,2023-03-09,NA,2023-03-03
MTL,20222023,2022-10-27,2,FALSE,3,2,8,8,2023-03-09,NA,2023-03-03
MTL,20222023,2022-10-29,2,FALSE,7,4,10,9,2023-03-09,NA,2023-03-03
MTL,20222023,2022-11-01,0,FALSE,1,4,10,10,2023-03-09,NA,2023-03-03
MTL,20222023,2022-11-03,1,FALSE,2,3,11,11,2023-03-09,NA,2023-03-03
MTL,20222023,2022-11-05,0,TRUE,4,6,11,12,2023-03-09,NA,2023-03-03
MTL,20222023,2022-11-08,2,FALSE,3,2,13,13,2023-03-09,NA,2023-03-03
MTL,20222023,2022-11-09,2,TRUE,5,2,15,14,2023-03-09,NA,2023-03-03
MTL,20222023,2022-11-12,2,TRUE,5,4,17,15,2023-03-09,NA,2023-03-03
MTL,20222023,2022-11-15,0,TRUE,1,5,17,16,2023-03-09,NA,2023-03-03
MTL,20222023,2022-11-17,0,FALSE,4,6,17,17,2023-03-09,NA,2023-03-03
MTL,20222023,2022-11-19,2,TRUE,5,4,19,18,2023-03-09,NA,2023-03-03
MTL,20222023,2022-11-22,0,TRUE,2,7,19,19,2023-03-09,NA,2023-03-03
MTL,20222023,2022-11-23,2,FALSE,3,1,21,20,2023-03-09,NA,2023-03-03
MTL,20222023,2022-11-25,2,FALSE,3,2,23,21,2023-03-09,NA,2023-03-03
MTL,20222023,2022-11-29,0,TRUE,0,4,23,22,2023-03-09,NA,2023-03-03
MTL,20222023,2022-12-01,2,FALSE,2,1,25,23,2023-03-09,NA,2023-03-03
MTL,20222023,2022-12-03,0,FALSE,3,5,25,24,2023-03-09,NA,2023-03-03
MTL,20222023,2022-12-05,1,FALSE,6,7,26,25,2023-03-09,NA,2023-03-03
MTL,20222023,2022-12-06,2,FALSE,4,2,28,26,2023-03-09,NA,2023-03-03
MTL,20222023,2022-12-10,0,TRUE,2,4,28,27,2023-03-09,NA,2023-03-03
MTL,20222023,2022-12-12,2,TRUE,2,1,30,28,2023-03-09,NA,2023-03-03
MTL,20222023,2022-12-14,0,FALSE,2,3,30,29,2023-03-09,NA,2023-03-03
MTL,20222023,2022-12-15,0,TRUE,2,5,30,30,2023-03-09,NA,2023-03-03
MTL,20222023,2022-12-17,0,TRUE,1,5,30,31,2023-03-09,NA,2023-03-03
MTL,20222023,2022-12-19,2,FALSE,3,2,32,32,2023-03-09,NA,2023-03-03
MTL,20222023,2022-12-21,1,FALSE,1,2,33,33,2023-03-09,NA,2023-03-03
MTL,20222023,2022-12-23,0,FALSE,2,4,33,34,2023-03-09,NA,2023-03-03
MTL,20222023,2022-12-28,0,FALSE,1,4,33,35,2023-03-09,NA,2023-03-03
MTL,20222023,2022-12-29,0,FALSE,2,7,33,36,2023-03-09,NA,2023-03-03
MTL,20222023,2022-12-31,0,FALSE,2,9,33,37,2023-03-09,NA,2023-03-03
MTL,20222023,2023-01-03,0,FALSE,3,6,33,38,2023-03-09,NA,2023-03-03
MTL,20222023,2023-01-05,0,TRUE,1,4,33,39,2023-03-09,NA,2023-03-03
MTL,20222023,2023-01-07,2,TRUE,5,4,35,40,2023-03-09,NA,2023-03-03
MTL,20222023,2023-01-09,0,TRUE,0,4,35,41,2023-03-09,NA,2023-03-03
MTL,20222023,2023-01-12,2,TRUE,4,3,37,42,2023-03-09,NA,2023-03-03
MTL,20222023,2023-01-14,0,FALSE,1,2,37,43,2023-03-09,NA,2023-03-03
MTL,20222023,2023-01-15,2,FALSE,2,1,39,44,2023-03-09,NA,2023-03-03
MTL,20222023,2023-01-17,2,TRUE,4,1,41,45,2023-03-09,NA,2023-03-03
MTL,20222023,2023-01-19,0,TRUE,2,6,41,46,2023-03-09,NA,2023-03-03
MTL,20222023,2023-01-21,2,TRUE,3,2,43,47,2023-03-09,NA,2023-03-03
MTL,20222023,2023-01-24,0,TRUE,2,4,43,48,2023-03-09,NA,2023-03-03
MTL,20222023,2023-01-26,1,TRUE,3,4,44,49,2023-03-09,NA,2023-03-03
MTL,20222023,2023-01-28,0,FALSE,0,5,44,50,2023-03-09,NA,2023-03-03
MTL,20222023,2023-01-31,0,TRUE,4,5,44,51,2023-03-09,NA,2023-03-03
MTL,20222023,2023-02-11,2,TRUE,4,3,46,52,2023-03-09,NA,2023-03-03
MTL,20222023,2023-02-12,2,TRUE,6,2,48,53,2023-03-09,NA,2023-03-03
MTL,20222023,2023-02-14,2,TRUE,4,0,50,54,2023-03-09,NA,2023-03-03
MTL,20222023,2023-02-16,0,FALSE,2,6,50,55,2023-03-09,NA,2023-03-03
MTL,20222023,2023-02-18,0,FALSE,1,5,50,56,2023-03-09,NA,2023-03-03
MTL,20222023,2023-02-21,2,FALSE,5,2,52,57,2023-03-09,NA,2023-03-03
MTL,20222023,2023-02-24,2,FALSE,5,2,54,58,2023-03-09,NA,2023-03-03
MTL,20222023,2023-02-25,0,TRUE,2,5,54,59,2023-03-09,NA,2023-03-03
MTL,20222023,2023-02-28,2,FALSE,3,1,56,60,2023-03-09,NA,2023-03-03
MTL,20222023,2023-03-02,0,FALSE,2,3,56,61,2023-03-09,NA,2023-03-03
MTL,20222023,2023-03-03,0,FALSE,2,3,56,62,2023-03-09,NA,2023-03-03
MTL,20222023,2023-03-05,0,FALSE,3,4,56,63,2023-03-09,NA,2023-03-03
MTL,20222023,2023-03-07,1,TRUE,3,4,57,64,2023-03-09,NA,2023-03-03
MTL,20222023,2023-03-09,1,TRUE,3,4,58,65,2023-03-09,NA,2023-03-03
MTL,20222023,2023-03-11,0,TRUE,1,3,58,66,2023-03-09,NA,2023-03-03
MTL,20222023,2023-03-13,0,TRUE,4,8,58,67,2023-03-09,NA,2023-03-03
MTL,20222023,2023-03-14,2,FALSE,6,4,60,68,2023-03-09,NA,2023-03-03
MTL,20222023,2023-03-16,0,FALSE,5,9,60,69,2023-03-09,NA,2023-03-03
MTL,20222023,2023-03-18,0,FALSE,3,5,60,70,2023-03-09,NA,2023-03-03
MTL,20222023,2023-03-21,2,TRUE,3,2,62,71,2023-03-09,NA,2023-03-03
MTL,20222023,2023-03-23,0,FALSE,2,4,62,72,2023-03-09,NA,2023-03-03
MTL,20222023,2023-03-25,2,TRUE,8,2,64,73,2023-03-09,NA,2023-03-03
MTL,20222023,2023-03-27,2,FALSE,4,3,66,74,2023-03-09,NA,2023-03-03
MTL,20222023,2023-03-28,0,FALSE,2,3,66,75,2023-03-09,NA,2023-03-03
MTL,20222023,2023-03-30,0,TRUE,2,5,66,76,2023-03-09,NA,2023-03-03
MTL,20222023,2023-04-01,0,TRUE,0,3,66,77,2023-03-09,NA,2023-03-03
MTL,20222023,2023-04-04,0,TRUE,0,5,66,78,2023-03-09,NA,2023-03-03
MTL,20222023,2023-04-06,2,TRUE,6,2,68,79,2023-03-09,NA,2023-03-03
MTL,20222023,2023-04-08,0,FALSE,1,7,68,80,2023-03-09,NA,2023-03-03
MTL,20222023,2023-04-12,0,FALSE,2,4,68,81,2023-03-09,NA,2023-03-03
MTL,20222023,2023-04-13,0,TRUE,4,5,68,82,2023-03-09,NA,2023-03-03
MTL,20232024,2023-10-11,1,FALSE,5,6,1,1,2024-03-16,NA,2024-03-08
MTL,20232024,2023-10-14,2,TRUE,3,2,3,2,2024-03-16,NA,2024-03-08
MTL,20232024,2023-10-17,0,TRUE,2,5,3,3,2024-03-16,NA,2024-03-08
MTL,20232024,2023-10-21,2,TRUE,3,2,5,4,2024-03-16,NA,2024-03-08
MTL,20232024,2023-10-23,2,FALSE,3,1,7,5,2024-03-16,NA,2024-03-08
MTL,20232024,2023-10-24,0,TRUE,2,5,7,6,2024-03-16,NA,2024-03-08
MTL,20232024,2023-10-26,2,TRUE,4,3,9,7,2024-03-16,NA,2024-03-08
MTL,20232024,2023-10-28,2,TRUE,4,3,11,8,2024-03-16,NA,2024-03-08
MTL,20232024,2023-10-30,1,FALSE,2,3,12,9,2024-03-16,NA,2024-03-08
MTL,20232024,2023-11-02,0,FALSE,2,3,12,10,2024-03-16,NA,2024-03-08
MTL,20232024,2023-11-04,0,FALSE,3,6,12,11,2024-03-16,NA,2024-03-08
MTL,20232024,2023-11-07,0,TRUE,3,5,12,12,2024-03-16,NA,2024-03-08
MTL,20232024,2023-11-09,2,FALSE,3,2,14,13,2024-03-16,NA,2024-03-08
MTL,20232024,2023-11-11,2,TRUE,3,2,16,14,2024-03-16,NA,2024-03-08
MTL,20232024,2023-11-12,0,TRUE,2,5,16,15,2024-03-16,NA,2024-03-08
MTL,20232024,2023-11-14,0,TRUE,1,2,16,16,2024-03-16,NA,2024-03-08
MTL,20232024,2023-11-16,0,TRUE,5,6,16,17,2024-03-16,NA,2024-03-08
MTL,20232024,2023-11-18,0,FALSE,2,5,16,18,2024-03-16,NA,2024-03-08
MTL,20232024,2023-11-22,2,FALSE,4,3,18,19,2024-03-16,NA,2024-03-08
MTL,20232024,2023-11-24,2,FALSE,3,2,20,20,2024-03-16,NA,2024-03-08
MTL,20232024,2023-11-25,0,FALSE,0,4,20,21,2024-03-16,NA,2024-03-08
MTL,20232024,2023-11-29,2,FALSE,4,2,22,22,2024-03-16,NA,2024-03-08
MTL,20232024,2023-11-30,0,TRUE,1,5,22,23,2024-03-16,NA,2024-03-08
MTL,20232024,2023-12-02,1,TRUE,4,5,23,24,2024-03-16,NA,2024-03-08
MTL,20232024,2023-12-04,2,TRUE,4,2,25,25,2024-03-16,NA,2024-03-08
MTL,20232024,2023-12-07,0,TRUE,0,4,25,26,2024-03-16,NA,2024-03-08
MTL,20232024,2023-12-09,2,FALSE,3,2,27,27,2024-03-16,NA,2024-03-08
MTL,20232024,2023-12-10,0,TRUE,1,2,27,28,2024-03-16,NA,2024-03-08
MTL,20232024,2023-12-13,1,TRUE,3,4,28,29,2024-03-16,NA,2024-03-08
MTL,20232024,2023-12-16,2,TRUE,5,3,30,30,2024-03-16,NA,2024-03-08
MTL,20232024,2023-12-18,2,FALSE,3,2,32,31,2024-03-16,NA,2024-03-08
MTL,20232024,2023-12-21,1,FALSE,3,4,33,32,2024-03-16,NA,2024-03-08
MTL,20232024,2023-12-22,2,FALSE,5,2,35,33,2024-03-16,NA,2024-03-08
MTL,20232024,2023-12-28,0,FALSE,3,5,35,34,2024-03-16,NA,2024-03-08
MTL,20232024,2023-12-30,0,FALSE,1,4,35,35,2024-03-16,NA,2024-03-08
MTL,20232024,2023-12-31,0,FALSE,3,4,35,36,2024-03-16,NA,2024-03-08
MTL,20232024,2024-01-02,2,FALSE,4,3,37,37,2024-03-16,NA,2024-03-08
MTL,20232024,2024-01-04,0,TRUE,1,6,37,38,2024-03-16,NA,2024-03-08
MTL,20232024,2024-01-06,2,TRUE,4,3,39,39,2024-03-16,NA,2024-03-08
MTL,20232024,2024-01-10,1,FALSE,2,3,40,40,2024-03-16,NA,2024-03-08
MTL,20232024,2024-01-11,0,TRUE,2,3,40,41,2024-03-16,NA,2024-03-08
MTL,20232024,2024-01-13,1,TRUE,1,2,41,42,2024-03-16,NA,2024-03-08
MTL,20232024,2024-01-15,2,TRUE,4,3,43,43,2024-03-16,NA,2024-03-08
MTL,20232024,2024-01-17,2,FALSE,3,2,45,44,2024-03-16,NA,2024-03-08
MTL,20232024,2024-01-18,0,FALSE,2,6,45,45,2024-03-16,NA,2024-03-08
MTL,20232024,2024-01-20,0,FALSE,4,9,45,46,2024-03-16,NA,2024-03-08
MTL,20232024,2024-01-23,0,TRUE,1,4,45,47,2024-03-16,NA,2024-03-08
MTL,20232024,2024-01-25,2,TRUE,4,3,47,48,2024-03-16,NA,2024-03-08
MTL,20232024,2024-01-27,1,FALSE,2,3,48,49,2024-03-16,NA,2024-03-08
MTL,20232024,2024-02-06,2,FALSE,5,2,50,50,2024-03-16,NA,2024-03-08
MTL,20232024,2024-02-10,0,TRUE,2,3,50,51,2024-03-16,NA,2024-03-08
MTL,20232024,2024-02-11,0,TRUE,2,7,50,52,2024-03-16,NA,2024-03-08
MTL,20232024,2024-02-13,2,TRUE,5,0,52,53,2024-03-16,NA,2024-03-08
MTL,20232024,2024-02-15,0,FALSE,4,7,52,54,2024-03-16,NA,2024-03-08
MTL,20232024,2024-02-17,0,TRUE,3,4,52,55,2024-03-16,NA,2024-03-08
MTL,20232024,2024-02-21,0,TRUE,2,3,52,56,2024-03-16,NA,2024-03-08
MTL,20232024,2024-02-22,0,FALSE,1,4,52,57,2024-03-16,NA,2024-03-08
MTL,20232024,2024-02-24,0,FALSE,3,4,52,58,2024-03-16,NA,2024-03-08
MTL,20232024,2024-02-27,2,TRUE,4,2,54,59,2024-03-16,NA,2024-03-08
MTL,20232024,2024-02-29,1,FALSE,3,4,55,60,2024-03-16,NA,2024-03-08
MTL,20232024,2024-03-02,1,FALSE,3,4,56,61,2024-03-16,NA,2024-03-08
MTL,20232024,2024-03-05,2,FALSE,4,3,58,62,2024-03-16,NA,2024-03-08
MTL,20232024,2024-03-07,0,FALSE,1,4,58,63,2024-03-16,NA,2024-03-08
MTL,20232024,2024-03-09,0,TRUE,2,3,58,64,2024-03-16,NA,2024-03-08
MTL,20232024,2024-03-12,2,TRUE,3,0,60,65,2024-03-16,NA,2024-03-08
MTL,20232024,2024-03-14,1,TRUE,1,2,61,66,2024-03-16,NA,2024-03-08
MTL,20232024,2024-03-16,0,FALSE,2,5,61,67,2024-03-16,NA,2024-03-08
MTL,20232024,2024-03-19,1,FALSE,2,3,62,68,2024-03-16,NA,2024-03-08
MTL,20232024,2024-03-21,0,FALSE,1,4,62,69,2024-03-16,NA,2024-03-08
MTL,20232024,2024-03-24,2,FALSE,5,1,64,70,2024-03-16,NA,2024-03-08
MTL,20232024,2024-03-26,2,FALSE,2,1,66,71,2024-03-16,NA,2024-03-08
MTL,20232024,2024-03-28,2,TRUE,4,1,68,72,2024-03-16,NA,2024-03-08
MTL,20232024,2024-03-30,0,TRUE,0,3,68,73,2024-03-16,NA,2024-03-08
MTL,20232024,2024-04-02,2,TRUE,5,3,70,74,2024-03-16,NA,2024-03-08
MTL,20232024,2024-04-04,0,TRUE,4,7,70,75,2024-03-16,NA,2024-03-08
MTL,20232024,2024-04-06,0,TRUE,2,4,70,76,2024-03-16,NA,2024-03-08
MTL,20232024,2024-04-07,0,FALSE,2,5,70,77,2024-03-16,NA,2024-03-08
MTL,20232024,2024-04-09,2,TRUE,9,3,72,78,2024-03-16,NA,2024-03-08
MTL,20232024,2024-04-11,1,FALSE,2,3,73,79,2024-03-16,NA,2024-03-08
MTL,20232024,2024-04-13,1,FALSE,4,5,74,80,2024-03-16,NA,2024-03-08
MTL,20232024,2024-04-15,1,FALSE,4,5,75,81,2024-03-16,NA,2024-03-08
MTL,20232024,2024-04-16,1,TRUE,4,5,76,82,2024-03-16,NA,2024-03-08
NJD,20212022,2021-10-15,2,TRUE,4,3,2,1,2022-03-10,NA,2022-03-21
NJD,20212022,2021-10-19,2,TRUE,4,2,4,2,2022-03-10,NA,2022-03-21
NJD,20212022,2021-10-21,0,TRUE,1,4,4,3,2022-03-10,NA,2022-03-21
NJD,20212022,2021-10-23,2,TRUE,2,1,6,4,2022-03-10,NA,2022-03-21
NJD,20212022,2021-10-26,0,TRUE,3,5,6,5,2022-03-10,NA,2022-03-21
NJD,20212022,2021-10-30,2,FALSE,4,2,8,6,2022-03-10,NA,2022-03-21
NJD,20212022,2021-10-31,1,TRUE,3,4,9,7,2022-03-10,NA,2022-03-21
NJD,20212022,2021-11-02,0,FALSE,0,4,9,8,2022-03-10,NA,2022-03-21
NJD,20212022,2021-11-05,1,FALSE,2,3,10,9,2022-03-10,NA,2022-03-21
NJD,20212022,2021-11-06,2,FALSE,3,2,12,10,2022-03-10,NA,2022-03-21
NJD,20212022,2021-11-09,2,TRUE,7,3,14,11,2022-03-10,NA,2022-03-21
NJD,20212022,2021-11-11,2,TRUE,4,0,16,12,2022-03-10,NA,2022-03-21
NJD,20212022,2021-11-13,0,TRUE,2,5,16,13,2022-03-10,NA,2022-03-21
NJD,20212022,2021-11-14,1,FALSE,3,4,17,14,2022-03-10,NA,2022-03-21
NJD,20212022,2021-11-18,0,FALSE,1,4,17,15,2022-03-10,NA,2022-03-21
NJD,20212022,2021-11-20,2,FALSE,5,3,19,16,2022-03-10,NA,2022-03-21
NJD,20212022,2021-11-24,1,TRUE,2,3,20,17,2022-03-10,NA,2022-03-21
NJD,20212022,2021-11-26,0,FALSE,2,4,20,18,2022-03-10,NA,2022-03-21
NJD,20212022,2021-11-28,2,TRUE,5,2,22,19,2022-03-10,NA,2022-03-21
NJD,20212022,2021-11-30,0,TRUE,2,5,22,20,2022-03-10,NA,2022-03-21
NJD,20212022,2021-12-02,0,FALSE,2,5,22,21,2022-03-10,NA,2022-03-21
NJD,20212022,2021-12-03,0,FALSE,4,8,22,22,2022-03-10,NA,2022-03-21
NJD,20212022,2021-12-06,1,TRUE,2,3,23,23,2022-03-10,NA,2022-03-21
NJD,20212022,2021-12-08,2,TRUE,3,0,25,24,2022-03-10,NA,2022-03-21
NJD,20212022,2021-12-10,0,TRUE,2,3,25,25,2022-03-10,NA,2022-03-21
NJD,20212022,2021-12-11,0,FALSE,2,4,25,26,2022-03-10,NA,2022-03-21
NJD,20212022,2021-12-14,0,FALSE,1,6,25,27,2022-03-10,NA,2022-03-21
NJD,20212022,2021-12-16,0,TRUE,3,5,25,28,2022-03-10,NA,2022-03-21
NJD,20212022,2021-12-18,0,FALSE,2,5,25,29,2022-03-10,NA,2022-03-21
NJD,20212022,2021-12-19,0,TRUE,2,3,25,30,2022-03-10,NA,2022-03-21
NJD,20212022,2021-12-29,2,FALSE,4,3,27,31,2022-03-10,NA,2022-03-21
NJD,20212022,2021-12-31,2,TRUE,6,5,29,32,2022-03-10,NA,2022-03-21
NJD,20212022,2022-01-02,2,FALSE,4,3,31,33,2022-03-10,NA,2022-03-21
NJD,20212022,2022-01-04,0,FALSE,3,5,31,34,2022-03-10,NA,2022-03-21
NJD,20212022,2022-01-06,2,TRUE,3,1,33,35,2022-03-10,NA,2022-03-21
NJD,20212022,2022-01-08,0,FALSE,3,4,33,36,2022-03-10,NA,2022-03-21
NJD,20212022,2022-01-13,0,FALSE,2,3,33,37,2022-03-10,NA,2022-03-21
NJD,20212022,2022-01-19,0,TRUE,1,4,33,38,2022-03-10,NA,2022-03-21
NJD,20212022,2022-01-22,2,TRUE,7,4,35,39,2022-03-10,NA,2022-03-21
NJD,20212022,2022-01-23,0,TRUE,2,3,35,40,2022-03-10,NA,2022-03-21
NJD,20212022,2022-01-25,0,TRUE,1,5,35,41,2022-03-10,NA,2022-03-21
NJD,20212022,2022-01-27,0,FALSE,2,3,35,42,2022-03-10,NA,2022-03-21
NJD,20212022,2022-01-29,0,FALSE,1,2,35,43,2022-03-10,NA,2022-03-21
NJD,20212022,2022-01-31,0,FALSE,4,6,35,44,2022-03-10,NA,2022-03-21
NJD,20212022,2022-02-01,0,TRUE,1,7,35,45,2022-03-10,NA,2022-03-21
NJD,20212022,2022-02-07,0,FALSE,1,4,35,46,2022-03-10,NA,2022-03-21
NJD,20212022,2022-02-08,2,FALSE,7,1,37,47,2022-03-10,NA,2022-03-21
NJD,20212022,2022-02-10,2,FALSE,7,4,39,48,2022-03-10,NA,2022-03-21
NJD,20212022,2022-02-13,0,TRUE,2,4,39,49,2022-03-10,NA,2022-03-21
NJD,20212022,2022-02-15,0,TRUE,3,6,39,50,2022-03-10,NA,2022-03-21
NJD,20212022,2022-02-24,2,FALSE,6,1,41,51,2022-03-10,NA,2022-03-21
NJD,20212022,2022-02-25,0,FALSE,5,8,41,52,2022-03-10,NA,2022-03-21
NJD,20212022,2022-02-28,2,TRUE,7,2,43,53,2022-03-10,NA,2022-03-21
NJD,20212022,2022-03-01,0,FALSE,3,4,43,54,2022-03-10,NA,2022-03-21
NJD,20212022,2022-03-04,0,FALSE,1,3,43,55,2022-03-10,NA,2022-03-21
NJD,20212022,2022-03-06,2,TRUE,3,2,45,56,2022-03-10,NA,2022-03-21
NJD,20212022,2022-03-08,2,TRUE,5,3,47,57,2022-03-10,NA,2022-03-21
NJD,20212022,2022-03-10,0,TRUE,1,2,47,58,2022-03-10,NA,2022-03-21
NJD,20212022,2022-03-12,2,TRUE,2,1,49,59,2022-03-10,NA,2022-03-21
NJD,20212022,2022-03-15,0,FALSE,3,6,49,60,2022-03-10,NA,2022-03-21
NJD,20212022,2022-03-16,0,FALSE,3,6,49,61,2022-03-10,NA,2022-03-21
NJD,20212022,2022-03-19,0,FALSE,3,6,49,62,2022-03-10,NA,2022-03-21
NJD,20212022,2022-03-22,2,TRUE,7,4,51,63,2022-03-10,NA,2022-03-21
NJD,20212022,2022-03-23,0,FALSE,2,3,51,64,2022-03-10,NA,2022-03-21
NJD,20212022,2022-03-26,0,FALSE,3,4,51,65,2022-03-10,NA,2022-03-21
NJD,20212022,2022-03-27,2,TRUE,3,2,53,66,2022-03-10,NA,2022-03-21
NJD,20212022,2022-03-31,0,FALSE,1,8,53,67,2022-03-10,NA,2022-03-21
NJD,20212022,2022-04-02,1,TRUE,6,7,54,68,2022-03-10,NA,2022-03-21
NJD,20212022,2022-04-03,0,TRUE,3,4,54,69,2022-03-10,NA,2022-03-21
NJD,20212022,2022-04-05,0,TRUE,1,3,54,70,2022-03-10,NA,2022-03-21
NJD,20212022,2022-04-07,0,TRUE,4,7,54,71,2022-03-10,NA,2022-03-21
NJD,20212022,2022-04-09,2,FALSE,3,1,56,72,2022-03-10,NA,2022-03-21
NJD,20212022,2022-04-12,2,FALSE,6,2,58,73,2022-03-10,NA,2022-03-21
NJD,20212022,2022-04-14,0,FALSE,1,3,58,74,2022-03-10,NA,2022-03-21
NJD,20212022,2022-04-16,1,FALSE,3,4,59,75,2022-03-10,NA,2022-03-21
NJD,20212022,2022-04-18,2,FALSE,3,2,61,76,2022-03-10,NA,2022-03-21
NJD,20212022,2022-04-21,0,TRUE,2,5,61,77,2022-03-10,NA,2022-03-21
NJD,20212022,2022-04-23,1,TRUE,2,3,62,78,2022-03-10,NA,2022-03-21
NJD,20212022,2022-04-24,0,TRUE,0,3,62,79,2022-03-10,NA,2022-03-21
NJD,20212022,2022-04-26,1,FALSE,4,5,63,80,2022-03-10,NA,2022-03-21
NJD,20212022,2022-04-28,0,FALSE,3,6,63,81,2022-03-10,NA,2022-03-21
NJD,20212022,2022-04-29,0,TRUE,3,5,63,82,2022-03-10,NA,2022-03-21
NJD,20222023,2022-10-13,0,FALSE,2,5,0,1,NA,2023-03-12,2023-03-03
NJD,20222023,2022-10-15,0,TRUE,2,5,0,2,NA,2023-03-12,2023-03-03
NJD,20222023,2022-10-18,2,TRUE,4,2,2,3,NA,2023-03-12,2023-03-03
NJD,20222023,2022-10-20,2,FALSE,4,1,4,4,NA,2023-03-12,2023-03-03
NJD,20222023,2022-10-22,2,TRUE,2,1,6,5,NA,2023-03-12,2023-03-03
NJD,20222023,2022-10-24,0,TRUE,3,6,6,6,NA,2023-03-12,2023-03-03
NJD,20222023,2022-10-25,2,FALSE,6,2,8,7,NA,2023-03-12,2023-03-03
NJD,20222023,2022-10-28,2,TRUE,1,0,10,8,NA,2023-03-12,2023-03-03
NJD,20222023,2022-10-30,2,TRUE,7,1,12,9,NA,2023-03-12,2023-03-03
NJD,20222023,2022-11-01,2,FALSE,5,2,14,10,NA,2023-03-12,2023-03-03
NJD,20222023,2022-11-03,2,FALSE,4,3,16,11,NA,2023-03-12,2023-03-03
NJD,20222023,2022-11-05,2,FALSE,4,3,18,12,NA,2023-03-12,2023-03-03
NJD,20222023,2022-11-08,2,TRUE,3,2,20,13,NA,2023-03-12,2023-03-03
NJD,20222023,2022-11-10,2,TRUE,4,3,22,14,NA,2023-03-12,2023-03-03
NJD,20222023,2022-11-12,2,TRUE,4,2,24,15,NA,2023-03-12,2023-03-03
NJD,20222023,2022-11-15,2,FALSE,5,1,26,16,NA,2023-03-12,2023-03-03
NJD,20222023,2022-11-17,2,FALSE,3,2,28,17,NA,2023-03-12,2023-03-03
NJD,20222023,2022-11-19,2,FALSE,5,1,30,18,NA,2023-03-12,2023-03-03
NJD,20222023,2022-11-21,2,TRUE,5,2,32,19,NA,2023-03-12,2023-03-03
NJD,20222023,2022-11-23,0,TRUE,1,2,32,20,NA,2023-03-12,2023-03-03
NJD,20222023,2022-11-25,2,FALSE,3,1,34,21,NA,2023-03-12,2023-03-03
NJD,20222023,2022-11-26,2,TRUE,5,1,36,22,NA,2023-03-12,2023-03-03
NJD,20222023,2022-11-28,2,FALSE,5,3,38,23,NA,2023-03-12,2023-03-03
NJD,20222023,2022-12-01,1,TRUE,3,4,39,24,NA,2023-03-12,2023-03-03
NJD,20222023,2022-12-03,2,FALSE,3,2,41,25,NA,2023-03-12,2023-03-03
NJD,20222023,2022-12-06,2,TRUE,3,0,43,26,NA,2023-03-12,2023-03-03
NJD,20222023,2022-12-09,0,TRUE,4,6,43,27,NA,2023-03-12,2023-03-03
NJD,20222023,2022-12-12,1,FALSE,3,4,44,28,NA,2023-03-12,2023-03-03
NJD,20222023,2022-12-13,0,TRUE,1,4,44,29,NA,2023-03-12,2023-03-03
NJD,20222023,2022-12-15,0,TRUE,1,2,44,30,NA,2023-03-12,2023-03-03
NJD,20222023,2022-12-17,0,TRUE,2,4,44,31,NA,2023-03-12,2023-03-03
NJD,20222023,2022-12-20,0,FALSE,1,4,44,32,NA,2023-03-12,2023-03-03
NJD,20222023,2022-12-21,2,FALSE,4,2,46,33,NA,2023-03-12,2023-03-03
NJD,20222023,2022-12-23,0,TRUE,3,4,46,34,NA,2023-03-12,2023-03-03
NJD,20222023,2022-12-28,0,TRUE,1,3,46,35,NA,2023-03-12,2023-03-03
NJD,20222023,2022-12-30,2,FALSE,4,2,48,36,NA,2023-03-12,2023-03-03
NJD,20222023,2023-01-01,1,TRUE,4,5,49,37,NA,2023-03-12,2023-03-03
NJD,20222023,2023-01-04,2,FALSE,5,1,51,38,NA,2023-03-12,2023-03-03
NJD,20222023,2023-01-05,0,TRUE,3,5,51,39,NA,2023-03-12,2023-03-03
NJD,20222023,2023-01-07,2,TRUE,4,3,53,40,NA,2023-03-12,2023-03-03
NJD,20222023,2023-01-10,2,FALSE,5,3,55,41,NA,2023-03-12,2023-03-03
NJD,20222023,2023-01-13,2,FALSE,6,2,57,42,NA,2023-03-12,2023-03-03
NJD,20222023,2023-01-14,2,FALSE,5,2,59,43,NA,2023-03-12,2023-03-03
NJD,20222023,2023-01-16,2,FALSE,4,3,61,44,NA,2023-03-12,2023-03-03
NJD,20222023,2023-01-19,1,FALSE,3,4,62,45,NA,2023-03-12,2023-03-03
NJD,20222023,2023-01-22,2,TRUE,2,1,64,46,NA,2023-03-12,2023-03-03
NJD,20222023,2023-01-24,2,TRUE,3,2,66,47,NA,2023-03-12,2023-03-03
NJD,20222023,2023-01-26,0,FALSE,4,6,66,48,NA,2023-03-12,2023-03-03
NJD,20222023,2023-01-27,2,FALSE,3,2,68,49,NA,2023-03-12,2023-03-03
NJD,20222023,2023-02-06,2,TRUE,5,4,70,50,NA,2023-03-12,2023-03-03
NJD,20222023,2023-02-09,2,TRUE,3,1,72,51,NA,2023-03-12,2023-03-03
NJD,20222023,2023-02-11,1,FALSE,2,3,73,52,NA,2023-03-12,2023-03-03
NJD,20222023,2023-02-14,2,FALSE,3,2,75,53,NA,2023-03-12,2023-03-03
NJD,20222023,2023-02-16,0,FALSE,2,4,75,54,NA,2023-03-12,2023-03-03
NJD,20222023,2023-02-18,2,FALSE,5,2,77,55,NA,2023-03-12,2023-03-03
NJD,20222023,2023-02-19,2,TRUE,4,2,79,56,NA,2023-03-12,2023-03-03
NJD,20222023,2023-02-21,0,TRUE,2,5,79,57,NA,2023-03-12,2023-03-03
NJD,20222023,2023-02-23,2,TRUE,4,3,81,58,NA,2023-03-12,2023-03-03
NJD,20222023,2023-02-25,2,TRUE,7,0,83,59,NA,2023-03-12,2023-03-03
NJD,20222023,2023-03-01,2,FALSE,7,5,85,60,NA,2023-03-12,2023-03-03
NJD,20222023,2023-03-03,1,FALSE,3,4,86,61,NA,2023-03-12,2023-03-03
NJD,20222023,2023-03-05,2,FALSE,5,4,88,62,NA,2023-03-12,2023-03-03
NJD,20222023,2023-03-07,0,TRUE,3,4,88,63,NA,2023-03-12,2023-03-03
NJD,20222023,2023-03-09,2,FALSE,3,2,90,64,NA,2023-03-12,2023-03-03
NJD,20222023,2023-03-11,2,FALSE,3,1,92,65,NA,2023-03-12,2023-03-03
NJD,20222023,2023-03-12,2,TRUE,3,0,94,66,NA,2023-03-12,2023-03-03
NJD,20222023,2023-03-14,0,TRUE,1,4,94,67,NA,2023-03-12,2023-03-03
NJD,20222023,2023-03-16,1,TRUE,3,4,95,68,NA,2023-03-12,2023-03-03
NJD,20222023,2023-03-18,0,FALSE,2,4,95,69,NA,2023-03-12,2023-03-03
NJD,20222023,2023-03-19,2,FALSE,5,2,97,70,NA,2023-03-12,2023-03-03
NJD,20222023,2023-03-21,1,TRUE,1,2,98,71,NA,2023-03-12,2023-03-03
NJD,20222023,2023-03-24,0,FALSE,4,5,98,72,NA,2023-03-12,2023-03-03
NJD,20222023,2023-03-25,2,TRUE,5,3,100,73,NA,2023-03-12,2023-03-03
NJD,20222023,2023-03-27,0,FALSE,1,5,100,74,NA,2023-03-12,2023-03-03
NJD,20222023,2023-03-30,2,TRUE,2,1,102,75,NA,2023-03-12,2023-03-03
NJD,20222023,2023-04-01,2,FALSE,6,3,104,76,NA,2023-03-12,2023-03-03
NJD,20222023,2023-04-02,0,FALSE,1,6,104,77,NA,2023-03-12,2023-03-03
NJD,20222023,2023-04-04,2,TRUE,5,1,106,78,NA,2023-03-12,2023-03-03
NJD,20222023,2023-04-06,2,TRUE,8,1,108,79,NA,2023-03-12,2023-03-03
NJD,20222023,2023-04-08,0,FALSE,1,2,108,80,NA,2023-03-12,2023-03-03
NJD,20222023,2023-04-11,2,TRUE,6,2,110,81,NA,2023-03-12,2023-03-03
NJD,20222023,2023-04-13,2,FALSE,5,4,112,82,NA,2023-03-12,2023-03-03
NJD,20232024,2023-10-12,2,TRUE,4,3,2,1,2024-04-02,NA,2024-03-08
NJD,20232024,2023-10-13,1,TRUE,3,4,3,2,2024-04-02,NA,2024-03-08
NJD,20232024,2023-10-16,0,TRUE,3,4,3,3,2024-04-02,NA,2024-03-08
NJD,20232024,2023-10-20,2,FALSE,5,4,5,4,2024-04-02,NA,2024-03-08
NJD,20232024,2023-10-24,2,FALSE,5,2,7,5,2024-04-02,NA,2024-03-08
NJD,20232024,2023-10-25,0,TRUE,4,6,7,6,2024-04-02,NA,2024-03-08
NJD,20232024,2023-10-27,2,TRUE,5,4,9,7,2024-04-02,NA,2024-03-08
NJD,20232024,2023-10-29,2,TRUE,4,3,11,8,2024-04-02,NA,2024-03-08
NJD,20232024,2023-11-02,2,FALSE,5,3,13,9,2024-04-02,NA,2024-03-08
NJD,20232024,2023-11-03,0,FALSE,1,4,13,10,2024-04-02,NA,2024-03-08
NJD,20232024,2023-11-05,2,FALSE,4,2,15,11,2024-04-02,NA,2024-03-08
NJD,20232024,2023-11-07,0,FALSE,3,6,15,12,2024-04-02,NA,2024-03-08
NJD,20232024,2023-11-10,0,TRUE,2,4,15,13,2024-04-02,NA,2024-03-08
NJD,20232024,2023-11-14,0,FALSE,3,6,15,14,2024-04-02,NA,2024-03-08
NJD,20232024,2023-11-16,2,FALSE,5,2,17,15,2024-04-02,NA,2024-03-08
NJD,20232024,2023-11-18,0,TRUE,3,5,17,16,2024-04-02,NA,2024-03-08
NJD,20232024,2023-11-22,0,FALSE,0,4,17,17,2024-04-02,NA,2024-03-08
NJD,20232024,2023-11-24,0,TRUE,1,2,17,18,2024-04-02,NA,2024-03-08
NJD,20232024,2023-11-25,2,TRUE,7,2,19,19,2024-04-02,NA,2024-03-08
NJD,20232024,2023-11-28,2,TRUE,5,4,21,20,2024-04-02,NA,2024-03-08
NJD,20232024,2023-11-30,2,FALSE,4,3,23,21,2024-04-02,NA,2024-03-08
NJD,20232024,2023-12-01,0,TRUE,3,6,23,22,2024-04-02,NA,2024-03-08
NJD,20232024,2023-12-05,2,FALSE,6,5,25,23,2024-04-02,NA,2024-03-08
NJD,20232024,2023-12-07,2,FALSE,2,1,27,24,2024-04-02,NA,2024-03-08
NJD,20232024,2023-12-09,2,FALSE,4,2,29,25,2024-04-02,NA,2024-03-08
NJD,20232024,2023-12-10,0,FALSE,1,4,29,26,2024-04-02,NA,2024-03-08
NJD,20232024,2023-12-13,2,TRUE,2,1,31,27,2024-04-02,NA,2024-03-08
NJD,20232024,2023-12-16,2,FALSE,6,3,33,28,2024-04-02,NA,2024-03-08
NJD,20232024,2023-12-17,0,TRUE,1,5,33,29,2024-04-02,NA,2024-03-08
NJD,20232024,2023-12-19,1,TRUE,2,3,34,30,2024-04-02,NA,2024-03-08
NJD,20232024,2023-12-21,0,TRUE,3,6,34,31,2024-04-02,NA,2024-03-08
NJD,20232024,2023-12-23,2,TRUE,3,2,36,32,2024-04-02,NA,2024-03-08
NJD,20232024,2023-12-27,2,TRUE,4,3,38,33,2024-04-02,NA,2024-03-08
NJD,20232024,2023-12-29,2,FALSE,6,2,40,34,2024-04-02,NA,2024-03-08
NJD,20232024,2023-12-30,0,FALSE,2,5,40,35,2024-04-02,NA,2024-03-08
NJD,20232024,2024-01-03,2,FALSE,6,3,42,36,2024-04-02,NA,2024-03-08
NJD,20232024,2024-01-05,2,TRUE,4,2,44,37,2024-04-02,NA,2024-03-08
NJD,20232024,2024-01-06,0,TRUE,4,6,44,38,2024-04-02,NA,2024-03-08
NJD,20232024,2024-01-11,1,FALSE,3,4,45,39,2024-04-02,NA,2024-03-08
NJD,20232024,2024-01-13,2,FALSE,4,1,47,40,2024-04-02,NA,2024-03-08
NJD,20232024,2024-01-15,0,FALSE,0,3,47,41,2024-04-02,NA,2024-03-08
NJD,20232024,2024-01-17,0,TRUE,2,3,47,42,2024-04-02,NA,2024-03-08
NJD,20232024,2024-01-19,2,FALSE,4,1,49,43,2024-04-02,NA,2024-03-08
NJD,20232024,2024-01-20,0,TRUE,2,6,49,44,2024-04-02,NA,2024-03-08
NJD,20232024,2024-01-22,2,TRUE,6,5,51,45,2024-04-02,NA,2024-03-08
NJD,20232024,2024-01-25,0,FALSE,2,3,51,46,2024-04-02,NA,2024-03-08
NJD,20232024,2024-01-27,0,FALSE,3,6,51,47,2024-04-02,NA,2024-03-08
NJD,20232024,2024-02-06,2,TRUE,5,3,53,48,2024-04-02,NA,2024-03-08
NJD,20232024,2024-02-08,0,TRUE,3,5,53,49,2024-04-02,NA,2024-03-08
NJD,20232024,2024-02-10,1,FALSE,0,1,54,50,2024-04-02,NA,2024-03-08
NJD,20232024,2024-02-12,2,TRUE,3,1,56,51,2024-04-02,NA,2024-03-08
NJD,20232024,2024-02-13,2,FALSE,4,2,58,52,2024-04-02,NA,2024-03-08
NJD,20232024,2024-02-15,0,TRUE,1,2,58,53,2024-04-02,NA,2024-03-08
NJD,20232024,2024-02-17,2,TRUE,6,3,60,54,2024-04-02,NA,2024-03-08
NJD,20232024,2024-02-20,0,FALSE,2,6,60,55,2024-04-02,NA,2024-03-08
NJD,20232024,2024-02-22,0,TRUE,1,5,60,56,2024-04-02,NA,2024-03-08
NJD,20232024,2024-02-24,2,TRUE,4,3,62,57,2024-04-02,NA,2024-03-08
NJD,20232024,2024-02-25,0,TRUE,1,4,62,58,2024-04-02,NA,2024-03-08
NJD,20232024,2024-02-27,2,FALSE,7,2,64,59,2024-04-02,NA,2024-03-08
NJD,20232024,2024-03-01,0,FALSE,3,4,64,60,2024-04-02,NA,2024-03-08
NJD,20232024,2024-03-03,0,FALSE,1,5,64,61,2024-04-02,NA,2024-03-08
NJD,20232024,2024-03-05,0,TRUE,3,5,64,62,2024-04-02,NA,2024-03-08
NJD,20232024,2024-03-07,2,TRUE,4,1,66,63,2024-04-02,NA,2024-03-08
NJD,20232024,2024-03-09,0,TRUE,2,4,66,64,2024-04-02,NA,2024-03-08
NJD,20232024,2024-03-11,0,FALSE,1,3,66,65,2024-04-02,NA,2024-03-08
NJD,20232024,2024-03-14,2,FALSE,6,2,68,66,2024-04-02,NA,2024-03-08
NJD,20232024,2024-03-16,0,FALSE,1,4,68,67,2024-04-02,NA,2024-03-08
NJD,20232024,2024-03-17,0,FALSE,1,3,68,68,2024-04-02,NA,2024-03-08
NJD,20232024,2024-03-19,2,TRUE,5,2,70,69,2024-04-02,NA,2024-03-08
NJD,20232024,2024-03-21,2,TRUE,4,1,72,70,2024-04-02,NA,2024-03-08
NJD,20232024,2024-03-23,0,TRUE,2,5,72,71,2024-04-02,NA,2024-03-08
NJD,20232024,2024-03-24,2,FALSE,4,0,74,72,2024-04-02,NA,2024-03-08
NJD,20232024,2024-03-26,2,FALSE,6,3,76,73,2024-04-02,NA,2024-03-08
NJD,20232024,2024-03-29,0,FALSE,2,5,76,74,2024-04-02,NA,2024-03-08
NJD,20232024,2024-04-02,0,TRUE,3,6,76,75,2024-04-02,NA,2024-03-08
NJD,20232024,2024-04-03,0,FALSE,3,4,76,76,2024-04-02,NA,2024-03-08
NJD,20232024,2024-04-06,2,FALSE,4,3,78,77,2024-04-02,NA,2024-03-08
NJD,20232024,2024-04-07,1,TRUE,2,3,79,78,2024-04-02,NA,2024-03-08
NJD,20232024,2024-04-09,0,TRUE,2,5,79,79,2024-04-02,NA,2024-03-08
NJD,20232024,2024-04-11,2,FALSE,6,5,81,80,2024-04-02,NA,2024-03-08
NJD,20232024,2024-04-13,0,FALSE,0,1,81,81,2024-04-02,NA,2024-03-08
NJD,20232024,2024-04-15,0,TRUE,1,4,81,82,2024-04-02,NA,2024-03-08
NSH,20212022,2021-10-14,0,TRUE,3,4,0,1,NA,2022-04-26,2022-03-21
NSH,20212022,2021-10-16,0,TRUE,2,3,0,2,NA,2022-04-26,2022-03-21
NSH,20212022,2021-10-19,2,TRUE,2,1,2,3,NA,2022-04-26,2022-03-21
NSH,20212022,2021-10-21,0,TRUE,1,3,2,4,NA,2022-04-26,2022-03-21
NSH,20212022,2021-10-23,0,FALSE,4,6,2,5,NA,2022-04-26,2022-03-21
NSH,20212022,2021-10-24,2,FALSE,5,2,4,6,NA,2022-04-26,2022-03-21
NSH,20212022,2021-10-26,2,TRUE,3,1,6,7,NA,2022-04-26,2022-03-21
NSH,20212022,2021-10-30,2,TRUE,3,2,8,8,NA,2022-04-26,2022-03-21
NSH,20212022,2021-11-02,2,FALSE,3,2,10,9,NA,2022-04-26,2022-03-21
NSH,20212022,2021-11-03,0,FALSE,2,5,10,10,NA,2022-04-26,2022-03-21
NSH,20212022,2021-11-05,2,FALSE,3,2,12,11,NA,2022-04-26,2022-03-21
NSH,20212022,2021-11-07,1,FALSE,1,2,13,12,NA,2022-04-26,2022-03-21
NSH,20212022,2021-11-10,2,FALSE,4,2,15,13,NA,2022-04-26,2022-03-21
NSH,20212022,2021-11-11,2,FALSE,4,3,17,14,NA,2022-04-26,2022-03-21
NSH,20212022,2021-11-13,2,TRUE,4,1,19,15,NA,2022-04-26,2022-03-21
NSH,20212022,2021-11-16,0,FALSE,0,3,19,16,NA,2022-04-26,2022-03-21
NSH,20212022,2021-11-20,0,FALSE,3,6,19,17,NA,2022-04-26,2022-03-21
NSH,20212022,2021-11-22,2,TRUE,3,2,21,18,NA,2022-04-26,2022-03-21
NSH,20212022,2021-11-24,0,TRUE,2,5,21,19,NA,2022-04-26,2022-03-21
NSH,20212022,2021-11-26,2,TRUE,4,2,23,20,NA,2022-04-26,2022-03-21
NSH,20212022,2021-11-27,0,FALSE,2,6,23,21,NA,2022-04-26,2022-03-21
NSH,20212022,2021-11-30,2,TRUE,6,0,25,22,NA,2022-04-26,2022-03-21
NSH,20212022,2021-12-02,0,TRUE,0,2,25,23,NA,2022-04-26,2022-03-21
NSH,20212022,2021-12-04,2,TRUE,4,3,27,24,NA,2022-04-26,2022-03-21
NSH,20212022,2021-12-07,2,FALSE,5,2,29,25,NA,2022-04-26,2022-03-21
NSH,20212022,2021-12-09,2,FALSE,4,3,31,26,NA,2022-04-26,2022-03-21
NSH,20212022,2021-12-10,2,FALSE,3,2,33,27,NA,2022-04-26,2022-03-21
NSH,20212022,2021-12-12,2,FALSE,1,0,35,28,NA,2022-04-26,2022-03-21
NSH,20212022,2021-12-16,2,TRUE,5,2,37,29,NA,2022-04-26,2022-03-21
NSH,20212022,2021-12-17,2,FALSE,3,2,39,30,NA,2022-04-26,2022-03-21
NSH,20212022,2021-12-29,0,FALSE,3,5,39,31,NA,2022-04-26,2022-03-21
NSH,20212022,2021-12-30,1,FALSE,3,4,40,32,NA,2022-04-26,2022-03-21
NSH,20212022,2022-01-01,2,TRUE,6,1,42,33,NA,2022-04-26,2022-03-21
NSH,20212022,2022-01-04,2,FALSE,3,2,44,34,NA,2022-04-26,2022-03-21
NSH,20212022,2022-01-06,2,FALSE,4,2,46,35,NA,2022-04-26,2022-03-21
NSH,20212022,2022-01-08,2,FALSE,4,2,48,36,NA,2022-04-26,2022-03-21
NSH,20212022,2022-01-11,2,TRUE,5,4,50,37,NA,2022-04-26,2022-03-21
NSH,20212022,2022-01-13,0,TRUE,1,4,50,38,NA,2022-04-26,2022-03-21
NSH,20212022,2022-01-15,1,FALSE,3,4,51,39,NA,2022-04-26,2022-03-21
NSH,20212022,2022-01-17,0,FALSE,3,5,51,40,NA,2022-04-26,2022-03-21
NSH,20212022,2022-01-18,0,TRUE,1,3,51,41,NA,2022-04-26,2022-03-21
NSH,20212022,2022-01-20,2,TRUE,5,2,53,42,NA,2022-04-26,2022-03-21
NSH,20212022,2022-01-22,2,TRUE,4,1,55,43,NA,2022-04-26,2022-03-21
NSH,20212022,2022-01-25,2,FALSE,4,2,57,44,NA,2022-04-26,2022-03-21
NSH,20212022,2022-01-27,1,FALSE,2,3,58,45,NA,2022-04-26,2022-03-21
NSH,20212022,2022-02-01,2,TRUE,4,2,60,46,NA,2022-04-26,2022-03-21
NSH,20212022,2022-02-09,0,FALSE,3,4,60,47,NA,2022-04-26,2022-03-21
NSH,20212022,2022-02-12,0,TRUE,2,5,60,48,NA,2022-04-26,2022-03-21
NSH,20212022,2022-02-15,0,TRUE,1,4,60,49,NA,2022-04-26,2022-03-21
NSH,20212022,2022-02-18,0,FALSE,3,5,60,50,NA,2022-04-26,2022-03-21
NSH,20212022,2022-02-22,2,FALSE,6,4,62,51,NA,2022-04-26,2022-03-21
NSH,20212022,2022-02-24,2,TRUE,2,1,64,52,NA,2022-04-26,2022-03-21
NSH,20212022,2022-02-26,0,TRUE,2,3,64,53,NA,2022-04-26,2022-03-21
NSH,20212022,2022-03-02,0,FALSE,3,4,64,54,NA,2022-04-26,2022-03-21
NSH,20212022,2022-03-05,2,FALSE,8,0,66,55,NA,2022-04-26,2022-03-21
NSH,20212022,2022-03-08,2,TRUE,2,1,68,56,NA,2022-04-26,2022-03-21
NSH,20212022,2022-03-10,2,TRUE,4,1,70,57,NA,2022-04-26,2022-03-21
NSH,20212022,2022-03-12,0,TRUE,4,7,70,58,NA,2022-04-26,2022-03-21
NSH,20212022,2022-03-13,2,FALSE,6,2,72,59,NA,2022-04-26,2022-03-21
NSH,20212022,2022-03-15,2,TRUE,4,1,74,60,NA,2022-04-26,2022-03-21
NSH,20212022,2022-03-17,0,FALSE,4,5,74,61,NA,2022-04-26,2022-03-21
NSH,20212022,2022-03-19,2,TRUE,6,3,76,62,NA,2022-04-26,2022-03-21
NSH,20212022,2022-03-21,2,FALSE,6,3,78,63,NA,2022-04-26,2022-03-21
NSH,20212022,2022-03-22,0,FALSE,1,6,78,64,NA,2022-04-26,2022-03-21
NSH,20212022,2022-03-24,0,FALSE,1,6,78,65,NA,2022-04-26,2022-03-21
NSH,20212022,2022-03-27,2,TRUE,5,4,80,66,NA,2022-04-26,2022-03-21
NSH,20212022,2022-03-29,2,TRUE,4,1,82,67,NA,2022-04-26,2022-03-21
NSH,20212022,2022-04-01,0,FALSE,3,4,82,68,NA,2022-04-26,2022-03-21
NSH,20212022,2022-04-05,2,TRUE,6,2,84,69,NA,2022-04-26,2022-03-21
NSH,20212022,2022-04-07,2,FALSE,3,2,86,70,NA,2022-04-26,2022-03-21
NSH,20212022,2022-04-09,0,TRUE,1,4,86,71,NA,2022-04-26,2022-03-21
NSH,20212022,2022-04-10,1,FALSE,2,3,87,72,NA,2022-04-26,2022-03-21
NSH,20212022,2022-04-12,2,TRUE,1,0,89,73,NA,2022-04-26,2022-03-21
NSH,20212022,2022-04-14,0,TRUE,0,4,89,74,NA,2022-04-26,2022-03-21
NSH,20212022,2022-04-16,2,TRUE,4,3,91,75,NA,2022-04-26,2022-03-21
NSH,20212022,2022-04-17,0,TRUE,3,8,91,76,NA,2022-04-26,2022-03-21
NSH,20212022,2022-04-19,2,TRUE,3,2,93,77,NA,2022-04-26,2022-03-21
NSH,20212022,2022-04-23,0,FALSE,2,6,93,78,NA,2022-04-26,2022-03-21
NSH,20212022,2022-04-24,1,TRUE,4,5,94,79,NA,2022-04-26,2022-03-21
NSH,20212022,2022-04-26,1,TRUE,4,5,95,80,NA,2022-04-26,2022-03-21
NSH,20212022,2022-04-28,2,FALSE,5,4,97,81,NA,2022-04-26,2022-03-21
NSH,20212022,2022-04-29,0,FALSE,4,5,97,82,NA,2022-04-26,2022-03-21
NSH,20222023,2022-10-07,2,TRUE,4,1,2,1,2023-04-14,NA,2023-03-03
NSH,20222023,2022-10-08,2,FALSE,3,2,4,2,2023-04-14,NA,2023-03-03
NSH,20222023,2022-10-13,0,TRUE,1,4,4,3,2023-04-14,NA,2023-03-03
NSH,20222023,2022-10-15,0,FALSE,1,5,4,4,2023-04-14,NA,2023-03-03
NSH,20222023,2022-10-18,1,TRUE,3,4,5,5,2023-04-14,NA,2023-03-03
NSH,20222023,2022-10-20,0,FALSE,3,5,5,6,2023-04-14,NA,2023-03-03
NSH,20222023,2022-10-22,0,TRUE,1,3,5,7,2023-04-14,NA,2023-03-03
NSH,20222023,2022-10-27,2,TRUE,6,2,7,8,2023-04-14,NA,2023-03-03
NSH,20222023,2022-10-29,0,TRUE,0,3,7,9,2023-04-14,NA,2023-03-03
NSH,20222023,2022-11-01,0,FALSE,4,7,7,10,2023-04-14,NA,2023-03-03
NSH,20222023,2022-11-03,2,FALSE,4,1,9,11,2023-04-14,NA,2023-03-03
NSH,20222023,2022-11-05,2,FALSE,4,3,11,12,2023-04-14,NA,2023-03-03
NSH,20222023,2022-11-08,0,FALSE,1,5,11,13,2023-04-14,NA,2023-03-03
NSH,20222023,2022-11-10,0,FALSE,3,5,11,14,2023-04-14,NA,2023-03-03
NSH,20222023,2022-11-12,2,TRUE,2,1,13,15,2023-04-14,NA,2023-03-03
NSH,20222023,2022-11-15,2,TRUE,2,1,15,16,2023-04-14,NA,2023-03-03
NSH,20222023,2022-11-17,2,TRUE,5,4,17,17,2023-04-14,NA,2023-03-03
NSH,20222023,2022-11-19,1,TRUE,2,3,18,18,2023-04-14,NA,2023-03-03
NSH,20222023,2022-11-21,2,TRUE,4,3,20,19,2023-04-14,NA,2023-03-03
NSH,20222023,2022-11-23,0,FALSE,0,3,20,20,2023-04-14,NA,2023-03-03
NSH,20222023,2022-11-29,2,TRUE,2,1,22,21,2023-04-14,NA,2023-03-03
NSH,20222023,2022-12-01,2,FALSE,4,3,24,22,2023-04-14,NA,2023-03-03
NSH,20222023,2022-12-02,2,FALSE,4,1,26,23,2023-04-14,NA,2023-03-03
NSH,20222023,2022-12-08,0,FALSE,2,5,26,24,2023-04-14,NA,2023-03-03
NSH,20222023,2022-12-10,0,TRUE,2,3,26,25,2023-04-14,NA,2023-03-03
NSH,20222023,2022-12-12,1,FALSE,0,1,27,26,2023-04-14,NA,2023-03-03
NSH,20222023,2022-12-13,0,TRUE,3,6,27,27,2023-04-14,NA,2023-03-03
NSH,20222023,2022-12-15,1,FALSE,1,2,28,28,2023-04-14,NA,2023-03-03
NSH,20222023,2022-12-17,0,FALSE,1,3,28,29,2023-04-14,NA,2023-03-03
NSH,20222023,2022-12-19,2,TRUE,4,3,30,30,2023-04-14,NA,2023-03-03
NSH,20222023,2022-12-21,2,FALSE,4,2,32,31,2023-04-14,NA,2023-03-03
NSH,20222023,2022-12-23,1,TRUE,2,3,33,32,2023-04-14,NA,2023-03-03
NSH,20222023,2022-12-27,0,TRUE,2,3,33,33,2023-04-14,NA,2023-03-03
NSH,20222023,2022-12-30,2,FALSE,6,1,35,34,2023-04-14,NA,2023-03-03
NSH,20222023,2022-12-31,1,FALSE,4,5,36,35,2023-04-14,NA,2023-03-03
NSH,20222023,2023-01-03,2,TRUE,6,3,38,36,2023-04-14,NA,2023-03-03
NSH,20222023,2023-01-05,2,FALSE,5,3,40,37,2023-04-14,NA,2023-03-03
NSH,20222023,2023-01-06,2,FALSE,3,2,42,38,2023-04-14,NA,2023-03-03
NSH,20222023,2023-01-09,2,FALSE,3,0,44,39,2023-04-14,NA,2023-03-03
NSH,20222023,2023-01-11,0,FALSE,1,2,44,40,2023-04-14,NA,2023-03-03
NSH,20222023,2023-01-12,0,FALSE,3,4,44,41,2023-04-14,NA,2023-03-03
NSH,20222023,2023-01-14,0,TRUE,3,5,44,42,2023-04-14,NA,2023-03-03
NSH,20222023,2023-01-16,2,TRUE,2,1,46,43,2023-04-14,NA,2023-03-03
NSH,20222023,2023-01-17,2,TRUE,2,1,48,44,2023-04-14,NA,2023-03-03
NSH,20222023,2023-01-19,0,FALSE,2,5,48,45,2023-04-14,NA,2023-03-03
NSH,20222023,2023-01-21,2,TRUE,5,3,50,46,2023-04-14,NA,2023-03-03
NSH,20222023,2023-01-24,2,TRUE,2,1,52,47,2023-04-14,NA,2023-03-03
NSH,20222023,2023-01-26,2,TRUE,6,4,54,48,2023-04-14,NA,2023-03-03
NSH,20222023,2023-02-07,0,TRUE,1,5,54,49,2023-04-14,NA,2023-03-03
NSH,20222023,2023-02-11,2,FALSE,2,1,56,50,2023-04-14,NA,2023-03-03
NSH,20222023,2023-02-13,0,TRUE,2,4,56,51,2023-04-14,NA,2023-03-03
NSH,20222023,2023-02-16,0,TRUE,0,5,56,52,2023-04-14,NA,2023-03-03
NSH,20222023,2023-02-18,2,TRUE,7,3,58,53,2023-04-14,NA,2023-03-03
NSH,20222023,2023-02-19,0,FALSE,3,4,58,54,2023-04-14,NA,2023-03-03
NSH,20222023,2023-02-21,2,TRUE,5,4,60,55,2023-04-14,NA,2023-03-03
NSH,20222023,2023-02-23,2,FALSE,6,2,62,56,2023-04-14,NA,2023-03-03
NSH,20222023,2023-02-26,2,FALSE,6,2,64,57,2023-04-14,NA,2023-03-03
NSH,20222023,2023-02-28,0,TRUE,1,3,64,58,2023-04-14,NA,2023-03-03
NSH,20222023,2023-03-02,2,FALSE,2,1,66,59,2023-04-14,NA,2023-03-03
NSH,20222023,2023-03-04,2,FALSE,3,1,68,60,2023-04-14,NA,2023-03-03
NSH,20222023,2023-03-06,1,FALSE,3,4,69,61,2023-04-14,NA,2023-03-03
NSH,20222023,2023-03-09,0,FALSE,1,4,69,62,2023-04-14,NA,2023-03-03
NSH,20222023,2023-03-11,2,FALSE,2,1,71,63,2023-04-14,NA,2023-03-03
NSH,20222023,2023-03-12,2,FALSE,5,4,73,64,2023-04-14,NA,2023-03-03
NSH,20222023,2023-03-14,2,TRUE,2,1,75,65,2023-04-14,NA,2023-03-03
NSH,20222023,2023-03-16,0,TRUE,1,2,75,66,2023-04-14,NA,2023-03-03
NSH,20222023,2023-03-18,1,TRUE,2,3,76,67,2023-04-14,NA,2023-03-03
NSH,20222023,2023-03-19,0,FALSE,0,7,76,68,2023-04-14,NA,2023-03-03
NSH,20222023,2023-03-21,2,FALSE,7,3,78,69,2023-04-14,NA,2023-03-03
NSH,20222023,2023-03-23,2,TRUE,2,1,80,70,2023-04-14,NA,2023-03-03
NSH,20222023,2023-03-25,0,TRUE,2,7,80,71,2023-04-14,NA,2023-03-03
NSH,20222023,2023-03-26,0,TRUE,2,3,80,72,2023-04-14,NA,2023-03-03
NSH,20222023,2023-03-28,2,FALSE,2,1,82,73,2023-04-14,NA,2023-03-03
NSH,20222023,2023-03-30,0,FALSE,0,2,82,74,2023-04-14,NA,2023-03-03
NSH,20222023,2023-04-01,2,TRUE,6,1,84,75,2023-04-14,NA,2023-03-03
NSH,20222023,2023-04-03,0,FALSE,1,5,84,76,2023-04-14,NA,2023-03-03
NSH,20222023,2023-04-04,2,TRUE,3,2,86,77,2023-04-14,NA,2023-03-03
NSH,20222023,2023-04-06,2,TRUE,3,0,88,78,2023-04-14,NA,2023-03-03
NSH,20222023,2023-04-08,0,FALSE,0,2,88,79,2023-04-14,NA,2023-03-03
NSH,20222023,2023-04-10,2,FALSE,3,2,90,80,2023-04-14,NA,2023-03-03
NSH,20222023,2023-04-13,2,TRUE,4,3,92,81,2023-04-14,NA,2023-03-03
NSH,20222023,2023-04-14,0,TRUE,3,4,92,82,2023-04-14,NA,2023-03-03
NSH,20232024,2023-10-10,0,FALSE,3,5,0,1,NA,2024-04-04,2024-03-08
NSH,20232024,2023-10-12,2,TRUE,3,0,2,2,NA,2024-04-04,2024-03-08
NSH,20232024,2023-10-14,0,FALSE,2,3,2,3,NA,2024-04-04,2024-03-08
NSH,20232024,2023-10-17,0,TRUE,1,6,2,4,NA,2024-04-04,2024-03-08
NSH,20232024,2023-10-19,2,FALSE,4,1,4,5,NA,2024-04-04,2024-03-08
NSH,20232024,2023-10-21,2,TRUE,5,1,6,6,NA,2024-04-04,2024-03-08
NSH,20232024,2023-10-24,0,TRUE,2,3,6,7,NA,2024-04-04,2024-03-08
NSH,20232024,2023-10-28,2,TRUE,3,2,8,8,NA,2024-04-04,2024-03-08
NSH,20232024,2023-10-31,0,FALSE,2,5,8,9,NA,2024-04-04,2024-03-08
NSH,20232024,2023-11-02,0,FALSE,2,4,8,10,NA,2024-04-04,2024-03-08
NSH,20232024,2023-11-04,2,FALSE,5,2,10,11,NA,2024-04-04,2024-03-08
NSH,20232024,2023-11-07,0,FALSE,2,4,10,12,NA,2024-04-04,2024-03-08
NSH,20232024,2023-11-09,0,FALSE,3,6,10,13,NA,2024-04-04,2024-03-08
NSH,20232024,2023-11-11,0,TRUE,5,7,10,14,NA,2024-04-04,2024-03-08
NSH,20232024,2023-11-14,0,TRUE,2,3,10,15,NA,2024-04-04,2024-03-08
NSH,20232024,2023-11-18,2,TRUE,4,2,12,16,NA,2024-04-04,2024-03-08
NSH,20232024,2023-11-20,2,TRUE,4,3,14,17,NA,2024-04-04,2024-03-08
NSH,20232024,2023-11-22,2,TRUE,4,2,16,18,NA,2024-04-04,2024-03-08
NSH,20232024,2023-11-24,2,FALSE,8,3,18,19,NA,2024-04-04,2024-03-08
NSH,20232024,2023-11-26,2,TRUE,3,2,20,20,NA,2024-04-04,2024-03-08
NSH,20232024,2023-11-28,2,TRUE,3,2,22,21,NA,2024-04-04,2024-03-08
NSH,20232024,2023-11-30,0,TRUE,1,6,22,22,NA,2024-04-04,2024-03-08
NSH,20232024,2023-12-02,0,TRUE,3,4,22,23,NA,2024-04-04,2024-03-08
NSH,20232024,2023-12-03,2,FALSE,2,1,24,24,NA,2024-04-04,2024-03-08
NSH,20232024,2023-12-05,2,FALSE,4,3,26,25,NA,2024-04-04,2024-03-08
NSH,20232024,2023-12-07,2,TRUE,5,1,28,26,NA,2024-04-04,2024-03-08
NSH,20232024,2023-12-09,0,FALSE,0,4,28,27,NA,2024-04-04,2024-03-08
NSH,20232024,2023-12-10,2,FALSE,2,1,30,28,NA,2024-04-04,2024-03-08
NSH,20232024,2023-12-12,2,TRUE,3,2,32,29,NA,2024-04-04,2024-03-08
NSH,20232024,2023-12-15,2,FALSE,6,5,34,30,NA,2024-04-04,2024-03-08
NSH,20232024,2023-12-16,2,TRUE,3,1,36,31,NA,2024-04-04,2024-03-08
NSH,20232024,2023-12-19,0,TRUE,2,5,36,32,NA,2024-04-04,2024-03-08
NSH,20232024,2023-12-21,2,FALSE,4,2,38,33,NA,2024-04-04,2024-03-08
NSH,20232024,2023-12-23,0,TRUE,2,3,38,34,NA,2024-04-04,2024-03-08
NSH,20232024,2023-12-27,0,TRUE,2,5,38,35,NA,2024-04-04,2024-03-08
NSH,20232024,2023-12-29,1,FALSE,4,5,39,36,NA,2024-04-04,2024-03-08
NSH,20232024,2023-12-30,2,FALSE,3,2,41,37,NA,2024-04-04,2024-03-08
NSH,20232024,2024-01-02,2,TRUE,3,0,43,38,NA,2024-04-04,2024-03-08
NSH,20232024,2024-01-04,0,TRUE,3,6,43,39,NA,2024-04-04,2024-03-08
NSH,20232024,2024-01-06,2,FALSE,4,3,45,40,NA,2024-04-04,2024-03-08
NSH,20232024,2024-01-09,0,TRUE,3,5,45,41,NA,2024-04-04,2024-03-08
NSH,20232024,2024-01-12,2,FALSE,6,3,47,42,NA,2024-04-04,2024-03-08
NSH,20232024,2024-01-13,2,TRUE,3,1,49,43,NA,2024-04-04,2024-03-08
NSH,20232024,2024-01-15,0,FALSE,1,4,49,44,NA,2024-04-04,2024-03-08
NSH,20232024,2024-01-18,2,FALSE,2,1,51,45,NA,2024-04-04,2024-03-08
NSH,20232024,2024-01-20,0,FALSE,2,3,51,46,NA,2024-04-04,2024-03-08
NSH,20232024,2024-01-22,0,TRUE,1,4,51,47,NA,2024-04-04,2024-03-08
NSH,20232024,2024-01-25,2,FALSE,3,2,53,48,NA,2024-04-04,2024-03-08
NSH,20232024,2024-01-27,0,FALSE,1,4,53,49,NA,2024-04-04,2024-03-08
NSH,20232024,2024-01-29,1,FALSE,3,4,54,50,NA,2024-04-04,2024-03-08
NSH,20232024,2024-01-31,0,TRUE,2,4,54,51,NA,2024-04-04,2024-03-08
NSH,20232024,2024-02-10,2,TRUE,5,4,56,52,NA,2024-04-04,2024-03-08
NSH,20232024,2024-02-13,0,TRUE,2,4,56,53,NA,2024-04-04,2024-03-08
NSH,20232024,2024-02-15,0,TRUE,2,9,56,54,NA,2024-04-04,2024-03-08
NSH,20232024,2024-02-17,2,FALSE,5,2,58,55,NA,2024-04-04,2024-03-08
NSH,20232024,2024-02-20,2,FALSE,5,3,60,56,NA,2024-04-04,2024-03-08
NSH,20232024,2024-02-22,2,FALSE,4,1,62,57,NA,2024-04-04,2024-03-08
NSH,20232024,2024-02-24,2,FALSE,4,2,64,58,NA,2024-04-04,2024-03-08
NSH,20232024,2024-02-25,2,FALSE,4,2,66,59,NA,2024-04-04,2024-03-08
NSH,20232024,2024-02-27,2,TRUE,4,1,68,60,NA,2024-04-04,2024-03-08
NSH,20232024,2024-02-29,2,TRUE,6,1,70,61,NA,2024-04-04,2024-03-08
NSH,20232024,2024-03-02,2,TRUE,5,1,72,62,NA,2024-04-04,2024-03-08
NSH,20232024,2024-03-05,1,TRUE,3,4,73,63,NA,2024-04-04,2024-03-08
NSH,20232024,2024-03-07,2,TRUE,4,2,75,64,NA,2024-04-04,2024-03-08
NSH,20232024,2024-03-09,2,FALSE,2,1,77,65,NA,2024-04-04,2024-03-08
NSH,20232024,2024-03-10,1,FALSE,3,4,78,66,NA,2024-04-04,2024-03-08
NSH,20232024,2024-03-13,2,FALSE,4,2,80,67,NA,2024-04-04,2024-03-08
NSH,20232024,2024-03-16,2,FALSE,4,1,82,68,NA,2024-04-04,2024-03-08
NSH,20232024,2024-03-19,2,TRUE,8,2,84,69,NA,2024-04-04,2024-03-08
NSH,20232024,2024-03-21,2,FALSE,3,0,86,70,NA,2024-04-04,2024-03-08
NSH,20232024,2024-03-23,2,TRUE,1,0,88,71,NA,2024-04-04,2024-03-08
NSH,20232024,2024-03-26,2,TRUE,5,4,90,72,NA,2024-04-04,2024-03-08
NSH,20232024,2024-03-28,0,FALSE,4,8,90,73,NA,2024-04-04,2024-03-08
NSH,20232024,2024-03-30,0,FALSE,4,7,90,74,NA,2024-04-04,2024-03-08
NSH,20232024,2024-04-02,0,TRUE,0,3,90,75,NA,2024-04-04,2024-03-08
NSH,20232024,2024-04-04,2,TRUE,6,3,92,76,NA,2024-04-04,2024-03-08
NSH,20232024,2024-04-06,0,FALSE,0,2,92,77,NA,2024-04-04,2024-03-08
NSH,20232024,2024-04-07,2,FALSE,3,2,94,78,NA,2024-04-04,2024-03-08
NSH,20232024,2024-04-09,1,TRUE,3,4,95,79,NA,2024-04-04,2024-03-08
NSH,20232024,2024-04-12,2,FALSE,5,1,97,80,NA,2024-04-04,2024-03-08
NSH,20232024,2024-04-13,2,TRUE,6,4,99,81,NA,2024-04-04,2024-03-08
NSH,20232024,2024-04-15,0,FALSE,2,4,99,82,NA,2024-04-04,2024-03-08
NYI,20212022,2021-10-14,0,FALSE,3,6,0,1,2022-04-14,NA,2022-03-21
NYI,20212022,2021-10-16,0,FALSE,1,5,0,2,2022-04-14,NA,2022-03-21
NYI,20212022,2021-10-19,2,FALSE,4,1,2,3,2022-04-14,NA,2022-03-21
NYI,20212022,2021-10-21,1,FALSE,2,3,3,4,2022-04-14,NA,2022-03-21
NYI,20212022,2021-10-23,2,FALSE,3,0,5,5,2022-04-14,NA,2022-03-21
NYI,20212022,2021-10-24,2,FALSE,2,0,7,6,2022-04-14,NA,2022-03-21
NYI,20212022,2021-10-30,1,FALSE,2,3,8,7,2022-04-14,NA,2022-03-21
NYI,20212022,2021-11-04,2,FALSE,6,2,10,8,2022-04-14,NA,2022-03-21
NYI,20212022,2021-11-06,2,FALSE,2,0,12,9,2022-04-14,NA,2022-03-21
NYI,20212022,2021-11-07,0,FALSE,2,5,12,10,2022-04-14,NA,2022-03-21
NYI,20212022,2021-11-11,0,FALSE,0,4,12,11,2022-04-14,NA,2022-03-21
NYI,20212022,2021-11-15,0,FALSE,1,4,12,12,2022-04-14,NA,2022-03-21
NYI,20212022,2021-11-16,0,FALSE,1,6,12,13,2022-04-14,NA,2022-03-21
NYI,20212022,2021-11-20,0,TRUE,2,5,12,14,2022-04-14,NA,2022-03-21
NYI,20212022,2021-11-21,0,TRUE,0,3,12,15,2022-04-14,NA,2022-03-21
NYI,20212022,2021-11-24,0,TRUE,1,4,12,16,2022-04-14,NA,2022-03-21
NYI,20212022,2021-11-26,0,TRUE,0,1,12,17,2022-04-14,NA,2022-03-21
NYI,20212022,2021-12-02,1,TRUE,1,2,13,18,2022-04-14,NA,2022-03-21
NYI,20212022,2021-12-04,1,FALSE,3,4,14,19,2022-04-14,NA,2022-03-21
NYI,20212022,2021-12-05,1,TRUE,2,3,15,20,2022-04-14,NA,2022-03-21
NYI,20212022,2021-12-07,2,FALSE,5,3,17,21,2022-04-14,NA,2022-03-21
NYI,20212022,2021-12-09,0,TRUE,3,4,17,22,2022-04-14,NA,2022-03-21
NYI,20212022,2021-12-11,2,TRUE,4,2,19,23,2022-04-14,NA,2022-03-21
NYI,20212022,2021-12-14,0,FALSE,1,2,19,24,2022-04-14,NA,2022-03-21
NYI,20212022,2021-12-16,2,TRUE,3,1,21,25,2022-04-14,NA,2022-03-21
NYI,20212022,2021-12-19,1,TRUE,3,4,22,26,2022-04-14,NA,2022-03-21
NYI,20212022,2021-12-30,2,TRUE,4,1,24,27,2022-04-14,NA,2022-03-21
NYI,20212022,2022-01-01,2,TRUE,3,2,26,28,2022-04-14,NA,2022-03-21
NYI,20212022,2022-01-13,2,TRUE,3,2,28,29,2022-04-14,NA,2022-03-21
NYI,20212022,2022-01-15,0,TRUE,0,2,28,30,2022-04-14,NA,2022-03-21
NYI,20212022,2022-01-17,2,TRUE,4,1,30,31,2022-04-14,NA,2022-03-21
NYI,20212022,2022-01-18,2,FALSE,4,3,32,32,2022-04-14,NA,2022-03-21
NYI,20212022,2022-01-21,2,TRUE,4,0,34,33,2022-04-14,NA,2022-03-21
NYI,20212022,2022-01-22,0,TRUE,1,3,34,34,2022-04-14,NA,2022-03-21
NYI,20212022,2022-01-25,2,TRUE,4,3,36,35,2022-04-14,NA,2022-03-21
NYI,20212022,2022-01-27,0,TRUE,2,3,36,36,2022-04-14,NA,2022-03-21
NYI,20212022,2022-01-30,0,TRUE,3,4,36,37,2022-04-14,NA,2022-03-21
NYI,20212022,2022-02-01,2,TRUE,4,1,38,38,2022-04-14,NA,2022-03-21
NYI,20212022,2022-02-02,0,TRUE,0,3,38,39,2022-04-14,NA,2022-03-21
NYI,20212022,2022-02-09,2,FALSE,6,3,40,40,2022-04-14,NA,2022-03-21
NYI,20212022,2022-02-11,0,FALSE,1,3,40,41,2022-04-14,NA,2022-03-21
NYI,20212022,2022-02-12,0,FALSE,2,5,40,42,2022-04-14,NA,2022-03-21
NYI,20212022,2022-02-15,0,FALSE,3,6,40,43,2022-04-14,NA,2022-03-21
NYI,20212022,2022-02-17,2,TRUE,4,1,42,44,2022-04-14,NA,2022-03-21
NYI,20212022,2022-02-20,1,TRUE,2,3,43,45,2022-04-14,NA,2022-03-21
NYI,20212022,2022-02-22,2,FALSE,5,2,45,46,2022-04-14,NA,2022-03-21
NYI,20212022,2022-02-24,1,FALSE,3,4,46,47,2022-04-14,NA,2022-03-21
NYI,20212022,2022-02-26,0,FALSE,2,5,46,48,2022-04-14,NA,2022-03-21
NYI,20212022,2022-02-27,2,FALSE,4,0,48,49,2022-04-14,NA,2022-03-21
NYI,20212022,2022-03-01,0,FALSE,3,5,48,50,2022-04-14,NA,2022-03-21
NYI,20212022,2022-03-03,0,TRUE,3,4,48,51,2022-04-14,NA,2022-03-21
NYI,20212022,2022-03-05,2,TRUE,2,1,50,52,2022-04-14,NA,2022-03-21
NYI,20212022,2022-03-07,0,TRUE,4,5,50,53,2022-04-14,NA,2022-03-21
NYI,20212022,2022-03-10,2,TRUE,6,0,52,54,2022-04-14,NA,2022-03-21
NYI,20212022,2022-03-11,2,TRUE,5,2,54,55,2022-04-14,NA,2022-03-21
NYI,20212022,2022-03-13,2,TRUE,4,3,56,56,2022-04-14,NA,2022-03-21
NYI,20212022,2022-03-15,1,FALSE,3,4,57,57,2022-04-14,NA,2022-03-21
NYI,20212022,2022-03-17,2,FALSE,2,1,59,58,2022-04-14,NA,2022-03-21
NYI,20212022,2022-03-19,2,TRUE,4,2,61,59,2022-04-14,NA,2022-03-21
NYI,20212022,2022-03-20,0,FALSE,1,2,61,60,2022-04-14,NA,2022-03-21
NYI,20212022,2022-03-22,2,TRUE,3,0,63,61,2022-04-14,NA,2022-03-21
NYI,20212022,2022-03-24,2,TRUE,5,2,65,62,2022-04-14,NA,2022-03-21
NYI,20212022,2022-03-26,0,FALSE,3,6,65,63,2022-04-14,NA,2022-03-21
NYI,20212022,2022-03-27,0,TRUE,1,4,65,64,2022-04-14,NA,2022-03-21
NYI,20212022,2022-03-29,2,FALSE,4,3,67,65,2022-04-14,NA,2022-03-21
NYI,20212022,2022-03-31,2,TRUE,5,2,69,66,2022-04-14,NA,2022-03-21
NYI,20212022,2022-04-01,2,FALSE,3,0,71,67,2022-04-14,NA,2022-03-21
NYI,20212022,2022-04-03,2,FALSE,4,3,73,68,2022-04-14,NA,2022-03-21
NYI,20212022,2022-04-05,0,FALSE,2,3,73,69,2022-04-14,NA,2022-03-21
NYI,20212022,2022-04-08,2,FALSE,2,1,75,70,2022-04-14,NA,2022-03-21
NYI,20212022,2022-04-09,0,FALSE,1,6,75,71,2022-04-14,NA,2022-03-21
NYI,20212022,2022-04-12,2,TRUE,5,4,77,72,2022-04-14,NA,2022-03-21
NYI,20212022,2022-04-14,0,FALSE,3,6,77,73,2022-04-14,NA,2022-03-21
NYI,20212022,2022-04-15,2,FALSE,3,0,79,74,2022-04-14,NA,2022-03-21
NYI,20212022,2022-04-17,0,FALSE,2,4,79,75,2022-04-14,NA,2022-03-21
NYI,20212022,2022-04-19,1,TRUE,2,3,80,76,2022-04-14,NA,2022-03-21
NYI,20212022,2022-04-21,0,TRUE,3,6,80,77,2022-04-14,NA,2022-03-21
NYI,20212022,2022-04-23,0,FALSE,3,5,80,78,2022-04-14,NA,2022-03-21
NYI,20212022,2022-04-24,0,TRUE,2,5,80,79,2022-04-14,NA,2022-03-21
NYI,20212022,2022-04-26,2,FALSE,4,1,82,80,2022-04-14,NA,2022-03-21
NYI,20212022,2022-04-28,2,TRUE,5,1,84,81,2022-04-14,NA,2022-03-21
NYI,20212022,2022-04-29,0,TRUE,4,6,84,82,2022-04-14,NA,2022-03-21
NYI,20222023,2022-10-13,0,TRUE,1,3,0,1,NA,2023-04-12,2023-03-03
NYI,20222023,2022-10-15,2,TRUE,7,1,2,2,NA,2023-04-12,2023-03-03
NYI,20222023,2022-10-18,2,TRUE,5,2,4,3,NA,2023-04-12,2023-03-03
NYI,20222023,2022-10-20,0,TRUE,1,4,4,4,NA,2023-04-12,2023-03-03
NYI,20222023,2022-10-22,0,FALSE,3,5,4,5,NA,2023-04-12,2023-03-03
NYI,20222023,2022-10-23,0,FALSE,2,3,4,6,NA,2023-04-12,2023-03-03
NYI,20222023,2022-10-26,2,TRUE,3,0,6,7,NA,2023-04-12,2023-03-03
NYI,20222023,2022-10-28,2,FALSE,6,2,8,8,NA,2023-04-12,2023-03-03
NYI,20222023,2022-10-29,2,TRUE,5,4,10,9,NA,2023-04-12,2023-03-03
NYI,20222023,2022-11-01,2,FALSE,3,1,12,10,NA,2023-04-12,2023-03-03
NYI,20222023,2022-11-03,2,FALSE,5,2,14,11,NA,2023-04-12,2023-03-03
NYI,20222023,2022-11-05,0,FALSE,0,3,14,12,NA,2023-04-12,2023-03-03
NYI,20222023,2022-11-07,2,TRUE,4,3,16,13,NA,2023-04-12,2023-03-03
NYI,20222023,2022-11-08,2,FALSE,4,3,18,14,NA,2023-04-12,2023-03-03
NYI,20222023,2022-11-10,0,TRUE,0,2,18,15,NA,2023-04-12,2023-03-03
NYI,20222023,2022-11-12,2,TRUE,4,3,20,16,NA,2023-04-12,2023-03-03
NYI,20222023,2022-11-14,2,FALSE,4,2,22,17,NA,2023-04-12,2023-03-03
NYI,20222023,2022-11-17,0,FALSE,4,5,22,18,NA,2023-04-12,2023-03-03
NYI,20222023,2022-11-19,0,FALSE,2,5,22,19,NA,2023-04-12,2023-03-03
NYI,20222023,2022-11-21,2,FALSE,3,2,24,20,NA,2023-04-12,2023-03-03
NYI,20222023,2022-11-23,2,TRUE,3,0,26,21,NA,2023-04-12,2023-03-03
NYI,20222023,2022-11-25,2,FALSE,3,2,28,22,NA,2023-04-12,2023-03-03
NYI,20222023,2022-11-26,2,TRUE,5,2,30,23,NA,2023-04-12,2023-03-03
NYI,20222023,2022-11-29,0,FALSE,1,3,30,24,NA,2023-04-12,2023-03-03
NYI,20222023,2022-12-02,0,TRUE,1,4,30,25,NA,2023-04-12,2023-03-03
NYI,20222023,2022-12-04,2,TRUE,3,0,32,26,NA,2023-04-12,2023-03-03
NYI,20222023,2022-12-06,0,TRUE,4,7,32,27,NA,2023-04-12,2023-03-03
NYI,20222023,2022-12-09,2,FALSE,6,4,34,28,NA,2023-04-12,2023-03-03
NYI,20222023,2022-12-10,0,TRUE,0,3,34,29,NA,2023-04-12,2023-03-03
NYI,20222023,2022-12-13,1,FALSE,3,4,35,30,NA,2023-04-12,2023-03-03
NYI,20222023,2022-12-16,0,FALSE,4,5,35,31,NA,2023-04-12,2023-03-03
NYI,20222023,2022-12-17,2,FALSE,5,2,37,32,NA,2023-04-12,2023-03-03
NYI,20222023,2022-12-19,1,FALSE,0,1,38,33,NA,2023-04-12,2023-03-03
NYI,20222023,2022-12-22,0,FALSE,3,5,38,34,NA,2023-04-12,2023-03-03
NYI,20222023,2022-12-23,2,TRUE,5,1,40,35,NA,2023-04-12,2023-03-03
NYI,20222023,2022-12-27,2,TRUE,5,1,42,36,NA,2023-04-12,2023-03-03
NYI,20222023,2022-12-29,2,TRUE,2,1,44,37,NA,2023-04-12,2023-03-03
NYI,20222023,2023-01-01,0,FALSE,1,4,44,38,NA,2023-04-12,2023-03-03
NYI,20222023,2023-01-03,2,FALSE,6,2,46,39,NA,2023-04-12,2023-03-03
NYI,20222023,2023-01-05,0,FALSE,2,4,46,40,NA,2023-04-12,2023-03-03
NYI,20222023,2023-01-06,0,FALSE,1,4,46,41,NA,2023-04-12,2023-03-03
NYI,20222023,2023-01-10,1,TRUE,1,2,47,42,NA,2023-04-12,2023-03-03
NYI,20222023,2023-01-12,0,TRUE,1,3,47,43,NA,2023-04-12,2023-03-03
NYI,20222023,2023-01-14,2,TRUE,2,1,49,44,NA,2023-04-12,2023-03-03
NYI,20222023,2023-01-16,1,TRUE,3,4,50,45,NA,2023-04-12,2023-03-03
NYI,20222023,2023-01-18,0,TRUE,1,4,50,46,NA,2023-04-12,2023-03-03
NYI,20222023,2023-01-19,1,FALSE,2,3,51,47,NA,2023-04-12,2023-03-03
NYI,20222023,2023-01-21,0,TRUE,2,5,51,48,NA,2023-04-12,2023-03-03
NYI,20222023,2023-01-23,0,FALSE,2,5,51,49,NA,2023-04-12,2023-03-03
NYI,20222023,2023-01-25,0,FALSE,1,2,51,50,NA,2023-04-12,2023-03-03
NYI,20222023,2023-01-27,2,TRUE,2,0,53,51,NA,2023-04-12,2023-03-03
NYI,20222023,2023-01-28,2,TRUE,2,1,55,52,NA,2023-04-12,2023-03-03
NYI,20222023,2023-02-06,2,FALSE,2,1,57,53,NA,2023-04-12,2023-03-03
NYI,20222023,2023-02-07,2,TRUE,4,0,59,54,NA,2023-04-12,2023-03-03
NYI,20222023,2023-02-09,0,TRUE,5,6,59,55,NA,2023-04-12,2023-03-03
NYI,20222023,2023-02-11,1,FALSE,3,4,60,56,NA,2023-04-12,2023-03-03
NYI,20222023,2023-02-14,1,TRUE,2,3,61,57,NA,2023-04-12,2023-03-03
NYI,20222023,2023-02-17,2,TRUE,5,4,63,58,NA,2023-04-12,2023-03-03
NYI,20222023,2023-02-18,0,FALSE,2,6,63,59,NA,2023-04-12,2023-03-03
NYI,20222023,2023-02-20,2,FALSE,4,2,65,60,NA,2023-04-12,2023-03-03
NYI,20222023,2023-02-22,2,TRUE,2,1,67,61,NA,2023-04-12,2023-03-03
NYI,20222023,2023-02-24,0,TRUE,2,3,67,62,NA,2023-04-12,2023-03-03
NYI,20222023,2023-02-26,2,FALSE,4,0,69,63,NA,2023-04-12,2023-03-03
NYI,20222023,2023-02-28,1,FALSE,1,2,70,64,NA,2023-04-12,2023-03-03
NYI,20222023,2023-03-04,2,TRUE,4,1,72,65,NA,2023-04-12,2023-03-03
NYI,20222023,2023-03-07,2,TRUE,3,2,74,66,NA,2023-04-12,2023-03-03
NYI,20222023,2023-03-09,2,FALSE,4,3,76,67,NA,2023-04-12,2023-03-03
NYI,20222023,2023-03-11,0,TRUE,1,5,76,68,NA,2023-04-12,2023-03-03
NYI,20222023,2023-03-14,0,FALSE,2,5,76,69,NA,2023-04-12,2023-03-03
NYI,20222023,2023-03-15,2,FALSE,6,3,78,70,NA,2023-04-12,2023-03-03
NYI,20222023,2023-03-18,2,FALSE,4,1,80,71,NA,2023-04-12,2023-03-03
NYI,20222023,2023-03-21,2,TRUE,7,2,82,72,NA,2023-04-12,2023-03-03
NYI,20222023,2023-03-24,1,FALSE,4,5,83,73,NA,2023-04-12,2023-03-03
NYI,20222023,2023-03-25,0,TRUE,0,2,83,74,NA,2023-04-12,2023-03-03
NYI,20222023,2023-03-27,2,TRUE,5,1,85,75,NA,2023-04-12,2023-03-03
NYI,20222023,2023-03-29,2,FALSE,2,1,87,76,NA,2023-04-12,2023-03-03
NYI,20222023,2023-04-01,0,FALSE,0,5,87,77,NA,2023-04-12,2023-03-03
NYI,20222023,2023-04-02,0,FALSE,1,2,87,78,NA,2023-04-12,2023-03-03
NYI,20222023,2023-04-06,2,TRUE,6,1,89,79,NA,2023-04-12,2023-03-03
NYI,20222023,2023-04-08,2,TRUE,4,0,91,80,NA,2023-04-12,2023-03-03
NYI,20222023,2023-04-10,0,FALSE,2,5,91,81,NA,2023-04-12,2023-03-03
NYI,20222023,2023-04-12,2,TRUE,4,2,93,82,NA,2023-04-12,2023-03-03
NYI,20232024,2023-10-14,2,TRUE,3,2,2,1,NA,2024-04-15,2024-03-08
NYI,20232024,2023-10-17,2,TRUE,1,0,4,2,NA,2024-04-15,2024-03-08
NYI,20232024,2023-10-20,1,TRUE,4,5,5,3,NA,2024-04-15,2024-03-08
NYI,20232024,2023-10-21,0,FALSE,1,3,5,4,NA,2024-04-15,2024-03-08
NYI,20232024,2023-10-24,0,TRUE,4,7,5,5,NA,2024-04-15,2024-03-08
NYI,20232024,2023-10-26,2,TRUE,3,2,7,6,NA,2024-04-15,2024-03-08
NYI,20232024,2023-10-28,2,FALSE,2,0,9,7,NA,2024-04-15,2024-03-08
NYI,20232024,2023-10-30,1,TRUE,3,4,10,8,NA,2024-04-15,2024-03-08
NYI,20232024,2023-11-02,2,FALSE,3,0,12,9,NA,2024-04-15,2024-03-08
NYI,20232024,2023-11-04,1,TRUE,3,4,13,10,NA,2024-04-15,2024-03-08
NYI,20232024,2023-11-07,0,TRUE,2,4,13,11,NA,2024-04-15,2024-03-08
NYI,20232024,2023-11-09,0,FALSE,2,5,13,12,NA,2024-04-15,2024-03-08
NYI,20232024,2023-11-11,0,TRUE,1,4,13,13,NA,2024-04-15,2024-03-08
NYI,20232024,2023-11-13,0,FALSE,1,4,13,14,NA,2024-04-15,2024-03-08
NYI,20232024,2023-11-15,1,FALSE,3,4,14,15,NA,2024-04-15,2024-03-08
NYI,20232024,2023-11-16,1,FALSE,3,4,15,16,NA,2024-04-15,2024-03-08
NYI,20232024,2023-11-18,2,FALSE,5,4,17,17,NA,2024-04-15,2024-03-08
NYI,20232024,2023-11-22,2,TRUE,3,2,19,18,NA,2024-04-15,2024-03-08
NYI,20232024,2023-11-24,2,FALSE,5,3,21,19,NA,2024-04-15,2024-03-08
NYI,20232024,2023-11-25,1,TRUE,0,1,22,20,NA,2024-04-15,2024-03-08
NYI,20232024,2023-11-28,0,FALSE,4,5,22,21,NA,2024-04-15,2024-03-08
NYI,20232024,2023-11-30,2,FALSE,5,4,24,22,NA,2024-04-15,2024-03-08
NYI,20232024,2023-12-02,2,FALSE,4,3,26,23,NA,2024-04-15,2024-03-08
NYI,20232024,2023-12-05,1,TRUE,4,5,27,24,NA,2024-04-15,2024-03-08
NYI,20232024,2023-12-07,2,TRUE,7,3,29,25,NA,2024-04-15,2024-03-08
NYI,20232024,2023-12-09,2,TRUE,3,2,31,26,NA,2024-04-15,2024-03-08
NYI,20232024,2023-12-11,2,TRUE,4,3,33,27,NA,2024-04-15,2024-03-08
NYI,20232024,2023-12-13,2,TRUE,4,3,35,28,NA,2024-04-15,2024-03-08
NYI,20232024,2023-12-15,1,TRUE,4,5,36,29,NA,2024-04-15,2024-03-08
NYI,20232024,2023-12-16,0,FALSE,3,5,36,30,NA,2024-04-15,2024-03-08
NYI,20232024,2023-12-19,2,TRUE,3,1,38,31,NA,2024-04-15,2024-03-08
NYI,20232024,2023-12-20,1,FALSE,2,3,39,32,NA,2024-04-15,2024-03-08
NYI,20232024,2023-12-23,2,FALSE,5,4,41,33,NA,2024-04-15,2024-03-08
NYI,20232024,2023-12-27,0,TRUE,0,7,41,34,NA,2024-04-15,2024-03-08
NYI,20232024,2023-12-29,2,TRUE,5,1,43,35,NA,2024-04-15,2024-03-08
NYI,20232024,2023-12-31,0,FALSE,1,3,43,36,NA,2024-04-15,2024-03-08
NYI,20232024,2024-01-02,1,FALSE,4,5,44,37,NA,2024-04-15,2024-03-08
NYI,20232024,2024-01-04,2,FALSE,5,1,46,38,NA,2024-04-15,2024-03-08
NYI,20232024,2024-01-06,0,FALSE,2,5,46,39,NA,2024-04-15,2024-03-08
NYI,20232024,2024-01-09,0,TRUE,2,5,46,40,NA,2024-04-15,2024-03-08
NYI,20232024,2024-01-11,2,TRUE,4,3,48,41,NA,2024-04-15,2024-03-08
NYI,20232024,2024-01-13,0,FALSE,1,3,48,42,NA,2024-04-15,2024-03-08
NYI,20232024,2024-01-15,0,FALSE,0,5,48,43,NA,2024-04-15,2024-03-08
NYI,20232024,2024-01-16,0,FALSE,2,4,48,44,NA,2024-04-15,2024-03-08
NYI,20232024,2024-01-19,1,FALSE,3,4,49,45,NA,2024-04-15,2024-03-08
NYI,20232024,2024-01-21,2,TRUE,3,2,51,46,NA,2024-04-15,2024-03-08
NYI,20232024,2024-01-23,0,TRUE,2,3,51,47,NA,2024-04-15,2024-03-08
NYI,20232024,2024-01-25,0,FALSE,3,4,51,48,NA,2024-04-15,2024-03-08
NYI,20232024,2024-01-27,1,TRUE,2,3,52,49,NA,2024-04-15,2024-03-08
NYI,20232024,2024-02-05,2,FALSE,3,2,54,50,NA,2024-04-15,2024-03-08
NYI,20232024,2024-02-08,2,TRUE,6,2,56,51,NA,2024-04-15,2024-03-08
NYI,20232024,2024-02-10,0,TRUE,2,5,56,52,NA,2024-04-15,2024-03-08
NYI,20232024,2024-02-13,1,TRUE,1,2,57,53,NA,2024-04-15,2024-03-08
NYI,20232024,2024-02-18,1,TRUE,5,6,58,54,NA,2024-04-15,2024-03-08
NYI,20232024,2024-02-20,2,FALSE,5,4,60,55,NA,2024-04-15,2024-03-08
NYI,20232024,2024-02-22,0,FALSE,0,4,60,56,NA,2024-04-15,2024-03-08
NYI,20232024,2024-02-24,0,TRUE,2,4,60,57,NA,2024-04-15,2024-03-08
NYI,20232024,2024-02-26,2,FALSE,3,2,62,58,NA,2024-04-15,2024-03-08
NYI,20232024,2024-02-29,2,FALSE,5,3,64,59,NA,2024-04-15,2024-03-08
NYI,20232024,2024-03-02,2,TRUE,5,1,66,60,NA,2024-04-15,2024-03-08
NYI,20232024,2024-03-05,2,TRUE,4,2,68,61,NA,2024-04-15,2024-03-08
NYI,20232024,2024-03-07,2,FALSE,7,2,70,62,NA,2024-04-15,2024-03-08
NYI,20232024,2024-03-10,2,FALSE,6,1,72,63,NA,2024-04-15,2024-03-08
NYI,20232024,2024-03-11,0,FALSE,0,3,72,64,NA,2024-04-15,2024-03-08
NYI,20232024,2024-03-14,0,FALSE,0,4,72,65,NA,2024-04-15,2024-03-08
NYI,20232024,2024-03-16,1,TRUE,3,4,73,66,NA,2024-04-15,2024-03-08
NYI,20232024,2024-03-17,0,FALSE,2,5,73,67,NA,2024-04-15,2024-03-08
NYI,20232024,2024-03-19,0,TRUE,1,4,73,68,NA,2024-04-15,2024-03-08
NYI,20232024,2024-03-21,0,FALSE,3,6,73,69,NA,2024-04-15,2024-03-08
NYI,20232024,2024-03-23,2,TRUE,6,3,75,70,NA,2024-04-15,2024-03-08
NYI,20232024,2024-03-24,0,TRUE,0,4,75,71,NA,2024-04-15,2024-03-08
NYI,20232024,2024-03-28,2,FALSE,3,2,77,72,NA,2024-04-15,2024-03-08
NYI,20232024,2024-03-30,0,FALSE,1,4,77,73,NA,2024-04-15,2024-03-08
NYI,20232024,2024-04-01,2,FALSE,4,3,79,74,NA,2024-04-15,2024-03-08
NYI,20232024,2024-04-02,2,TRUE,2,1,81,75,NA,2024-04-15,2024-03-08
NYI,20232024,2024-04-04,2,FALSE,4,2,83,76,NA,2024-04-15,2024-03-08
NYI,20232024,2024-04-06,2,TRUE,2,0,85,77,NA,2024-04-15,2024-03-08
NYI,20232024,2024-04-09,2,TRUE,4,2,87,78,NA,2024-04-15,2024-03-08
NYI,20232024,2024-04-11,2,TRUE,3,2,89,79,NA,2024-04-15,2024-03-08
NYI,20232024,2024-04-13,1,FALSE,2,3,90,80,NA,2024-04-15,2024-03-08
NYI,20232024,2024-04-15,2,FALSE,4,1,92,81,NA,2024-04-15,2024-03-08
NYI,20232024,2024-04-17,2,TRUE,5,4,94,82,NA,2024-04-15,2024-03-08
NYR,20212022,2021-10-13,0,FALSE,1,5,0,1,NA,2022-04-05,2022-03-21
NYR,20212022,2021-10-14,1,TRUE,2,3,1,2,NA,2022-04-05,2022-03-21
NYR,20212022,2021-10-16,2,FALSE,3,1,3,3,NA,2022-04-05,2022-03-21
NYR,20212022,2021-10-18,2,FALSE,2,1,5,4,NA,2022-04-05,2022-03-21
NYR,20212022,2021-10-21,2,FALSE,3,1,7,5,NA,2022-04-05,2022-03-21
NYR,20212022,2021-10-23,2,FALSE,3,2,9,6,NA,2022-04-05,2022-03-21
NYR,20212022,2021-10-25,0,TRUE,1,5,9,7,NA,2022-04-05,2022-03-21
NYR,20212022,2021-10-29,2,TRUE,4,0,11,8,NA,2022-04-05,2022-03-21
NYR,20212022,2021-10-31,2,FALSE,3,1,13,9,NA,2022-04-05,2022-03-21
NYR,20212022,2021-11-02,1,FALSE,2,3,14,10,NA,2022-04-05,2022-03-21
NYR,20212022,2021-11-05,1,FALSE,5,6,15,11,NA,2022-04-05,2022-03-21
NYR,20212022,2021-11-06,0,FALSE,0,6,15,12,NA,2022-04-05,2022-03-21
NYR,20212022,2021-11-08,2,TRUE,4,3,17,13,NA,2022-04-05,2022-03-21
NYR,20212022,2021-11-13,2,FALSE,5,3,19,14,NA,2022-04-05,2022-03-21
NYR,20212022,2021-11-14,2,TRUE,4,3,21,15,NA,2022-04-05,2022-03-21
NYR,20212022,2021-11-16,2,TRUE,3,2,23,16,NA,2022-04-05,2022-03-21
NYR,20212022,2021-11-18,0,FALSE,1,2,23,17,NA,2022-04-05,2022-03-21
NYR,20212022,2021-11-21,2,TRUE,5,4,25,18,NA,2022-04-05,2022-03-21
NYR,20212022,2021-11-24,2,FALSE,4,1,27,19,NA,2022-04-05,2022-03-21
NYR,20212022,2021-11-26,2,FALSE,5,2,29,20,NA,2022-04-05,2022-03-21
NYR,20212022,2021-12-01,2,TRUE,4,1,31,21,NA,2022-04-05,2022-03-21
NYR,20212022,2021-12-03,2,TRUE,1,0,33,22,NA,2022-04-05,2022-03-21
NYR,20212022,2021-12-04,2,TRUE,3,2,35,23,NA,2022-04-05,2022-03-21
NYR,20212022,2021-12-07,2,FALSE,6,2,37,24,NA,2022-04-05,2022-03-21
NYR,20212022,2021-12-08,0,TRUE,3,7,37,25,NA,2022-04-05,2022-03-21
NYR,20212022,2021-12-10,2,FALSE,2,1,39,26,NA,2022-04-05,2022-03-21
NYR,20212022,2021-12-12,0,TRUE,0,1,39,27,NA,2022-04-05,2022-03-21
NYR,20212022,2021-12-14,0,FALSE,2,4,39,28,NA,2022-04-05,2022-03-21
NYR,20212022,2021-12-15,2,FALSE,3,2,41,29,NA,2022-04-05,2022-03-21
NYR,20212022,2021-12-17,1,TRUE,2,3,42,30,NA,2022-04-05,2022-03-21
NYR,20212022,2021-12-29,0,FALSE,3,4,42,31,NA,2022-04-05,2022-03-21
NYR,20212022,2021-12-31,2,FALSE,4,3,44,32,NA,2022-04-05,2022-03-21
NYR,20212022,2022-01-02,2,TRUE,4,0,46,33,NA,2022-04-05,2022-03-21
NYR,20212022,2022-01-03,2,TRUE,4,1,48,34,NA,2022-04-05,2022-03-21
NYR,20212022,2022-01-06,0,FALSE,1,5,48,35,NA,2022-04-05,2022-03-21
NYR,20212022,2022-01-08,2,FALSE,4,1,50,36,NA,2022-04-05,2022-03-21
NYR,20212022,2022-01-10,0,FALSE,1,3,50,37,NA,2022-04-05,2022-03-21
NYR,20212022,2022-01-13,2,FALSE,3,0,52,38,NA,2022-04-05,2022-03-21
NYR,20212022,2022-01-15,2,FALSE,3,2,54,39,NA,2022-04-05,2022-03-21
NYR,20212022,2022-01-19,2,TRUE,6,3,56,40,NA,2022-04-05,2022-03-21
NYR,20212022,2022-01-21,0,FALSE,3,6,56,41,NA,2022-04-05,2022-03-21
NYR,20212022,2022-01-22,2,TRUE,7,3,58,42,NA,2022-04-05,2022-03-21
NYR,20212022,2022-01-24,2,TRUE,3,2,60,43,NA,2022-04-05,2022-03-21
NYR,20212022,2022-01-27,0,FALSE,3,5,60,44,NA,2022-04-05,2022-03-21
NYR,20212022,2022-01-28,0,TRUE,2,3,60,45,NA,2022-04-05,2022-03-21
NYR,20212022,2022-01-30,2,TRUE,3,2,62,46,NA,2022-04-05,2022-03-21
NYR,20212022,2022-02-01,2,TRUE,5,2,64,47,NA,2022-04-05,2022-03-21
NYR,20212022,2022-02-15,2,TRUE,2,1,66,48,NA,2022-04-05,2022-03-21
NYR,20212022,2022-02-17,1,TRUE,2,3,67,49,NA,2022-04-05,2022-03-21
NYR,20212022,2022-02-20,2,FALSE,2,1,69,50,NA,2022-04-05,2022-03-21
NYR,20212022,2022-02-24,2,TRUE,4,1,71,51,NA,2022-04-05,2022-03-21
NYR,20212022,2022-02-26,0,FALSE,0,1,71,52,NA,2022-04-05,2022-03-21
NYR,20212022,2022-02-27,0,TRUE,2,5,71,53,NA,2022-04-05,2022-03-21
NYR,20212022,2022-03-02,2,TRUE,5,3,73,54,NA,2022-04-05,2022-03-21
NYR,20212022,2022-03-04,2,TRUE,3,1,75,55,NA,2022-04-05,2022-03-21
NYR,20212022,2022-03-06,2,FALSE,4,1,77,56,NA,2022-04-05,2022-03-21
NYR,20212022,2022-03-08,0,FALSE,2,5,77,57,NA,2022-04-05,2022-03-21
NYR,20212022,2022-03-10,0,FALSE,2,6,77,58,NA,2022-04-05,2022-03-21
NYR,20212022,2022-03-12,2,FALSE,7,4,79,59,NA,2022-04-05,2022-03-21
NYR,20212022,2022-03-15,2,TRUE,4,3,81,60,NA,2022-04-05,2022-03-21
NYR,20212022,2022-03-17,0,TRUE,1,2,81,61,NA,2022-04-05,2022-03-21
NYR,20212022,2022-03-19,2,FALSE,2,1,83,62,NA,2022-04-05,2022-03-21
NYR,20212022,2022-03-20,2,FALSE,2,0,85,63,NA,2022-04-05,2022-03-21
NYR,20212022,2022-03-22,0,FALSE,4,7,85,64,NA,2022-04-05,2022-03-21
NYR,20212022,2022-03-25,2,TRUE,5,1,87,65,NA,2022-04-05,2022-03-21
NYR,20212022,2022-03-27,2,TRUE,5,4,89,66,NA,2022-04-05,2022-03-21
NYR,20212022,2022-03-29,2,FALSE,3,2,91,67,NA,2022-04-05,2022-03-21
NYR,20212022,2022-03-30,2,FALSE,5,4,93,68,NA,2022-04-05,2022-03-21
NYR,20212022,2022-04-01,0,TRUE,0,3,93,69,NA,2022-04-05,2022-03-21
NYR,20212022,2022-04-03,1,TRUE,3,4,94,70,NA,2022-04-05,2022-03-21
NYR,20212022,2022-04-05,2,FALSE,3,1,96,71,NA,2022-04-05,2022-03-21
NYR,20212022,2022-04-07,2,TRUE,3,0,98,72,NA,2022-04-05,2022-03-21
NYR,20212022,2022-04-09,2,TRUE,5,1,100,73,NA,2022-04-05,2022-03-21
NYR,20212022,2022-04-12,0,TRUE,2,4,100,74,NA,2022-04-05,2022-03-21
NYR,20212022,2022-04-13,2,FALSE,4,0,102,75,NA,2022-04-05,2022-03-21
NYR,20212022,2022-04-16,2,TRUE,4,0,104,76,NA,2022-04-05,2022-03-21
NYR,20212022,2022-04-19,2,TRUE,3,0,106,77,NA,2022-04-05,2022-03-21
NYR,20212022,2022-04-21,2,FALSE,6,3,108,78,NA,2022-04-05,2022-03-21
NYR,20212022,2022-04-23,0,FALSE,1,3,108,79,NA,2022-04-05,2022-03-21
NYR,20212022,2022-04-26,0,TRUE,3,4,108,80,NA,2022-04-05,2022-03-21
NYR,20212022,2022-04-27,0,TRUE,3,4,108,81,NA,2022-04-05,2022-03-21
NYR,20212022,2022-04-29,2,TRUE,3,2,110,82,NA,2022-04-05,2022-03-21
NYR,20222023,2022-10-11,2,TRUE,3,1,2,1,NA,2023-03-23,2023-03-03
NYR,20222023,2022-10-13,2,FALSE,7,3,4,2,NA,2023-03-23,2023-03-03
NYR,20222023,2022-10-14,0,FALSE,1,4,4,3,NA,2023-03-23,2023-03-03
NYR,20222023,2022-10-17,2,TRUE,6,4,6,4,NA,2023-03-23,2023-03-03
NYR,20222023,2022-10-20,1,TRUE,2,3,7,5,NA,2023-03-23,2023-03-03
NYR,20222023,2022-10-23,0,TRUE,1,5,7,6,NA,2023-03-23,2023-03-03
NYR,20222023,2022-10-25,1,TRUE,2,3,8,7,NA,2023-03-23,2023-03-03
NYR,20222023,2022-10-26,0,FALSE,0,3,8,8,NA,2023-03-23,2023-03-03
NYR,20222023,2022-10-29,2,FALSE,6,3,10,9,NA,2023-03-23,2023-03-03
NYR,20222023,2022-10-30,2,FALSE,3,2,12,10,NA,2023-03-23,2023-03-03
NYR,20222023,2022-11-01,2,TRUE,1,0,14,11,NA,2023-03-23,2023-03-03
NYR,20222023,2022-11-03,0,TRUE,2,5,14,12,NA,2023-03-23,2023-03-03
NYR,20222023,2022-11-06,1,TRUE,2,3,15,13,NA,2023-03-23,2023-03-03
NYR,20222023,2022-11-08,0,TRUE,3,4,15,14,NA,2023-03-23,2023-03-03
NYR,20222023,2022-11-10,2,FALSE,8,2,17,15,NA,2023-03-23,2023-03-03
NYR,20222023,2022-11-12,0,FALSE,1,2,17,16,NA,2023-03-23,2023-03-03
NYR,20222023,2022-11-13,2,TRUE,4,1,19,17,NA,2023-03-23,2023-03-03
NYR,20222023,2022-11-17,1,FALSE,2,3,20,18,NA,2023-03-23,2023-03-03
NYR,20222023,2022-11-19,2,FALSE,2,1,22,19,NA,2023-03-23,2023-03-03
NYR,20222023,2022-11-22,2,FALSE,5,3,24,20,NA,2023-03-23,2023-03-03
NYR,20222023,2022-11-23,0,FALSE,2,3,24,21,NA,2023-03-23,2023-03-03
NYR,20222023,2022-11-26,0,TRUE,3,4,24,22,NA,2023-03-23,2023-03-03
NYR,20222023,2022-11-28,0,TRUE,3,5,24,23,NA,2023-03-23,2023-03-03
NYR,20222023,2022-11-30,2,FALSE,3,1,26,24,NA,2023-03-23,2023-03-03
NYR,20222023,2022-12-02,1,TRUE,2,3,27,25,NA,2023-03-23,2023-03-03
NYR,20222023,2022-12-03,0,TRUE,2,5,27,26,NA,2023-03-23,2023-03-03
NYR,20222023,2022-12-05,2,TRUE,6,4,29,27,NA,2023-03-23,2023-03-03
NYR,20222023,2022-12-07,2,FALSE,5,1,31,28,NA,2023-03-23,2023-03-03
NYR,20222023,2022-12-09,2,FALSE,2,1,33,29,NA,2023-03-23,2023-03-03
NYR,20222023,2022-12-12,2,TRUE,4,3,35,30,NA,2023-03-23,2023-03-03
NYR,20222023,2022-12-15,2,TRUE,3,1,37,31,NA,2023-03-23,2023-03-03
NYR,20222023,2022-12-17,2,FALSE,6,3,39,32,NA,2023-03-23,2023-03-03
NYR,20222023,2022-12-18,2,FALSE,7,1,41,33,NA,2023-03-23,2023-03-03
NYR,20222023,2022-12-20,0,FALSE,2,3,41,34,NA,2023-03-23,2023-03-03
NYR,20222023,2022-12-22,2,TRUE,5,3,43,35,NA,2023-03-23,2023-03-03
NYR,20222023,2022-12-27,0,TRUE,0,4,43,36,NA,2023-03-23,2023-03-03
NYR,20222023,2022-12-29,1,FALSE,1,2,44,37,NA,2023-03-23,2023-03-03
NYR,20222023,2023-01-01,2,FALSE,5,3,46,38,NA,2023-03-23,2023-03-03
NYR,20222023,2023-01-03,2,TRUE,5,3,48,39,NA,2023-03-23,2023-03-03
NYR,20222023,2023-01-05,2,FALSE,4,1,50,40,NA,2023-03-23,2023-03-03
NYR,20222023,2023-01-07,1,FALSE,3,4,51,41,NA,2023-03-23,2023-03-03
NYR,20222023,2023-01-10,2,TRUE,4,3,53,42,NA,2023-03-23,2023-03-03
NYR,20222023,2023-01-12,2,TRUE,2,1,55,43,NA,2023-03-23,2023-03-03
NYR,20222023,2023-01-15,0,TRUE,1,2,55,44,NA,2023-03-23,2023-03-03
NYR,20222023,2023-01-16,2,FALSE,3,1,57,45,NA,2023-03-23,2023-03-03
NYR,20222023,2023-01-19,0,TRUE,1,3,57,46,NA,2023-03-23,2023-03-03
NYR,20222023,2023-01-23,2,TRUE,6,2,59,47,NA,2023-03-23,2023-03-03
NYR,20222023,2023-01-25,1,FALSE,2,3,60,48,NA,2023-03-23,2023-03-03
NYR,20222023,2023-01-27,2,TRUE,4,1,62,49,NA,2023-03-23,2023-03-03
NYR,20222023,2023-02-06,2,TRUE,5,4,64,50,NA,2023-03-23,2023-03-03
NYR,20222023,2023-02-08,2,TRUE,4,3,66,51,NA,2023-03-23,2023-03-03
NYR,20222023,2023-02-10,2,TRUE,6,3,68,52,NA,2023-03-23,2023-03-03
NYR,20222023,2023-02-11,2,FALSE,6,2,70,53,NA,2023-03-23,2023-03-03
NYR,20222023,2023-02-15,2,FALSE,6,4,72,54,NA,2023-03-23,2023-03-03
NYR,20222023,2023-02-17,2,FALSE,5,4,74,55,NA,2023-03-23,2023-03-03
NYR,20222023,2023-02-18,1,FALSE,2,3,75,56,NA,2023-03-23,2023-03-03
NYR,20222023,2023-02-20,0,TRUE,1,4,75,57,NA,2023-03-23,2023-03-03
NYR,20222023,2023-02-23,0,FALSE,1,4,75,58,NA,2023-03-23,2023-03-03
NYR,20222023,2023-02-25,0,FALSE,3,6,75,59,NA,2023-03-23,2023-03-03
NYR,20222023,2023-02-26,2,TRUE,5,2,77,60,NA,2023-03-23,2023-03-03
NYR,20222023,2023-03-01,2,FALSE,3,2,79,61,NA,2023-03-23,2023-03-03
NYR,20222023,2023-03-02,0,TRUE,3,5,79,62,NA,2023-03-23,2023-03-03
NYR,20222023,2023-03-04,0,FALSE,2,4,79,63,NA,2023-03-23,2023-03-03
NYR,20222023,2023-03-09,2,FALSE,4,3,81,64,NA,2023-03-23,2023-03-03
NYR,20222023,2023-03-11,2,FALSE,2,1,83,65,NA,2023-03-23,2023-03-03
NYR,20222023,2023-03-12,1,FALSE,2,3,84,66,NA,2023-03-23,2023-03-03
NYR,20222023,2023-03-14,2,TRUE,5,3,86,67,NA,2023-03-23,2023-03-03
NYR,20222023,2023-03-16,2,TRUE,4,2,88,68,NA,2023-03-23,2023-03-03
NYR,20222023,2023-03-18,2,TRUE,6,0,90,69,NA,2023-03-23,2023-03-03
NYR,20222023,2023-03-19,2,TRUE,7,0,92,70,NA,2023-03-23,2023-03-03
NYR,20222023,2023-03-21,0,TRUE,2,3,92,71,NA,2023-03-23,2023-03-03
NYR,20222023,2023-03-23,2,FALSE,2,1,94,72,NA,2023-03-23,2023-03-03
NYR,20222023,2023-03-25,2,FALSE,4,3,96,73,NA,2023-03-23,2023-03-03
NYR,20222023,2023-03-28,2,TRUE,6,2,98,74,NA,2023-03-23,2023-03-03
NYR,20222023,2023-03-30,0,FALSE,1,2,98,75,NA,2023-03-23,2023-03-03
NYR,20222023,2023-03-31,1,FALSE,2,3,99,76,NA,2023-03-23,2023-03-03
NYR,20222023,2023-04-02,2,FALSE,5,2,101,77,NA,2023-03-23,2023-03-03
NYR,20222023,2023-04-05,2,TRUE,6,3,103,78,NA,2023-03-23,2023-03-03
NYR,20222023,2023-04-06,1,FALSE,2,3,104,79,NA,2023-03-23,2023-03-03
NYR,20222023,2023-04-08,2,FALSE,4,0,106,80,NA,2023-03-23,2023-03-03
NYR,20222023,2023-04-10,1,TRUE,2,3,107,81,NA,2023-03-23,2023-03-03
NYR,20222023,2023-04-13,0,TRUE,2,3,107,82,NA,2023-03-23,2023-03-03
NYR,20232024,2023-10-12,2,FALSE,5,1,2,1,NA,2024-03-16,2024-03-08
NYR,20232024,2023-10-14,0,FALSE,3,5,2,2,NA,2024-03-16,2024-03-08
NYR,20232024,2023-10-16,2,TRUE,2,1,4,3,NA,2024-03-16,2024-03-08
NYR,20232024,2023-10-19,0,TRUE,1,4,4,4,NA,2024-03-16,2024-03-08
NYR,20232024,2023-10-21,2,FALSE,4,1,6,5,NA,2024-03-16,2024-03-08
NYR,20232024,2023-10-24,2,FALSE,3,1,8,6,NA,2024-03-16,2024-03-08
NYR,20232024,2023-10-26,2,FALSE,3,0,10,7,NA,2024-03-16,2024-03-08
NYR,20232024,2023-10-28,2,FALSE,4,3,12,8,NA,2024-03-16,2024-03-08
NYR,20232024,2023-10-30,2,FALSE,3,2,14,9,NA,2024-03-16,2024-03-08
NYR,20232024,2023-11-02,2,TRUE,2,1,16,10,NA,2024-03-16,2024-03-08
NYR,20232024,2023-11-04,1,FALSE,4,5,17,11,NA,2024-03-16,2024-03-08
NYR,20232024,2023-11-07,2,TRUE,5,3,19,12,NA,2024-03-16,2024-03-08
NYR,20232024,2023-11-09,2,TRUE,4,1,21,13,NA,2024-03-16,2024-03-08
NYR,20232024,2023-11-12,2,TRUE,4,3,23,14,NA,2024-03-16,2024-03-08
NYR,20232024,2023-11-18,2,FALSE,5,3,25,15,NA,2024-03-16,2024-03-08
NYR,20232024,2023-11-20,0,FALSE,3,6,25,16,NA,2024-03-16,2024-03-08
NYR,20232024,2023-11-22,2,FALSE,1,0,27,17,NA,2024-03-16,2024-03-08
NYR,20232024,2023-11-24,2,FALSE,3,1,29,18,NA,2024-03-16,2024-03-08
NYR,20232024,2023-11-25,2,TRUE,7,4,31,19,NA,2024-03-16,2024-03-08
NYR,20232024,2023-11-27,0,TRUE,1,5,31,20,NA,2024-03-16,2024-03-08
NYR,20232024,2023-11-29,2,TRUE,3,2,33,21,NA,2024-03-16,2024-03-08
NYR,20232024,2023-12-02,2,FALSE,4,3,35,22,NA,2024-03-16,2024-03-08
NYR,20232024,2023-12-03,2,TRUE,6,5,37,23,NA,2024-03-16,2024-03-08
NYR,20232024,2023-12-05,0,FALSE,2,6,37,24,NA,2024-03-16,2024-03-08
NYR,20232024,2023-12-09,0,FALSE,0,4,37,25,NA,2024-03-16,2024-03-08
NYR,20232024,2023-12-10,2,TRUE,4,1,39,26,NA,2024-03-16,2024-03-08
NYR,20232024,2023-12-12,0,TRUE,3,7,39,27,NA,2024-03-16,2024-03-08
NYR,20232024,2023-12-15,2,TRUE,5,1,41,28,NA,2024-03-16,2024-03-08
NYR,20232024,2023-12-16,2,FALSE,2,1,43,29,NA,2024-03-16,2024-03-08
NYR,20232024,2023-12-19,2,FALSE,5,2,45,30,NA,2024-03-16,2024-03-08
NYR,20232024,2023-12-22,0,TRUE,3,4,45,31,NA,2024-03-16,2024-03-08
NYR,20232024,2023-12-23,2,TRUE,4,3,47,32,NA,2024-03-16,2024-03-08
NYR,20232024,2023-12-27,2,TRUE,5,1,49,33,NA,2024-03-16,2024-03-08
NYR,20232024,2023-12-29,0,FALSE,3,4,49,34,NA,2024-03-16,2024-03-08
NYR,20232024,2023-12-30,2,FALSE,5,1,51,35,NA,2024-03-16,2024-03-08
NYR,20232024,2024-01-02,0,TRUE,1,6,51,36,NA,2024-03-16,2024-03-08
NYR,20232024,2024-01-04,2,TRUE,4,1,53,37,NA,2024-03-16,2024-03-08
NYR,20232024,2024-01-06,1,FALSE,3,4,54,38,NA,2024-03-16,2024-03-08
NYR,20232024,2024-01-08,0,TRUE,3,6,54,39,NA,2024-03-16,2024-03-08
NYR,20232024,2024-01-11,0,FALSE,2,5,54,40,NA,2024-03-16,2024-03-08
NYR,20232024,2024-01-13,0,FALSE,2,3,54,41,NA,2024-03-16,2024-03-08
NYR,20232024,2024-01-14,2,TRUE,2,1,56,42,NA,2024-03-16,2024-03-08
NYR,20232024,2024-01-16,2,TRUE,5,2,58,43,NA,2024-03-16,2024-03-08
NYR,20232024,2024-01-18,0,FALSE,1,5,58,44,NA,2024-03-16,2024-03-08
NYR,20232024,2024-01-20,0,FALSE,1,2,58,45,NA,2024-03-16,2024-03-08
NYR,20232024,2024-01-21,2,FALSE,5,2,60,46,NA,2024-03-16,2024-03-08
NYR,20232024,2024-01-23,1,FALSE,2,3,61,47,NA,2024-03-16,2024-03-08
NYR,20232024,2024-01-26,0,TRUE,2,5,61,48,NA,2024-03-16,2024-03-08
NYR,20232024,2024-01-27,2,FALSE,7,2,63,49,NA,2024-03-16,2024-03-08
NYR,20232024,2024-02-05,2,TRUE,2,1,65,50,NA,2024-03-16,2024-03-08
NYR,20232024,2024-02-07,2,TRUE,3,1,67,51,NA,2024-03-16,2024-03-08
NYR,20232024,2024-02-09,2,FALSE,4,3,69,52,NA,2024-03-16,2024-03-08
NYR,20232024,2024-02-12,2,TRUE,2,0,71,53,NA,2024-03-16,2024-03-08
NYR,20232024,2024-02-15,2,TRUE,7,4,73,54,NA,2024-03-16,2024-03-08
NYR,20232024,2024-02-18,2,FALSE,6,5,75,55,NA,2024-03-16,2024-03-08
NYR,20232024,2024-02-20,2,TRUE,3,1,77,56,NA,2024-03-16,2024-03-08
NYR,20232024,2024-02-22,2,FALSE,5,1,79,57,NA,2024-03-16,2024-03-08
NYR,20232024,2024-02-24,2,FALSE,2,1,81,58,NA,2024-03-16,2024-03-08
NYR,20232024,2024-02-25,0,FALSE,2,4,81,59,NA,2024-03-16,2024-03-08
NYR,20232024,2024-02-28,2,TRUE,4,1,83,60,NA,2024-03-16,2024-03-08
NYR,20232024,2024-03-02,1,FALSE,3,4,84,61,NA,2024-03-16,2024-03-08
NYR,20232024,2024-03-04,0,TRUE,2,4,84,62,NA,2024-03-16,2024-03-08
NYR,20232024,2024-03-09,2,TRUE,4,0,86,63,NA,2024-03-16,2024-03-08
NYR,20232024,2024-03-11,2,TRUE,3,1,88,64,NA,2024-03-16,2024-03-08
NYR,20232024,2024-03-12,2,FALSE,1,0,90,65,NA,2024-03-16,2024-03-08
NYR,20232024,2024-03-14,0,FALSE,3,6,90,66,NA,2024-03-16,2024-03-08
NYR,20232024,2024-03-16,2,FALSE,7,4,92,67,NA,2024-03-16,2024-03-08
NYR,20232024,2024-03-17,2,TRUE,5,2,94,68,NA,2024-03-16,2024-03-08
NYR,20232024,2024-03-19,0,TRUE,2,4,94,69,NA,2024-03-16,2024-03-08
NYR,20232024,2024-03-21,2,FALSE,5,2,96,70,NA,2024-03-16,2024-03-08
NYR,20232024,2024-03-23,2,TRUE,4,3,98,71,NA,2024-03-16,2024-03-08
NYR,20232024,2024-03-26,2,TRUE,6,5,100,72,NA,2024-03-16,2024-03-08
NYR,20232024,2024-03-28,2,FALSE,3,2,102,73,NA,2024-03-16,2024-03-08
NYR,20232024,2024-03-30,2,FALSE,8,5,104,74,NA,2024-03-16,2024-03-08
NYR,20232024,2024-04-01,0,TRUE,2,5,104,75,NA,2024-03-16,2024-03-08
NYR,20232024,2024-04-03,2,TRUE,4,3,106,76,NA,2024-03-16,2024-03-08
NYR,20232024,2024-04-05,2,FALSE,4,3,108,77,NA,2024-03-16,2024-03-08
NYR,20232024,2024-04-07,2,TRUE,5,2,110,78,NA,2024-03-16,2024-03-08
NYR,20232024,2024-04-09,0,FALSE,2,4,110,79,NA,2024-03-16,2024-03-08
NYR,20232024,2024-04-11,0,TRUE,1,4,110,80,NA,2024-03-16,2024-03-08
NYR,20232024,2024-04-13,2,TRUE,3,2,112,81,NA,2024-03-16,2024-03-08
NYR,20232024,2024-04-15,2,TRUE,4,0,114,82,NA,2024-03-16,2024-03-08
OTT,20212022,2021-10-14,2,TRUE,3,2,2,1,2022-03-12,NA,2022-03-21
OTT,20212022,2021-10-16,0,FALSE,1,3,2,2,2022-03-12,NA,2022-03-21
OTT,20212022,2021-10-17,2,TRUE,3,2,4,3,2022-03-12,NA,2022-03-21
OTT,20212022,2021-10-21,0,TRUE,1,2,4,4,2022-03-12,NA,2022-03-21
OTT,20212022,2021-10-23,0,TRUE,2,3,4,5,2022-03-12,NA,2022-03-21
OTT,20212022,2021-10-25,0,TRUE,5,7,4,6,2022-03-12,NA,2022-03-21
OTT,20212022,2021-10-29,2,FALSE,4,1,6,7,2022-03-12,NA,2022-03-21
OTT,20212022,2021-11-01,0,FALSE,1,5,6,8,2022-03-12,NA,2022-03-21
OTT,20212022,2021-11-02,1,FALSE,4,5,7,9,2022-03-12,NA,2022-03-21
OTT,20212022,2021-11-04,0,TRUE,1,5,7,10,2022-03-12,NA,2022-03-21
OTT,20212022,2021-11-06,0,TRUE,3,5,7,11,2022-03-12,NA,2022-03-21
OTT,20212022,2021-11-09,0,FALSE,2,3,7,12,2022-03-12,NA,2022-03-21
OTT,20212022,2021-11-11,0,TRUE,0,2,7,13,2022-03-12,NA,2022-03-21
OTT,20212022,2021-11-13,2,TRUE,6,3,9,14,2022-03-12,NA,2022-03-21
OTT,20212022,2021-11-14,0,TRUE,0,4,9,15,2022-03-12,NA,2022-03-21
OTT,20212022,2021-11-22,0,FALSE,5,7,9,16,2022-03-12,NA,2022-03-21
OTT,20212022,2021-11-24,0,FALSE,3,6,9,17,2022-03-12,NA,2022-03-21
OTT,20212022,2021-11-26,0,FALSE,0,4,9,18,2022-03-12,NA,2022-03-21
OTT,20212022,2021-11-27,0,FALSE,2,4,9,19,2022-03-12,NA,2022-03-21
OTT,20212022,2021-12-01,0,TRUE,2,6,9,20,2022-03-12,NA,2022-03-21
OTT,20212022,2021-12-02,2,FALSE,3,2,11,21,2022-03-12,NA,2022-03-21
OTT,20212022,2021-12-04,2,TRUE,6,5,13,22,2022-03-12,NA,2022-03-21
OTT,20212022,2021-12-06,2,FALSE,3,2,15,23,2022-03-12,NA,2022-03-21
OTT,20212022,2021-12-07,0,TRUE,3,5,15,24,2022-03-12,NA,2022-03-21
OTT,20212022,2021-12-11,2,TRUE,4,0,17,25,2022-03-12,NA,2022-03-21
OTT,20212022,2021-12-14,2,FALSE,8,2,19,26,2022-03-12,NA,2022-03-21
OTT,20212022,2021-12-16,0,FALSE,1,2,19,27,2022-03-12,NA,2022-03-21
OTT,20212022,2021-12-18,1,FALSE,3,4,20,28,2022-03-12,NA,2022-03-21
OTT,20212022,2022-01-01,0,FALSE,0,6,20,29,2022-03-12,NA,2022-03-21
OTT,20212022,2022-01-13,2,FALSE,4,1,22,30,2022-03-12,NA,2022-03-21
OTT,20212022,2022-01-15,2,FALSE,6,4,24,31,2022-03-12,NA,2022-03-21
OTT,20212022,2022-01-18,0,TRUE,1,3,24,32,2022-03-12,NA,2022-03-21
OTT,20212022,2022-01-20,0,FALSE,4,6,24,33,2022-03-12,NA,2022-03-21
OTT,20212022,2022-01-22,1,FALSE,2,3,25,34,2022-03-12,NA,2022-03-21
OTT,20212022,2022-01-23,2,FALSE,2,1,27,35,2022-03-12,NA,2022-03-21
OTT,20212022,2022-01-25,2,TRUE,5,0,29,36,2022-03-12,NA,2022-03-21
OTT,20212022,2022-01-27,1,TRUE,2,3,30,37,2022-03-12,NA,2022-03-21
OTT,20212022,2022-01-29,0,TRUE,1,2,30,38,2022-03-12,NA,2022-03-21
OTT,20212022,2022-01-31,2,TRUE,3,2,32,39,2022-03-12,NA,2022-03-21
OTT,20212022,2022-02-01,0,FALSE,1,4,32,40,2022-03-12,NA,2022-03-21
OTT,20212022,2022-02-07,2,TRUE,4,1,34,41,2022-03-12,NA,2022-03-21
OTT,20212022,2022-02-08,2,TRUE,4,3,36,42,2022-03-12,NA,2022-03-21
OTT,20212022,2022-02-10,0,TRUE,0,2,36,43,2022-03-12,NA,2022-03-21
OTT,20212022,2022-02-12,0,TRUE,0,2,36,44,2022-03-12,NA,2022-03-21
OTT,20212022,2022-02-13,2,FALSE,4,1,38,45,2022-03-12,NA,2022-03-21
OTT,20212022,2022-02-15,0,TRUE,2,5,38,46,2022-03-12,NA,2022-03-21
OTT,20212022,2022-02-17,2,FALSE,3,1,40,47,2022-03-12,NA,2022-03-21
OTT,20212022,2022-02-19,1,TRUE,2,3,41,48,2022-03-12,NA,2022-03-21
OTT,20212022,2022-02-20,0,TRUE,1,2,41,49,2022-03-12,NA,2022-03-21
OTT,20212022,2022-02-22,2,TRUE,4,3,43,50,2022-03-12,NA,2022-03-21
OTT,20212022,2022-02-26,0,TRUE,1,2,43,51,2022-03-12,NA,2022-03-21
OTT,20212022,2022-03-01,0,FALSE,2,5,43,52,2022-03-12,NA,2022-03-21
OTT,20212022,2022-03-03,0,FALSE,0,3,43,53,2022-03-12,NA,2022-03-21
OTT,20212022,2022-03-05,0,FALSE,5,8,43,54,2022-03-12,NA,2022-03-21
OTT,20212022,2022-03-06,0,FALSE,1,2,43,55,2022-03-12,NA,2022-03-21
OTT,20212022,2022-03-08,2,FALSE,4,1,45,56,2022-03-12,NA,2022-03-21
OTT,20212022,2022-03-10,2,TRUE,4,3,47,57,2022-03-12,NA,2022-03-21
OTT,20212022,2022-03-12,0,TRUE,3,6,47,58,2022-03-12,NA,2022-03-21
OTT,20212022,2022-03-14,0,TRUE,3,5,47,59,2022-03-12,NA,2022-03-21
OTT,20212022,2022-03-16,0,TRUE,1,4,47,60,2022-03-12,NA,2022-03-21
OTT,20212022,2022-03-18,2,TRUE,3,1,49,61,2022-03-12,NA,2022-03-21
OTT,20212022,2022-03-19,0,FALSE,1,5,49,62,2022-03-12,NA,2022-03-21
OTT,20212022,2022-03-22,0,FALSE,0,3,49,63,2022-03-12,NA,2022-03-21
OTT,20212022,2022-03-24,2,FALSE,5,2,51,64,2022-03-12,NA,2022-03-21
OTT,20212022,2022-03-26,1,TRUE,3,4,52,65,2022-03-12,NA,2022-03-21
OTT,20212022,2022-03-29,0,FALSE,1,4,52,66,2022-03-12,NA,2022-03-21
OTT,20212022,2022-04-01,2,FALSE,5,2,54,67,2022-03-12,NA,2022-03-21
OTT,20212022,2022-04-03,2,TRUE,5,2,56,68,2022-03-12,NA,2022-03-21
OTT,20212022,2022-04-05,2,FALSE,6,3,58,69,2022-03-12,NA,2022-03-21
OTT,20212022,2022-04-07,0,TRUE,2,3,58,70,2022-03-12,NA,2022-03-21
OTT,20212022,2022-04-09,0,FALSE,1,5,58,71,2022-03-12,NA,2022-03-21
OTT,20212022,2022-04-10,0,TRUE,3,4,58,72,2022-03-12,NA,2022-03-21
OTT,20212022,2022-04-12,2,FALSE,4,1,60,73,2022-03-12,NA,2022-03-21
OTT,20212022,2022-04-14,2,FALSE,3,2,62,74,2022-03-12,NA,2022-03-21
OTT,20212022,2022-04-16,1,TRUE,4,5,63,75,2022-03-12,NA,2022-03-21
OTT,20212022,2022-04-18,0,FALSE,2,4,63,76,2022-03-12,NA,2022-03-21
OTT,20212022,2022-04-19,2,FALSE,4,3,65,77,2022-03-12,NA,2022-03-21
OTT,20212022,2022-04-22,2,FALSE,2,1,67,78,2022-03-12,NA,2022-03-21
OTT,20212022,2022-04-23,2,TRUE,6,4,69,79,2022-03-12,NA,2022-03-21
OTT,20212022,2022-04-26,2,TRUE,5,4,71,80,2022-03-12,NA,2022-03-21
OTT,20212022,2022-04-28,0,TRUE,0,4,71,81,2022-03-12,NA,2022-03-21
OTT,20212022,2022-04-29,2,FALSE,4,2,73,82,2022-03-12,NA,2022-03-21
OTT,20222023,2022-10-13,0,FALSE,1,4,0,1,2023-04-01,NA,2023-03-03
OTT,20222023,2022-10-15,0,FALSE,2,3,0,2,2023-04-01,NA,2023-03-03
OTT,20222023,2022-10-18,2,TRUE,7,5,2,3,2023-04-01,NA,2023-03-03
OTT,20222023,2022-10-20,2,TRUE,5,2,4,4,2023-04-01,NA,2023-03-03
OTT,20222023,2022-10-22,2,TRUE,6,2,6,5,2023-04-01,NA,2023-03-03
OTT,20222023,2022-10-24,2,TRUE,4,2,8,6,2023-04-01,NA,2023-03-03
OTT,20222023,2022-10-27,0,TRUE,2,4,8,7,2023-04-01,NA,2023-03-03
OTT,20222023,2022-10-29,0,FALSE,3,5,8,8,2023-04-01,NA,2023-03-03
OTT,20222023,2022-11-01,0,FALSE,3,4,8,9,2023-04-01,NA,2023-03-03
OTT,20222023,2022-11-03,0,TRUE,4,5,8,10,2023-04-01,NA,2023-03-03
OTT,20222023,2022-11-05,0,TRUE,1,2,8,11,2023-04-01,NA,2023-03-03
OTT,20222023,2022-11-08,0,TRUE,4,6,8,12,2023-04-01,NA,2023-03-03
OTT,20222023,2022-11-10,1,FALSE,3,4,9,13,2023-04-01,NA,2023-03-03
OTT,20222023,2022-11-12,2,FALSE,4,1,11,14,2023-04-01,NA,2023-03-03
OTT,20222023,2022-11-14,0,TRUE,2,4,11,15,2023-04-01,NA,2023-03-03
OTT,20222023,2022-11-16,2,TRUE,4,1,13,16,2023-04-01,NA,2023-03-03
OTT,20222023,2022-11-19,0,TRUE,1,5,13,17,2023-04-01,NA,2023-03-03
OTT,20222023,2022-11-21,0,FALSE,1,5,13,18,2023-04-01,NA,2023-03-03
OTT,20222023,2022-11-23,0,FALSE,1,4,13,19,2023-04-01,NA,2023-03-03
OTT,20222023,2022-11-25,2,FALSE,5,1,15,20,2023-04-01,NA,2023-03-03
OTT,20222023,2022-11-27,2,FALSE,3,2,17,21,2023-04-01,NA,2023-03-03
OTT,20222023,2022-11-30,0,TRUE,1,3,17,22,2023-04-01,NA,2023-03-03
OTT,20222023,2022-12-02,2,FALSE,3,2,19,23,2023-04-01,NA,2023-03-03
OTT,20222023,2022-12-03,2,TRUE,5,2,21,24,2023-04-01,NA,2023-03-03
OTT,20222023,2022-12-06,0,TRUE,2,5,21,25,2023-04-01,NA,2023-03-03
OTT,20222023,2022-12-08,1,FALSE,3,4,22,26,2023-04-01,NA,2023-03-03
OTT,20222023,2022-12-10,2,FALSE,3,2,24,27,2023-04-01,NA,2023-03-03
OTT,20222023,2022-12-12,2,TRUE,3,0,26,28,2023-04-01,NA,2023-03-03
OTT,20222023,2022-12-14,2,TRUE,3,2,28,29,2023-04-01,NA,2023-03-03
OTT,20222023,2022-12-17,2,FALSE,6,3,30,30,2023-04-01,NA,2023-03-03
OTT,20222023,2022-12-18,0,FALSE,2,4,30,31,2023-04-01,NA,2023-03-03
OTT,20222023,2022-12-20,0,FALSE,1,5,30,32,2023-04-01,NA,2023-03-03
OTT,20222023,2022-12-22,1,TRUE,2,3,31,33,2023-04-01,NA,2023-03-03
OTT,20222023,2022-12-27,2,TRUE,3,2,33,34,2023-04-01,NA,2023-03-03
OTT,20222023,2022-12-29,2,FALSE,4,3,35,35,2023-04-01,NA,2023-03-03
OTT,20222023,2022-12-31,0,FALSE,2,4,35,36,2023-04-01,NA,2023-03-03
OTT,20222023,2023-01-01,2,TRUE,3,1,37,37,2023-04-01,NA,2023-03-03
OTT,20222023,2023-01-03,2,TRUE,4,0,39,38,2023-04-01,NA,2023-03-03
OTT,20222023,2023-01-07,0,TRUE,4,8,39,39,2023-04-01,NA,2023-03-03
OTT,20222023,2023-01-09,0,TRUE,0,3,39,40,2023-04-01,NA,2023-03-03
OTT,20222023,2023-01-12,2,FALSE,5,3,41,41,2023-04-01,NA,2023-03-03
OTT,20222023,2023-01-14,0,FALSE,0,7,41,42,2023-04-01,NA,2023-03-03
OTT,20222023,2023-01-16,0,FALSE,1,2,41,43,2023-04-01,NA,2023-03-03
OTT,20222023,2023-01-18,2,TRUE,5,4,43,44,2023-04-01,NA,2023-03-03
OTT,20222023,2023-01-20,0,FALSE,1,4,43,45,2023-04-01,NA,2023-03-03
OTT,20222023,2023-01-21,0,TRUE,1,5,43,46,2023-04-01,NA,2023-03-03
OTT,20222023,2023-01-25,2,TRUE,2,1,45,47,2023-04-01,NA,2023-03-03
OTT,20222023,2023-01-27,2,FALSE,6,2,47,48,2023-04-01,NA,2023-03-03
OTT,20222023,2023-01-28,2,TRUE,5,0,49,49,2023-04-01,NA,2023-03-03
OTT,20222023,2023-01-31,2,FALSE,5,4,51,50,2023-04-01,NA,2023-03-03
OTT,20222023,2023-02-11,0,TRUE,3,6,51,51,2023-04-01,NA,2023-03-03
OTT,20222023,2023-02-13,2,TRUE,4,3,53,52,2023-04-01,NA,2023-03-03
OTT,20222023,2023-02-14,2,FALSE,3,2,55,53,2023-04-01,NA,2023-03-03
OTT,20222023,2023-02-17,1,TRUE,3,4,56,54,2023-04-01,NA,2023-03-03
OTT,20222023,2023-02-19,2,TRUE,7,2,58,55,2023-04-01,NA,2023-03-03
OTT,20222023,2023-02-20,0,FALSE,1,3,58,56,2023-04-01,NA,2023-03-03
OTT,20222023,2023-02-24,0,FALSE,0,4,58,57,2023-04-01,NA,2023-03-03
OTT,20222023,2023-02-25,2,FALSE,5,2,60,58,2023-04-01,NA,2023-03-03
OTT,20222023,2023-02-27,2,TRUE,6,2,62,59,2023-04-01,NA,2023-03-03
OTT,20222023,2023-02-28,2,TRUE,6,1,64,60,2023-04-01,NA,2023-03-03
OTT,20222023,2023-03-02,2,FALSE,5,3,66,61,2023-04-01,NA,2023-03-03
OTT,20222023,2023-03-04,2,TRUE,5,2,68,62,2023-04-01,NA,2023-03-03
OTT,20222023,2023-03-06,0,FALSE,0,5,68,63,2023-04-01,NA,2023-03-03
OTT,20222023,2023-03-09,2,FALSE,5,4,70,64,2023-04-01,NA,2023-03-03
OTT,20222023,2023-03-11,0,FALSE,2,5,70,65,2023-04-01,NA,2023-03-03
OTT,20222023,2023-03-12,0,FALSE,1,5,70,66,2023-04-01,NA,2023-03-03
OTT,20222023,2023-03-14,0,FALSE,3,6,70,67,2023-04-01,NA,2023-03-03
OTT,20222023,2023-03-16,0,TRUE,4,5,70,68,2023-04-01,NA,2023-03-03
OTT,20222023,2023-03-18,1,TRUE,4,5,71,69,2023-04-01,NA,2023-03-03
OTT,20222023,2023-03-20,2,FALSE,2,1,73,70,2023-04-01,NA,2023-03-03
OTT,20222023,2023-03-21,0,FALSE,1,2,73,71,2023-04-01,NA,2023-03-03
OTT,20222023,2023-03-23,2,TRUE,7,2,75,72,2023-04-01,NA,2023-03-03
OTT,20222023,2023-03-25,0,FALSE,3,5,75,73,2023-04-01,NA,2023-03-03
OTT,20222023,2023-03-27,2,TRUE,5,2,77,74,2023-04-01,NA,2023-03-03
OTT,20222023,2023-03-30,2,TRUE,5,4,79,75,2023-04-01,NA,2023-03-03
OTT,20222023,2023-04-01,0,TRUE,0,3,79,76,2023-04-01,NA,2023-03-03
OTT,20222023,2023-04-02,1,FALSE,3,4,80,77,2023-04-01,NA,2023-03-03
OTT,20222023,2023-04-04,1,FALSE,2,3,81,78,2023-04-01,NA,2023-03-03
OTT,20222023,2023-04-06,0,FALSE,2,7,81,79,2023-04-01,NA,2023-03-03
OTT,20222023,2023-04-08,2,TRUE,7,4,83,80,2023-04-01,NA,2023-03-03
OTT,20222023,2023-04-10,2,TRUE,3,2,85,81,2023-04-01,NA,2023-03-03
OTT,20222023,2023-04-13,1,FALSE,3,4,86,82,2023-04-01,NA,2023-03-03
OTT,20232024,2023-10-11,0,FALSE,3,5,0,1,2024-03-19,NA,2024-03-08
OTT,20232024,2023-10-14,2,TRUE,5,2,2,2,2024-03-19,NA,2024-03-08
OTT,20232024,2023-10-15,2,TRUE,5,2,4,3,2024-03-19,NA,2024-03-08
OTT,20232024,2023-10-18,2,TRUE,6,1,6,4,2024-03-19,NA,2024-03-08
OTT,20232024,2023-10-21,0,TRUE,2,5,6,5,2024-03-19,NA,2024-03-08
OTT,20232024,2023-10-24,0,TRUE,4,6,6,6,2024-03-19,NA,2024-03-08
OTT,20232024,2023-10-26,0,FALSE,2,3,6,7,2024-03-19,NA,2024-03-08
OTT,20232024,2023-10-28,2,FALSE,5,2,8,8,2024-03-19,NA,2024-03-08
OTT,20232024,2023-11-02,0,TRUE,2,3,8,9,2024-03-19,NA,2024-03-08
OTT,20232024,2023-11-04,0,TRUE,4,6,8,10,2024-03-19,NA,2024-03-08
OTT,20232024,2023-11-08,2,FALSE,6,3,10,11,2024-03-19,NA,2024-03-08
OTT,20232024,2023-11-09,0,TRUE,2,5,10,12,2024-03-19,NA,2024-03-08
OTT,20232024,2023-11-11,2,TRUE,4,1,12,13,2024-03-19,NA,2024-03-08
OTT,20232024,2023-11-16,2,TRUE,5,4,14,14,2024-03-19,NA,2024-03-08
OTT,20232024,2023-11-18,2,TRUE,2,1,16,15,2024-03-19,NA,2024-03-08
OTT,20232024,2023-11-24,0,TRUE,3,5,16,16,2024-03-19,NA,2024-03-08
OTT,20232024,2023-11-27,0,TRUE,0,5,16,17,2024-03-19,NA,2024-03-08
OTT,20232024,2023-12-01,0,FALSE,2,4,16,18,2024-03-19,NA,2024-03-08
OTT,20232024,2023-12-02,2,TRUE,2,0,18,19,2024-03-19,NA,2024-03-08
OTT,20232024,2023-12-05,2,TRUE,6,2,20,20,2024-03-19,NA,2024-03-08
OTT,20232024,2023-12-07,0,TRUE,3,4,20,21,2024-03-19,NA,2024-03-08
OTT,20232024,2023-12-09,2,FALSE,5,1,22,22,2024-03-19,NA,2024-03-08
OTT,20232024,2023-12-12,0,TRUE,1,4,22,23,2024-03-19,NA,2024-03-08
OTT,20232024,2023-12-14,0,FALSE,2,4,22,24,2024-03-19,NA,2024-03-08
OTT,20232024,2023-12-15,0,FALSE,4,5,22,25,2024-03-19,NA,2024-03-08
OTT,20232024,2023-12-17,0,FALSE,3,6,22,26,2024-03-19,NA,2024-03-08
OTT,20232024,2023-12-19,0,FALSE,3,4,22,27,2024-03-19,NA,2024-03-08
OTT,20232024,2023-12-21,0,FALSE,4,6,22,28,2024-03-19,NA,2024-03-08
OTT,20232024,2023-12-23,2,TRUE,5,4,24,29,2024-03-19,NA,2024-03-08
OTT,20232024,2023-12-27,2,FALSE,4,2,26,30,2024-03-19,NA,2024-03-08
OTT,20232024,2023-12-29,0,TRUE,2,6,26,31,2024-03-19,NA,2024-03-08
OTT,20232024,2023-12-31,2,TRUE,5,1,28,32,2024-03-19,NA,2024-03-08
OTT,20232024,2024-01-02,0,FALSE,3,6,28,33,2024-03-19,NA,2024-03-08
OTT,20232024,2024-01-04,0,FALSE,1,4,28,34,2024-03-19,NA,2024-03-08
OTT,20232024,2024-01-06,0,FALSE,1,3,28,35,2024-03-19,NA,2024-03-08
OTT,20232024,2024-01-09,0,FALSE,3,6,28,36,2024-03-19,NA,2024-03-08
OTT,20232024,2024-01-11,0,FALSE,3,5,28,37,2024-03-19,NA,2024-03-08
OTT,20232024,2024-01-13,2,TRUE,5,4,30,38,2024-03-19,NA,2024-03-08
OTT,20232024,2024-01-16,0,TRUE,4,7,30,39,2024-03-19,NA,2024-03-08
OTT,20232024,2024-01-18,2,TRUE,6,2,32,40,2024-03-19,NA,2024-03-08
OTT,20232024,2024-01-20,1,TRUE,1,2,33,41,2024-03-19,NA,2024-03-08
OTT,20232024,2024-01-21,2,FALSE,5,3,35,42,2024-03-19,NA,2024-03-08
OTT,20232024,2024-01-23,2,FALSE,4,1,37,43,2024-03-19,NA,2024-03-08
OTT,20232024,2024-01-25,1,TRUE,2,3,38,44,2024-03-19,NA,2024-03-08
OTT,20232024,2024-01-27,0,TRUE,2,7,38,45,2024-03-19,NA,2024-03-08
OTT,20232024,2024-01-29,2,TRUE,4,3,40,46,2024-03-19,NA,2024-03-08
OTT,20232024,2024-01-31,2,FALSE,3,2,42,47,2024-03-19,NA,2024-03-08
OTT,20232024,2024-02-10,2,TRUE,5,3,44,48,2024-03-19,NA,2024-03-08
OTT,20232024,2024-02-13,2,TRUE,6,3,46,49,2024-03-19,NA,2024-03-08
OTT,20232024,2024-02-15,0,TRUE,1,5,46,50,2024-03-19,NA,2024-03-08
OTT,20232024,2024-02-17,0,FALSE,2,3,46,51,2024-03-19,NA,2024-03-08
OTT,20232024,2024-02-19,2,FALSE,4,2,48,52,2024-03-19,NA,2024-03-08
OTT,20232024,2024-02-20,1,FALSE,2,3,49,53,2024-03-19,NA,2024-03-08
OTT,20232024,2024-02-22,2,TRUE,4,1,51,54,2024-03-19,NA,2024-03-08
OTT,20232024,2024-02-24,2,TRUE,4,3,53,55,2024-03-19,NA,2024-03-08
OTT,20232024,2024-02-26,0,FALSE,3,6,53,56,2024-03-19,NA,2024-03-08
OTT,20232024,2024-02-27,0,FALSE,1,4,53,57,2024-03-19,NA,2024-03-08
OTT,20232024,2024-03-01,0,TRUE,3,5,53,58,2024-03-19,NA,2024-03-08
OTT,20232024,2024-03-02,0,FALSE,2,4,53,59,2024-03-19,NA,2024-03-08
OTT,20232024,2024-03-06,0,FALSE,1,2,53,60,2024-03-19,NA,2024-03-08
OTT,20232024,2024-03-07,1,FALSE,3,4,54,61,2024-03-19,NA,2024-03-08
OTT,20232024,2024-03-09,0,FALSE,1,2,54,62,2024-03-19,NA,2024-03-08
OTT,20232024,2024-03-12,2,TRUE,2,1,56,63,2024-03-19,NA,2024-03-08
OTT,20232024,2024-03-14,2,FALSE,3,2,58,64,2024-03-19,NA,2024-03-08
OTT,20232024,2024-03-16,2,FALSE,4,3,60,65,2024-03-19,NA,2024-03-08
OTT,20232024,2024-03-17,0,TRUE,2,7,60,66,2024-03-19,NA,2024-03-08
OTT,20232024,2024-03-19,0,FALSE,2,6,60,67,2024-03-19,NA,2024-03-08
OTT,20232024,2024-03-21,0,TRUE,2,5,60,68,2024-03-19,NA,2024-03-08
OTT,20232024,2024-03-23,2,FALSE,5,2,62,69,2024-03-19,NA,2024-03-08
OTT,20232024,2024-03-24,2,TRUE,5,3,64,70,2024-03-19,NA,2024-03-08
OTT,20232024,2024-03-27,2,FALSE,6,2,66,71,2024-03-19,NA,2024-03-08
OTT,20232024,2024-03-28,2,TRUE,2,0,68,72,2024-03-19,NA,2024-03-08
OTT,20232024,2024-03-30,2,FALSE,3,2,70,73,2024-03-19,NA,2024-03-08
OTT,20232024,2024-04-02,0,FALSE,2,3,70,74,2024-03-19,NA,2024-03-08
OTT,20232024,2024-04-04,0,TRUE,0,6,70,75,2024-03-19,NA,2024-03-08
OTT,20232024,2024-04-06,0,TRUE,3,4,70,76,2024-03-19,NA,2024-03-08
OTT,20232024,2024-04-07,2,FALSE,3,2,72,77,2024-03-19,NA,2024-03-08
OTT,20232024,2024-04-09,0,FALSE,0,2,72,78,2024-03-19,NA,2024-03-08
OTT,20232024,2024-04-11,2,FALSE,3,2,74,79,2024-03-19,NA,2024-03-08
OTT,20232024,2024-04-13,2,TRUE,5,4,76,80,2024-03-19,NA,2024-03-08
OTT,20232024,2024-04-15,0,FALSE,0,4,76,81,2024-03-19,NA,2024-03-08
OTT,20232024,2024-04-16,2,FALSE,3,1,78,82,2024-03-19,NA,2024-03-08
PHI,20212022,2021-10-15,1,TRUE,4,5,1,1,2022-03-10,NA,2022-03-21
PHI,20212022,2021-10-18,2,TRUE,6,1,3,2,2022-03-10,NA,2022-03-21
PHI,20212022,2021-10-20,2,TRUE,6,3,5,3,2022-03-10,NA,2022-03-21
PHI,20212022,2021-10-23,0,TRUE,2,4,5,4,2022-03-10,NA,2022-03-21
PHI,20212022,2021-10-27,2,FALSE,5,3,7,5,2022-03-10,NA,2022-03-21
PHI,20212022,2021-10-28,2,FALSE,2,1,9,6,2022-03-10,NA,2022-03-21
PHI,20212022,2021-10-30,0,FALSE,0,4,9,7,2022-03-10,NA,2022-03-21
PHI,20212022,2021-11-02,2,TRUE,3,0,11,8,2022-03-10,NA,2022-03-21
PHI,20212022,2021-11-04,1,FALSE,2,3,12,9,2022-03-10,NA,2022-03-21
PHI,20212022,2021-11-06,2,FALSE,2,1,14,10,2022-03-10,NA,2022-03-21
PHI,20212022,2021-11-10,0,TRUE,0,3,14,11,2022-03-10,NA,2022-03-21
PHI,20212022,2021-11-12,2,FALSE,2,1,16,12,2022-03-10,NA,2022-03-21
PHI,20212022,2021-11-13,0,FALSE,2,5,16,13,2022-03-10,NA,2022-03-21
PHI,20212022,2021-11-16,2,TRUE,2,1,18,14,2022-03-10,NA,2022-03-21
PHI,20212022,2021-11-18,1,TRUE,3,4,19,15,2022-03-10,NA,2022-03-21
PHI,20212022,2021-11-20,0,TRUE,2,5,19,16,2022-03-10,NA,2022-03-21
PHI,20212022,2021-11-23,0,FALSE,0,4,19,17,2022-03-10,NA,2022-03-21
PHI,20212022,2021-11-24,1,FALSE,1,2,20,18,2022-03-10,NA,2022-03-21
PHI,20212022,2021-11-26,0,TRUE,3,6,20,19,2022-03-10,NA,2022-03-21
PHI,20212022,2021-11-28,0,FALSE,2,5,20,20,2022-03-10,NA,2022-03-21
PHI,20212022,2021-12-01,0,FALSE,1,4,20,21,2022-03-10,NA,2022-03-21
PHI,20212022,2021-12-05,0,TRUE,1,7,20,22,2022-03-10,NA,2022-03-21
PHI,20212022,2021-12-06,0,TRUE,5,7,20,23,2022-03-10,NA,2022-03-21
PHI,20212022,2021-12-08,0,FALSE,0,3,20,24,2022-03-10,NA,2022-03-21
PHI,20212022,2021-12-10,2,FALSE,4,3,22,25,2022-03-10,NA,2022-03-21
PHI,20212022,2021-12-11,2,FALSE,5,3,24,26,2022-03-10,NA,2022-03-21
PHI,20212022,2021-12-14,2,TRUE,6,1,26,27,2022-03-10,NA,2022-03-21
PHI,20212022,2021-12-16,1,FALSE,2,3,27,28,2022-03-10,NA,2022-03-21
PHI,20212022,2021-12-18,2,TRUE,4,3,29,29,2022-03-10,NA,2022-03-21
PHI,20212022,2021-12-29,2,FALSE,3,2,31,30,2022-03-10,NA,2022-03-21
PHI,20212022,2021-12-30,1,FALSE,2,3,32,31,2022-03-10,NA,2022-03-21
PHI,20212022,2022-01-01,0,FALSE,3,6,32,32,2022-03-10,NA,2022-03-21
PHI,20212022,2022-01-04,0,FALSE,1,4,32,33,2022-03-10,NA,2022-03-21
PHI,20212022,2022-01-06,0,TRUE,2,6,32,34,2022-03-10,NA,2022-03-21
PHI,20212022,2022-01-08,1,TRUE,2,3,33,35,2022-03-10,NA,2022-03-21
PHI,20212022,2022-01-13,0,FALSE,2,3,33,36,2022-03-10,NA,2022-03-21
PHI,20212022,2022-01-15,0,TRUE,2,3,33,37,2022-03-10,NA,2022-03-21
PHI,20212022,2022-01-17,0,FALSE,1,4,33,38,2022-03-10,NA,2022-03-21
PHI,20212022,2022-01-18,1,TRUE,3,4,34,39,2022-03-10,NA,2022-03-21
PHI,20212022,2022-01-20,0,TRUE,1,2,34,40,2022-03-10,NA,2022-03-21
PHI,20212022,2022-01-22,0,FALSE,3,6,34,41,2022-03-10,NA,2022-03-21
PHI,20212022,2022-01-24,0,TRUE,1,3,34,42,2022-03-10,NA,2022-03-21
PHI,20212022,2022-01-25,0,FALSE,3,4,34,43,2022-03-10,NA,2022-03-21
PHI,20212022,2022-01-29,2,TRUE,4,3,36,44,2022-03-10,NA,2022-03-21
PHI,20212022,2022-02-01,2,TRUE,3,1,38,45,2022-03-10,NA,2022-03-21
PHI,20212022,2022-02-09,0,TRUE,3,6,38,46,2022-03-10,NA,2022-03-21
PHI,20212022,2022-02-12,0,FALSE,2,4,38,47,2022-03-10,NA,2022-03-21
PHI,20212022,2022-02-15,1,FALSE,4,5,39,48,2022-03-10,NA,2022-03-21
PHI,20212022,2022-02-17,0,TRUE,3,5,39,49,2022-03-10,NA,2022-03-21
PHI,20212022,2022-02-21,1,TRUE,3,4,40,50,2022-03-10,NA,2022-03-21
PHI,20212022,2022-02-22,0,TRUE,1,4,40,51,2022-03-10,NA,2022-03-21
PHI,20212022,2022-02-26,2,TRUE,2,1,42,52,2022-03-10,NA,2022-03-21
PHI,20212022,2022-03-01,0,TRUE,0,3,42,53,2022-03-10,NA,2022-03-21
PHI,20212022,2022-03-03,0,TRUE,4,5,42,54,2022-03-10,NA,2022-03-21
PHI,20212022,2022-03-05,2,TRUE,4,3,44,55,2022-03-10,NA,2022-03-21
PHI,20212022,2022-03-08,2,TRUE,2,1,46,56,2022-03-10,NA,2022-03-21
PHI,20212022,2022-03-10,0,FALSE,3,6,46,57,2022-03-10,NA,2022-03-21
PHI,20212022,2022-03-12,0,FALSE,1,3,46,58,2022-03-10,NA,2022-03-21
PHI,20212022,2022-03-13,1,TRUE,3,4,47,59,2022-03-10,NA,2022-03-21
PHI,20212022,2022-03-17,2,TRUE,5,4,49,60,2022-03-10,NA,2022-03-21
PHI,20212022,2022-03-18,0,FALSE,1,3,49,61,2022-03-10,NA,2022-03-21
PHI,20212022,2022-03-20,2,TRUE,2,1,51,62,2022-03-10,NA,2022-03-21
PHI,20212022,2022-03-22,0,FALSE,3,6,51,63,2022-03-10,NA,2022-03-21
PHI,20212022,2022-03-24,2,FALSE,5,2,53,64,2022-03-10,NA,2022-03-21
PHI,20212022,2022-03-25,0,FALSE,3,6,53,65,2022-03-10,NA,2022-03-21
PHI,20212022,2022-03-27,0,FALSE,4,5,53,66,2022-03-10,NA,2022-03-21
PHI,20212022,2022-03-29,0,FALSE,1,4,53,67,2022-03-10,NA,2022-03-21
PHI,20212022,2022-04-02,0,TRUE,3,6,53,68,2022-03-10,NA,2022-03-21
PHI,20212022,2022-04-03,2,FALSE,4,3,55,69,2022-03-10,NA,2022-03-21
PHI,20212022,2022-04-05,0,TRUE,2,4,55,70,2022-03-10,NA,2022-03-21
PHI,20212022,2022-04-07,2,FALSE,4,1,57,71,2022-03-10,NA,2022-03-21
PHI,20212022,2022-04-09,0,TRUE,3,5,57,72,2022-03-10,NA,2022-03-21
PHI,20212022,2022-04-12,0,FALSE,2,9,57,73,2022-03-10,NA,2022-03-21
PHI,20212022,2022-04-13,0,TRUE,0,4,57,74,2022-03-10,NA,2022-03-21
PHI,20212022,2022-04-16,0,FALSE,3,4,57,75,2022-03-10,NA,2022-03-21
PHI,20212022,2022-04-17,0,TRUE,3,5,57,76,2022-03-10,NA,2022-03-21
PHI,20212022,2022-04-19,0,FALSE,2,5,57,77,2022-03-10,NA,2022-03-21
PHI,20212022,2022-04-21,2,FALSE,6,3,59,78,2022-03-10,NA,2022-03-21
PHI,20212022,2022-04-24,2,TRUE,4,1,61,79,2022-03-10,NA,2022-03-21
PHI,20212022,2022-04-25,0,FALSE,1,3,61,80,2022-03-10,NA,2022-03-21
PHI,20212022,2022-04-27,0,FALSE,0,4,61,81,2022-03-10,NA,2022-03-21
PHI,20212022,2022-04-29,0,TRUE,2,4,61,82,2022-03-10,NA,2022-03-21
PHI,20222023,2022-10-13,2,TRUE,5,2,2,1,2023-03-11,NA,2023-03-03
PHI,20222023,2022-10-15,2,TRUE,3,2,4,2,2023-03-11,NA,2023-03-03
PHI,20222023,2022-10-18,2,FALSE,3,2,6,3,2023-03-11,NA,2023-03-03
PHI,20222023,2022-10-19,0,FALSE,3,4,6,4,2023-03-11,NA,2023-03-03
PHI,20222023,2022-10-22,2,FALSE,3,1,8,5,2023-03-11,NA,2023-03-03
PHI,20222023,2022-10-23,0,TRUE,0,3,8,6,2023-03-11,NA,2023-03-03
PHI,20222023,2022-10-27,2,TRUE,4,3,10,7,2023-03-11,NA,2023-03-03
PHI,20222023,2022-10-29,1,TRUE,3,4,11,8,2023-03-11,NA,2023-03-03
PHI,20222023,2022-11-01,1,FALSE,0,1,12,9,2023-03-11,NA,2023-03-03
PHI,20222023,2022-11-02,0,FALSE,2,5,12,10,2023-03-11,NA,2023-03-03
PHI,20222023,2022-11-05,2,FALSE,2,1,14,11,2023-03-11,NA,2023-03-03
PHI,20222023,2022-11-08,2,TRUE,5,1,16,12,2023-03-11,NA,2023-03-03
PHI,20222023,2022-11-10,0,FALSE,2,5,16,13,2023-03-11,NA,2023-03-03
PHI,20222023,2022-11-12,0,TRUE,1,4,16,14,2023-03-11,NA,2023-03-03
PHI,20222023,2022-11-13,0,TRUE,1,5,16,15,2023-03-11,NA,2023-03-03
PHI,20222023,2022-11-15,1,FALSE,4,5,17,16,2023-03-11,NA,2023-03-03
PHI,20222023,2022-11-17,0,FALSE,1,4,17,17,2023-03-11,NA,2023-03-03
PHI,20222023,2022-11-19,1,FALSE,4,5,18,18,2023-03-11,NA,2023-03-03
PHI,20222023,2022-11-21,0,TRUE,2,5,18,19,2023-03-11,NA,2023-03-03
PHI,20222023,2022-11-23,1,FALSE,2,3,19,20,2023-03-11,NA,2023-03-03
PHI,20222023,2022-11-25,0,TRUE,1,4,19,21,2023-03-11,NA,2023-03-03
PHI,20222023,2022-11-26,0,FALSE,2,5,19,22,2023-03-11,NA,2023-03-03
PHI,20222023,2022-11-29,2,TRUE,3,1,21,23,2023-03-11,NA,2023-03-03
PHI,20222023,2022-12-01,0,TRUE,1,4,21,24,2023-03-11,NA,2023-03-03
PHI,20222023,2022-12-03,0,TRUE,2,3,21,25,2023-03-11,NA,2023-03-03
PHI,20222023,2022-12-05,2,TRUE,5,3,23,26,2023-03-11,NA,2023-03-03
PHI,20222023,2022-12-07,0,TRUE,1,4,23,27,2023-03-11,NA,2023-03-03
PHI,20222023,2022-12-09,1,FALSE,1,2,24,28,2023-03-11,NA,2023-03-03
PHI,20222023,2022-12-11,1,FALSE,4,5,25,29,2023-03-11,NA,2023-03-03
PHI,20222023,2022-12-13,0,FALSE,2,3,25,30,2023-03-11,NA,2023-03-03
PHI,20222023,2022-12-15,2,FALSE,2,1,27,31,2023-03-11,NA,2023-03-03
PHI,20222023,2022-12-17,0,TRUE,3,6,27,32,2023-03-11,NA,2023-03-03
PHI,20222023,2022-12-20,2,TRUE,5,3,29,33,2023-03-11,NA,2023-03-03
PHI,20222023,2022-12-22,0,FALSE,3,4,29,34,2023-03-11,NA,2023-03-03
PHI,20222023,2022-12-23,0,FALSE,5,6,29,35,2023-03-11,NA,2023-03-03
PHI,20222023,2022-12-29,2,FALSE,4,3,31,36,2023-03-11,NA,2023-03-03
PHI,20222023,2022-12-31,2,FALSE,4,2,33,37,2023-03-11,NA,2023-03-03
PHI,20222023,2023-01-02,2,FALSE,4,1,35,38,2023-03-11,NA,2023-03-03
PHI,20222023,2023-01-05,2,TRUE,6,2,37,39,2023-03-11,NA,2023-03-03
PHI,20222023,2023-01-08,0,TRUE,2,6,37,40,2023-03-11,NA,2023-03-03
PHI,20222023,2023-01-09,2,FALSE,4,0,39,41,2023-03-11,NA,2023-03-03
PHI,20222023,2023-01-11,2,TRUE,5,3,41,42,2023-03-11,NA,2023-03-03
PHI,20222023,2023-01-14,2,FALSE,3,1,43,43,2023-03-11,NA,2023-03-03
PHI,20222023,2023-01-16,0,FALSE,0,6,43,44,2023-03-11,NA,2023-03-03
PHI,20222023,2023-01-17,2,TRUE,5,2,45,45,2023-03-11,NA,2023-03-03
PHI,20222023,2023-01-19,0,TRUE,1,4,45,46,2023-03-11,NA,2023-03-03
PHI,20222023,2023-01-21,2,FALSE,2,1,47,47,2023-03-11,NA,2023-03-03
PHI,20222023,2023-01-22,0,TRUE,3,5,47,48,2023-03-11,NA,2023-03-03
PHI,20222023,2023-01-24,1,TRUE,3,4,48,49,2023-03-11,NA,2023-03-03
PHI,20222023,2023-01-26,1,FALSE,2,3,49,50,2023-03-11,NA,2023-03-03
PHI,20222023,2023-01-28,2,FALSE,4,0,51,51,2023-03-11,NA,2023-03-03
PHI,20222023,2023-02-06,0,TRUE,1,2,51,52,2023-03-11,NA,2023-03-03
PHI,20222023,2023-02-09,2,TRUE,2,1,53,53,2023-03-11,NA,2023-03-03
PHI,20222023,2023-02-11,1,TRUE,1,2,54,54,2023-03-11,NA,2023-03-03
PHI,20222023,2023-02-12,0,TRUE,3,4,54,55,2023-03-11,NA,2023-03-03
PHI,20222023,2023-02-16,0,FALSE,2,6,54,56,2023-03-11,NA,2023-03-03
PHI,20222023,2023-02-18,0,FALSE,2,6,54,57,2023-03-11,NA,2023-03-03
PHI,20222023,2023-02-20,2,FALSE,4,3,56,58,2023-03-11,NA,2023-03-03
PHI,20222023,2023-02-21,0,FALSE,2,4,56,59,2023-03-11,NA,2023-03-03
PHI,20222023,2023-02-24,0,TRUE,2,5,56,60,2023-03-11,NA,2023-03-03
PHI,20222023,2023-02-25,0,FALSE,0,7,56,61,2023-03-11,NA,2023-03-03
PHI,20222023,2023-03-01,1,TRUE,2,3,57,62,2023-03-11,NA,2023-03-03
PHI,20222023,2023-03-05,2,TRUE,3,1,59,63,2023-03-11,NA,2023-03-03
PHI,20222023,2023-03-07,0,FALSE,2,5,59,64,2023-03-11,NA,2023-03-03
PHI,20222023,2023-03-09,0,FALSE,0,1,59,65,2023-03-11,NA,2023-03-03
PHI,20222023,2023-03-11,0,FALSE,1,5,59,66,2023-03-11,NA,2023-03-03
PHI,20222023,2023-03-14,0,TRUE,3,5,59,67,2023-03-11,NA,2023-03-03
PHI,20222023,2023-03-17,2,TRUE,5,2,61,68,2023-03-11,NA,2023-03-03
PHI,20222023,2023-03-18,1,TRUE,4,5,62,69,2023-03-11,NA,2023-03-03
PHI,20222023,2023-03-21,2,TRUE,6,3,64,70,2023-03-11,NA,2023-03-03
PHI,20222023,2023-03-23,2,TRUE,5,4,66,71,2023-03-11,NA,2023-03-03
PHI,20222023,2023-03-25,2,TRUE,3,0,68,72,2023-03-11,NA,2023-03-03
PHI,20222023,2023-03-28,2,TRUE,3,2,70,73,2023-03-11,NA,2023-03-03
PHI,20222023,2023-03-30,1,FALSE,4,5,71,74,2023-03-11,NA,2023-03-03
PHI,20222023,2023-04-01,0,TRUE,3,6,71,75,2023-03-11,NA,2023-03-03
PHI,20222023,2023-04-02,0,FALSE,2,4,71,76,2023-03-11,NA,2023-03-03
PHI,20222023,2023-04-04,0,FALSE,2,4,71,77,2023-03-11,NA,2023-03-03
PHI,20222023,2023-04-06,0,FALSE,1,4,71,78,2023-03-11,NA,2023-03-03
PHI,20222023,2023-04-08,0,FALSE,0,4,71,79,2023-03-11,NA,2023-03-03
PHI,20222023,2023-04-09,0,TRUE,3,5,71,80,2023-03-11,NA,2023-03-03
PHI,20222023,2023-04-11,2,TRUE,4,3,73,81,2023-03-11,NA,2023-03-03
PHI,20222023,2023-04-13,2,FALSE,5,4,75,82,2023-03-11,NA,2023-03-03
PHI,20232024,2023-10-12,2,FALSE,4,2,2,1,2024-04-06,NA,2024-03-08
PHI,20232024,2023-10-14,0,FALSE,2,5,2,2,2024-04-06,NA,2024-03-08
PHI,20232024,2023-10-17,2,TRUE,2,0,4,3,2024-04-06,NA,2024-03-08
PHI,20232024,2023-10-19,2,TRUE,4,1,6,4,2024-04-06,NA,2024-03-08
PHI,20232024,2023-10-21,1,FALSE,4,5,7,5,2024-04-06,NA,2024-03-08
PHI,20232024,2023-10-24,0,FALSE,2,3,7,6,2024-04-06,NA,2024-03-08
PHI,20232024,2023-10-26,2,TRUE,6,2,9,7,2024-04-06,NA,2024-03-08
PHI,20232024,2023-10-28,0,TRUE,4,7,9,8,2024-04-06,NA,2024-03-08
PHI,20232024,2023-10-30,0,TRUE,2,3,9,9,2024-04-06,NA,2024-03-08
PHI,20232024,2023-11-01,0,TRUE,2,5,9,10,2024-04-06,NA,2024-03-08
PHI,20232024,2023-11-03,2,FALSE,5,1,11,11,2024-04-06,NA,2024-03-08
PHI,20232024,2023-11-04,0,TRUE,0,5,11,12,2024-04-06,NA,2024-03-08
PHI,20232024,2023-11-07,0,FALSE,1,2,11,13,2024-04-06,NA,2024-03-08
PHI,20232024,2023-11-10,2,FALSE,6,3,13,14,2024-04-06,NA,2024-03-08
PHI,20232024,2023-11-11,2,FALSE,4,2,15,15,2024-04-06,NA,2024-03-08
PHI,20232024,2023-11-15,2,FALSE,3,1,17,16,2024-04-06,NA,2024-03-08
PHI,20232024,2023-11-18,2,TRUE,4,3,19,17,2024-04-06,NA,2024-03-08
PHI,20232024,2023-11-19,2,TRUE,5,2,21,18,2024-04-06,NA,2024-03-08
PHI,20232024,2023-11-22,0,FALSE,2,3,21,19,2024-04-06,NA,2024-03-08
PHI,20232024,2023-11-24,0,TRUE,1,3,21,20,2024-04-06,NA,2024-03-08
PHI,20232024,2023-11-25,2,FALSE,1,0,23,21,2024-04-06,NA,2024-03-08
PHI,20232024,2023-11-28,0,TRUE,1,4,23,22,2024-04-06,NA,2024-03-08
PHI,20232024,2023-11-30,1,TRUE,3,4,24,23,2024-04-06,NA,2024-03-08
PHI,20232024,2023-12-02,2,FALSE,4,3,26,24,2024-04-06,NA,2024-03-08
PHI,20232024,2023-12-04,2,TRUE,2,1,28,25,2024-04-06,NA,2024-03-08
PHI,20232024,2023-12-07,2,FALSE,4,1,30,26,2024-04-06,NA,2024-03-08
PHI,20232024,2023-12-09,2,FALSE,5,2,32,27,2024-04-06,NA,2024-03-08
PHI,20232024,2023-12-12,1,FALSE,2,3,33,28,2024-04-06,NA,2024-03-08
PHI,20232024,2023-12-14,2,TRUE,4,3,35,29,2024-04-06,NA,2024-03-08
PHI,20232024,2023-12-16,2,TRUE,1,0,37,30,2024-04-06,NA,2024-03-08
PHI,20232024,2023-12-19,2,FALSE,3,2,39,31,2024-04-06,NA,2024-03-08
PHI,20232024,2023-12-21,0,TRUE,2,4,39,32,2024-04-06,NA,2024-03-08
PHI,20232024,2023-12-22,1,FALSE,6,7,40,33,2024-04-06,NA,2024-03-08
PHI,20232024,2023-12-28,2,FALSE,4,1,42,34,2024-04-06,NA,2024-03-08
PHI,20232024,2023-12-29,1,FALSE,1,2,43,35,2024-04-06,NA,2024-03-08
PHI,20232024,2023-12-31,0,FALSE,3,4,43,36,2024-04-06,NA,2024-03-08
PHI,20232024,2024-01-02,0,FALSE,2,5,43,37,2024-04-06,NA,2024-03-08
PHI,20232024,2024-01-04,1,TRUE,2,3,44,38,2024-04-06,NA,2024-03-08
PHI,20232024,2024-01-06,2,TRUE,3,2,46,39,2024-04-06,NA,2024-03-08
PHI,20232024,2024-01-08,0,TRUE,1,4,46,40,2024-04-06,NA,2024-03-08
PHI,20232024,2024-01-10,2,TRUE,3,2,48,41,2024-04-06,NA,2024-03-08
PHI,20232024,2024-01-12,2,FALSE,4,3,50,42,2024-04-06,NA,2024-03-08
PHI,20232024,2024-01-13,2,FALSE,2,0,52,43,2024-04-06,NA,2024-03-08
PHI,20232024,2024-01-15,2,FALSE,4,2,54,44,2024-04-06,NA,2024-03-08
PHI,20232024,2024-01-18,2,TRUE,5,1,56,45,2024-04-06,NA,2024-03-08
PHI,20232024,2024-01-20,0,TRUE,4,7,56,46,2024-04-06,NA,2024-03-08
PHI,20232024,2024-01-21,0,TRUE,3,5,56,47,2024-04-06,NA,2024-03-08
PHI,20232024,2024-01-23,0,TRUE,3,6,56,48,2024-04-06,NA,2024-03-08
PHI,20232024,2024-01-25,0,FALSE,0,3,56,49,2024-04-06,NA,2024-03-08
PHI,20232024,2024-01-27,0,TRUE,2,6,56,50,2024-04-06,NA,2024-03-08
PHI,20232024,2024-02-06,2,FALSE,2,1,58,51,2024-04-06,NA,2024-03-08
PHI,20232024,2024-02-08,2,TRUE,4,1,60,52,2024-04-06,NA,2024-03-08
PHI,20232024,2024-02-10,2,TRUE,3,2,62,53,2024-04-06,NA,2024-03-08
PHI,20232024,2024-02-12,2,TRUE,5,3,64,54,2024-04-06,NA,2024-03-08
PHI,20232024,2024-02-15,1,FALSE,3,4,65,55,2024-04-06,NA,2024-03-08
PHI,20232024,2024-02-17,0,FALSE,3,6,65,56,2024-04-06,NA,2024-03-08
PHI,20232024,2024-02-21,2,FALSE,3,1,67,57,2024-04-06,NA,2024-03-08
PHI,20232024,2024-02-24,0,TRUE,1,2,67,58,2024-04-06,NA,2024-03-08
PHI,20232024,2024-02-25,0,FALSE,6,7,67,59,2024-04-06,NA,2024-03-08
PHI,20232024,2024-02-27,2,TRUE,6,2,69,60,2024-04-06,NA,2024-03-08
PHI,20232024,2024-03-01,0,FALSE,2,5,69,61,2024-04-06,NA,2024-03-08
PHI,20232024,2024-03-02,2,TRUE,4,2,71,62,2024-04-06,NA,2024-03-08
PHI,20232024,2024-03-04,1,TRUE,1,2,72,63,2024-04-06,NA,2024-03-08
PHI,20232024,2024-03-07,2,FALSE,2,1,74,64,2024-04-06,NA,2024-03-08
PHI,20232024,2024-03-09,0,FALSE,0,7,74,65,2024-04-06,NA,2024-03-08
PHI,20232024,2024-03-12,2,TRUE,3,2,76,66,2024-04-06,NA,2024-03-08
PHI,20232024,2024-03-14,0,TRUE,2,6,76,67,2024-04-06,NA,2024-03-08
PHI,20232024,2024-03-16,0,FALSE,5,6,76,68,2024-04-06,NA,2024-03-08
PHI,20232024,2024-03-19,2,TRUE,4,3,78,69,2024-04-06,NA,2024-03-08
PHI,20232024,2024-03-21,1,FALSE,2,3,79,70,2024-04-06,NA,2024-03-08
PHI,20232024,2024-03-23,2,TRUE,3,2,81,71,2024-04-06,NA,2024-03-08
PHI,20232024,2024-03-24,0,TRUE,1,4,81,72,2024-04-06,NA,2024-03-08
PHI,20232024,2024-03-26,1,FALSE,5,6,82,73,2024-04-06,NA,2024-03-08
PHI,20232024,2024-03-28,0,FALSE,1,4,82,74,2024-04-06,NA,2024-03-08
PHI,20232024,2024-03-30,0,TRUE,1,5,82,75,2024-04-06,NA,2024-03-08
PHI,20232024,2024-04-01,1,TRUE,3,4,83,76,2024-04-06,NA,2024-03-08
PHI,20232024,2024-04-05,0,FALSE,2,4,83,77,2024-04-06,NA,2024-03-08
PHI,20232024,2024-04-06,0,FALSE,2,6,83,78,2024-04-06,NA,2024-03-08
PHI,20232024,2024-04-09,0,FALSE,3,9,83,79,2024-04-06,NA,2024-03-08
PHI,20232024,2024-04-11,2,FALSE,4,1,85,80,2024-04-06,NA,2024-03-08
PHI,20232024,2024-04-13,2,TRUE,1,0,87,81,2024-04-06,NA,2024-03-08
PHI,20232024,2024-04-16,0,TRUE,1,2,87,82,2024-04-06,NA,2024-03-08
PIT,20212022,2021-10-12,2,FALSE,6,2,2,1,NA,2022-04-12,2022-03-21
PIT,20212022,2021-10-14,1,FALSE,4,5,3,2,NA,2022-04-12,2022-03-21
PIT,20212022,2021-10-16,2,TRUE,5,2,5,3,NA,2022-04-12,2022-03-21
PIT,20212022,2021-10-19,1,TRUE,1,2,6,4,NA,2022-04-12,2022-03-21
PIT,20212022,2021-10-23,2,TRUE,7,1,8,5,NA,2022-04-12,2022-03-21
PIT,20212022,2021-10-26,0,TRUE,1,5,8,6,NA,2022-04-12,2022-03-21
PIT,20212022,2021-10-28,0,TRUE,0,4,8,7,NA,2022-04-12,2022-03-21
PIT,20212022,2021-10-30,0,TRUE,2,4,8,8,NA,2022-04-12,2022-03-21
PIT,20212022,2021-11-04,2,TRUE,3,2,10,9,NA,2022-04-12,2022-03-21
PIT,20212022,2021-11-06,1,TRUE,4,5,11,10,NA,2022-04-12,2022-03-21
PIT,20212022,2021-11-09,1,FALSE,2,3,12,11,NA,2022-04-12,2022-03-21
PIT,20212022,2021-11-11,2,TRUE,3,2,14,12,NA,2022-04-12,2022-03-21
PIT,20212022,2021-11-13,0,FALSE,3,6,14,13,NA,2022-04-12,2022-03-21
PIT,20212022,2021-11-14,0,FALSE,1,6,14,14,NA,2022-04-12,2022-03-21
PIT,20212022,2021-11-16,0,TRUE,1,2,14,15,NA,2022-04-12,2022-03-21
PIT,20212022,2021-11-18,2,FALSE,6,0,16,16,NA,2022-04-12,2022-03-21
PIT,20212022,2021-11-20,2,FALSE,2,0,18,17,NA,2022-04-12,2022-03-21
PIT,20212022,2021-11-22,2,FALSE,3,1,20,18,NA,2022-04-12,2022-03-21
PIT,20212022,2021-11-24,2,TRUE,4,1,22,19,NA,2022-04-12,2022-03-21
PIT,20212022,2021-11-26,2,FALSE,1,0,24,20,NA,2022-04-12,2022-03-21
PIT,20212022,2021-11-27,0,TRUE,3,6,24,21,NA,2022-04-12,2022-03-21
PIT,20212022,2021-11-29,1,FALSE,1,2,25,22,NA,2022-04-12,2022-03-21
PIT,20212022,2021-12-01,0,FALSE,2,5,25,23,NA,2022-04-12,2022-03-21
PIT,20212022,2021-12-04,2,FALSE,4,1,27,24,NA,2022-04-12,2022-03-21
PIT,20212022,2021-12-06,2,FALSE,6,1,29,25,NA,2022-04-12,2022-03-21
PIT,20212022,2021-12-10,2,FALSE,4,2,31,26,NA,2022-04-12,2022-03-21
PIT,20212022,2021-12-11,2,TRUE,1,0,33,27,NA,2022-04-12,2022-03-21
PIT,20212022,2021-12-14,2,TRUE,5,2,35,28,NA,2022-04-12,2022-03-21
PIT,20212022,2021-12-17,2,TRUE,3,2,37,29,NA,2022-04-12,2022-03-21
PIT,20212022,2021-12-19,2,FALSE,3,2,39,30,NA,2022-04-12,2022-03-21
PIT,20212022,2022-01-02,2,TRUE,8,5,41,31,NA,2022-04-12,2022-03-21
PIT,20212022,2022-01-05,2,TRUE,5,3,43,32,NA,2022-04-12,2022-03-21
PIT,20212022,2022-01-06,2,FALSE,6,2,45,33,NA,2022-04-12,2022-03-21
PIT,20212022,2022-01-08,0,FALSE,2,3,45,34,NA,2022-04-12,2022-03-21
PIT,20212022,2022-01-11,2,FALSE,4,1,47,35,NA,2022-04-12,2022-03-21
PIT,20212022,2022-01-13,0,FALSE,2,6,47,36,NA,2022-04-12,2022-03-21
PIT,20212022,2022-01-15,2,FALSE,2,1,49,37,NA,2022-04-12,2022-03-21
PIT,20212022,2022-01-17,2,FALSE,5,3,51,38,NA,2022-04-12,2022-03-21
PIT,20212022,2022-01-20,2,TRUE,6,4,53,39,NA,2022-04-12,2022-03-21
PIT,20212022,2022-01-21,2,FALSE,5,2,55,40,NA,2022-04-12,2022-03-21
PIT,20212022,2022-01-23,2,TRUE,3,2,57,41,NA,2022-04-12,2022-03-21
PIT,20212022,2022-01-25,2,TRUE,6,3,59,42,NA,2022-04-12,2022-03-21
PIT,20212022,2022-01-27,1,TRUE,1,2,60,43,NA,2022-04-12,2022-03-21
PIT,20212022,2022-01-28,1,TRUE,2,3,61,44,NA,2022-04-12,2022-03-21
PIT,20212022,2022-01-30,0,TRUE,3,4,61,45,NA,2022-04-12,2022-03-21
PIT,20212022,2022-02-01,1,TRUE,3,4,62,46,NA,2022-04-12,2022-03-21
PIT,20212022,2022-02-08,2,FALSE,4,2,64,47,NA,2022-04-12,2022-03-21
PIT,20212022,2022-02-10,2,FALSE,2,0,66,48,NA,2022-04-12,2022-03-21
PIT,20212022,2022-02-13,2,FALSE,4,2,68,49,NA,2022-04-12,2022-03-21
PIT,20212022,2022-02-15,2,TRUE,5,4,70,50,NA,2022-04-12,2022-03-21
PIT,20212022,2022-02-17,0,FALSE,1,4,70,51,NA,2022-04-12,2022-03-21
PIT,20212022,2022-02-20,0,TRUE,3,4,70,52,NA,2022-04-12,2022-03-21
PIT,20212022,2022-02-24,0,TRUE,1,6,70,53,NA,2022-04-12,2022-03-21
PIT,20212022,2022-02-26,2,TRUE,1,0,72,54,NA,2022-04-12,2022-03-21
PIT,20212022,2022-02-27,2,FALSE,3,2,74,55,NA,2022-04-12,2022-03-21
PIT,20212022,2022-03-03,2,FALSE,5,1,76,56,NA,2022-04-12,2022-03-21
PIT,20212022,2022-03-04,1,FALSE,2,3,77,57,NA,2022-04-12,2022-03-21
PIT,20212022,2022-03-08,0,TRUE,3,4,77,58,NA,2022-04-12,2022-03-21
PIT,20212022,2022-03-11,2,TRUE,5,2,79,59,NA,2022-04-12,2022-03-21
PIT,20212022,2022-03-13,2,TRUE,4,2,81,60,NA,2022-04-12,2022-03-21
PIT,20212022,2022-03-15,0,FALSE,1,4,81,61,NA,2022-04-12,2022-03-21
PIT,20212022,2022-03-17,2,FALSE,3,2,83,62,NA,2022-04-12,2022-03-21
PIT,20212022,2022-03-19,2,FALSE,4,1,85,63,NA,2022-04-12,2022-03-21
PIT,20212022,2022-03-22,2,TRUE,5,1,87,64,NA,2022-04-12,2022-03-21
PIT,20212022,2022-03-23,1,FALSE,3,4,88,65,NA,2022-04-12,2022-03-21
PIT,20212022,2022-03-25,0,FALSE,1,5,88,66,NA,2022-04-12,2022-03-21
PIT,20212022,2022-03-27,2,TRUE,11,2,90,67,NA,2022-04-12,2022-03-21
PIT,20212022,2022-03-29,0,TRUE,2,3,90,68,NA,2022-04-12,2022-03-21
PIT,20212022,2022-03-31,2,FALSE,4,3,92,69,NA,2022-04-12,2022-03-21
PIT,20212022,2022-04-02,0,FALSE,2,3,92,70,NA,2022-04-12,2022-03-21
PIT,20212022,2022-04-05,0,TRUE,4,6,92,71,NA,2022-04-12,2022-03-21
PIT,20212022,2022-04-07,0,FALSE,0,3,92,72,NA,2022-04-12,2022-03-21
PIT,20212022,2022-04-09,0,TRUE,3,6,92,73,NA,2022-04-12,2022-03-21
PIT,20212022,2022-04-10,2,TRUE,3,2,94,74,NA,2022-04-12,2022-03-21
PIT,20212022,2022-04-12,1,FALSE,4,5,95,75,NA,2022-04-12,2022-03-21
PIT,20212022,2022-04-14,2,TRUE,6,3,97,76,NA,2022-04-12,2022-03-21
PIT,20212022,2022-04-16,0,FALSE,1,2,97,77,NA,2022-04-12,2022-03-21
PIT,20212022,2022-04-21,2,TRUE,4,0,99,78,NA,2022-04-12,2022-03-21
PIT,20212022,2022-04-23,2,FALSE,7,2,101,79,NA,2022-04-12,2022-03-21
PIT,20212022,2022-04-24,0,FALSE,1,4,101,80,NA,2022-04-12,2022-03-21
PIT,20212022,2022-04-26,0,TRUE,1,5,101,81,NA,2022-04-12,2022-03-21
PIT,20212022,2022-04-29,2,TRUE,5,3,103,82,NA,2022-04-12,2022-03-21
PIT,20222023,2022-10-13,2,TRUE,6,2,2,1,2023-04-11,NA,2023-03-03
PIT,20222023,2022-10-15,2,TRUE,6,2,4,2,2023-04-11,NA,2023-03-03
PIT,20222023,2022-10-17,1,FALSE,2,3,5,3,2023-04-11,NA,2023-03-03
PIT,20222023,2022-10-20,2,TRUE,6,1,7,4,2023-04-11,NA,2023-03-03
PIT,20222023,2022-10-22,2,FALSE,6,3,9,5,2023-04-11,NA,2023-03-03
PIT,20222023,2022-10-24,0,FALSE,3,6,9,6,2023-04-11,NA,2023-03-03
PIT,20222023,2022-10-25,0,FALSE,1,4,9,7,2023-04-11,NA,2023-03-03
PIT,20222023,2022-10-28,0,FALSE,1,5,9,8,2023-04-11,NA,2023-03-03
PIT,20222023,2022-10-29,0,FALSE,1,3,9,9,2023-04-11,NA,2023-03-03
PIT,20222023,2022-11-01,1,TRUE,5,6,10,10,2023-04-11,NA,2023-03-03
PIT,20222023,2022-11-02,0,FALSE,3,6,10,11,2023-04-11,NA,2023-03-03
PIT,20222023,2022-11-05,0,TRUE,2,3,10,12,2023-04-11,NA,2023-03-03
PIT,20222023,2022-11-09,2,FALSE,4,1,12,13,2023-04-11,NA,2023-03-03
PIT,20222023,2022-11-11,2,FALSE,4,2,14,14,2023-04-11,NA,2023-03-03
PIT,20222023,2022-11-12,1,FALSE,4,5,15,15,2023-04-11,NA,2023-03-03
PIT,20222023,2022-11-15,0,TRUE,2,5,15,16,2023-04-11,NA,2023-03-03
PIT,20222023,2022-11-17,2,FALSE,6,4,17,17,2023-04-11,NA,2023-03-03
PIT,20222023,2022-11-19,2,FALSE,3,0,19,18,2023-04-11,NA,2023-03-03
PIT,20222023,2022-11-20,2,FALSE,5,3,21,19,2023-04-11,NA,2023-03-03
PIT,20222023,2022-11-23,2,TRUE,2,1,23,20,2023-04-11,NA,2023-03-03
PIT,20222023,2022-11-25,2,FALSE,4,1,25,21,2023-04-11,NA,2023-03-03
PIT,20222023,2022-11-26,0,TRUE,1,4,25,22,2023-04-11,NA,2023-03-03
PIT,20222023,2022-11-29,1,TRUE,2,3,26,23,2023-04-11,NA,2023-03-03
PIT,20222023,2022-12-01,2,TRUE,4,3,28,24,2023-04-11,NA,2023-03-03
PIT,20222023,2022-12-03,2,TRUE,6,2,30,25,2023-04-11,NA,2023-03-03
PIT,20222023,2022-12-06,2,TRUE,4,1,32,26,2023-04-11,NA,2023-03-03
PIT,20222023,2022-12-09,2,FALSE,4,3,34,27,2023-04-11,NA,2023-03-03
PIT,20222023,2022-12-10,2,TRUE,3,1,36,28,2023-04-11,NA,2023-03-03
PIT,20222023,2022-12-12,2,TRUE,2,1,38,29,2023-04-11,NA,2023-03-03
PIT,20222023,2022-12-15,2,FALSE,4,2,40,30,2023-04-11,NA,2023-03-03
PIT,20222023,2022-12-18,0,FALSE,2,3,40,31,2023-04-11,NA,2023-03-03
PIT,20222023,2022-12-20,2,TRUE,3,2,42,32,2023-04-11,NA,2023-03-03
PIT,20222023,2022-12-22,1,TRUE,3,4,43,33,2023-04-11,NA,2023-03-03
PIT,20222023,2022-12-27,0,FALSE,1,5,43,34,2023-04-11,NA,2023-03-03
PIT,20222023,2022-12-28,1,TRUE,4,5,44,35,2023-04-11,NA,2023-03-03
PIT,20222023,2022-12-30,0,TRUE,2,4,44,36,2023-04-11,NA,2023-03-03
PIT,20222023,2023-01-02,0,FALSE,1,2,44,37,2023-04-11,NA,2023-03-03
PIT,20222023,2023-01-05,0,FALSE,2,5,44,38,2023-04-11,NA,2023-03-03
PIT,20222023,2023-01-08,2,FALSE,4,1,46,39,2023-04-11,NA,2023-03-03
PIT,20222023,2023-01-10,2,TRUE,5,4,48,40,2023-04-11,NA,2023-03-03
PIT,20222023,2023-01-13,0,TRUE,1,4,48,41,2023-04-11,NA,2023-03-03
PIT,20222023,2023-01-14,0,FALSE,1,2,48,42,2023-04-11,NA,2023-03-03
PIT,20222023,2023-01-16,2,TRUE,4,3,50,43,2023-04-11,NA,2023-03-03
PIT,20222023,2023-01-18,1,FALSE,4,5,51,44,2023-04-11,NA,2023-03-03
PIT,20222023,2023-01-20,2,TRUE,4,1,53,45,2023-04-11,NA,2023-03-03
PIT,20222023,2023-01-22,1,FALSE,1,2,54,46,2023-04-11,NA,2023-03-03
PIT,20222023,2023-01-24,2,TRUE,7,6,56,47,2023-04-11,NA,2023-03-03
PIT,20222023,2023-01-26,1,FALSE,2,3,57,48,2023-04-11,NA,2023-03-03
PIT,20222023,2023-01-28,0,TRUE,4,6,57,49,2023-04-11,NA,2023-03-03
PIT,20222023,2023-02-07,2,TRUE,2,1,59,50,2023-04-11,NA,2023-03-03
PIT,20222023,2023-02-10,2,FALSE,6,3,61,51,2023-04-11,NA,2023-03-03
PIT,20222023,2023-02-11,0,FALSE,0,6,61,52,2023-04-11,NA,2023-03-03
PIT,20222023,2023-02-14,2,FALSE,3,1,63,53,2023-04-11,NA,2023-03-03
PIT,20222023,2023-02-17,0,FALSE,4,5,63,54,2023-04-11,NA,2023-03-03
PIT,20222023,2023-02-18,0,TRUE,2,5,63,55,2023-04-11,NA,2023-03-03
PIT,20222023,2023-02-20,0,TRUE,2,4,63,56,2023-04-11,NA,2023-03-03
PIT,20222023,2023-02-23,0,TRUE,2,7,63,57,2023-04-11,NA,2023-03-03
PIT,20222023,2023-02-25,2,FALSE,3,2,65,58,2023-04-11,NA,2023-03-03
PIT,20222023,2023-02-26,2,TRUE,7,3,67,59,2023-04-11,NA,2023-03-03
PIT,20222023,2023-02-28,2,FALSE,3,1,69,60,2023-04-11,NA,2023-03-03
PIT,20222023,2023-03-02,2,FALSE,5,4,71,61,2023-04-11,NA,2023-03-03
PIT,20222023,2023-03-04,0,FALSE,1,4,71,62,2023-04-11,NA,2023-03-03
PIT,20222023,2023-03-07,2,TRUE,5,4,73,63,2023-04-11,NA,2023-03-03
PIT,20222023,2023-03-09,1,TRUE,3,4,74,64,2023-04-11,NA,2023-03-03
PIT,20222023,2023-03-11,2,TRUE,5,1,76,65,2023-04-11,NA,2023-03-03
PIT,20222023,2023-03-12,2,TRUE,3,2,78,66,2023-04-11,NA,2023-03-03
PIT,20222023,2023-03-14,0,TRUE,4,6,78,67,2023-04-11,NA,2023-03-03
PIT,20222023,2023-03-16,0,FALSE,2,4,78,68,2023-04-11,NA,2023-03-03
PIT,20222023,2023-03-18,0,FALSE,0,6,78,69,2023-04-11,NA,2023-03-03
PIT,20222023,2023-03-20,0,TRUE,1,2,78,70,2023-04-11,NA,2023-03-03
PIT,20222023,2023-03-22,2,FALSE,5,2,80,71,2023-04-11,NA,2023-03-03
PIT,20222023,2023-03-23,0,FALSE,2,3,80,72,2023-04-11,NA,2023-03-03
PIT,20222023,2023-03-25,2,TRUE,4,3,82,73,2023-04-11,NA,2023-03-03
PIT,20222023,2023-03-28,0,FALSE,4,7,82,74,2023-04-11,NA,2023-03-03
PIT,20222023,2023-03-30,2,TRUE,2,0,84,75,2023-04-11,NA,2023-03-03
PIT,20222023,2023-04-01,0,TRUE,3,4,84,76,2023-04-11,NA,2023-03-03
PIT,20222023,2023-04-02,2,TRUE,4,2,86,77,2023-04-11,NA,2023-03-03
PIT,20222023,2023-04-04,0,FALSE,1,5,86,78,2023-04-11,NA,2023-03-03
PIT,20222023,2023-04-06,2,TRUE,4,1,88,79,2023-04-11,NA,2023-03-03
PIT,20222023,2023-04-08,2,FALSE,5,1,90,80,2023-04-11,NA,2023-03-03
PIT,20222023,2023-04-11,0,TRUE,2,5,90,81,2023-04-11,NA,2023-03-03
PIT,20222023,2023-04-13,1,FALSE,2,3,91,82,2023-04-11,NA,2023-03-03
PIT,20232024,2023-10-10,0,TRUE,2,4,0,1,2024-04-13,NA,2024-03-08
PIT,20232024,2023-10-13,2,FALSE,4,0,2,2,2024-04-13,NA,2024-03-08
PIT,20232024,2023-10-14,2,TRUE,5,2,4,3,2024-04-13,NA,2024-03-08
PIT,20232024,2023-10-18,0,FALSE,3,6,4,4,2024-04-13,NA,2024-03-08
PIT,20232024,2023-10-21,0,FALSE,2,4,4,5,2024-04-13,NA,2024-03-08
PIT,20232024,2023-10-24,0,TRUE,1,4,4,6,2024-04-13,NA,2024-03-08
PIT,20232024,2023-10-26,2,TRUE,4,0,6,7,2024-04-13,NA,2024-03-08
PIT,20232024,2023-10-28,0,TRUE,2,5,6,8,2024-04-13,NA,2024-03-08
PIT,20232024,2023-10-30,0,TRUE,3,4,6,9,2024-04-13,NA,2024-03-08
PIT,20232024,2023-11-04,2,FALSE,10,2,8,10,2024-04-13,NA,2024-03-08
PIT,20232024,2023-11-07,2,FALSE,2,0,10,11,2024-04-13,NA,2024-03-08
PIT,20232024,2023-11-09,2,FALSE,4,3,12,12,2024-04-13,NA,2024-03-08
PIT,20232024,2023-11-11,2,TRUE,4,0,14,13,2024-04-13,NA,2024-03-08
PIT,20232024,2023-11-14,2,FALSE,5,3,16,14,2024-04-13,NA,2024-03-08
PIT,20232024,2023-11-16,0,TRUE,2,5,16,15,2024-04-13,NA,2024-03-08
PIT,20232024,2023-11-18,0,FALSE,2,4,16,16,2024-04-13,NA,2024-03-08
PIT,20232024,2023-11-19,2,TRUE,3,0,18,17,2024-04-13,NA,2024-03-08
PIT,20232024,2023-11-22,0,TRUE,0,1,18,18,2024-04-13,NA,2024-03-08
PIT,20232024,2023-11-24,0,FALSE,2,3,18,19,2024-04-13,NA,2024-03-08
PIT,20232024,2023-11-25,2,TRUE,3,2,20,20,2024-04-13,NA,2024-03-08
PIT,20232024,2023-11-28,1,FALSE,2,3,21,21,2024-04-13,NA,2024-03-08
PIT,20232024,2023-11-30,2,FALSE,4,2,23,22,2024-04-13,NA,2024-03-08
PIT,20232024,2023-12-02,1,TRUE,3,4,24,23,2024-04-13,NA,2024-03-08
PIT,20232024,2023-12-04,1,FALSE,1,2,25,24,2024-04-13,NA,2024-03-08
PIT,20232024,2023-12-06,0,FALSE,1,3,25,25,2024-04-13,NA,2024-03-08
PIT,20232024,2023-12-08,0,FALSE,1,3,25,26,2024-04-13,NA,2024-03-08
PIT,20232024,2023-12-12,2,TRUE,4,2,27,27,2024-04-13,NA,2024-03-08
PIT,20232024,2023-12-13,2,FALSE,4,3,29,28,2024-04-13,NA,2024-03-08
PIT,20232024,2023-12-16,0,FALSE,0,7,29,29,2024-04-13,NA,2024-03-08
PIT,20232024,2023-12-18,2,TRUE,4,3,31,30,2024-04-13,NA,2024-03-08
PIT,20232024,2023-12-21,2,TRUE,2,1,33,31,2024-04-13,NA,2024-03-08
PIT,20232024,2023-12-23,1,FALSE,4,5,34,32,2024-04-13,NA,2024-03-08
PIT,20232024,2023-12-27,2,FALSE,7,0,36,33,2024-04-13,NA,2024-03-08
PIT,20232024,2023-12-30,2,TRUE,4,2,38,34,2024-04-13,NA,2024-03-08
PIT,20232024,2023-12-31,2,TRUE,3,1,40,35,2024-04-13,NA,2024-03-08
PIT,20232024,2024-01-02,0,TRUE,3,4,40,36,2024-04-13,NA,2024-03-08
PIT,20232024,2024-01-04,2,FALSE,6,5,42,37,2024-04-13,NA,2024-03-08
PIT,20232024,2024-01-06,0,TRUE,1,3,42,38,2024-04-13,NA,2024-03-08
PIT,20232024,2024-01-08,2,FALSE,4,1,44,39,2024-04-13,NA,2024-03-08
PIT,20232024,2024-01-11,1,TRUE,3,4,45,40,2024-04-13,NA,2024-03-08
PIT,20232024,2024-01-13,1,FALSE,2,3,46,41,2024-04-13,NA,2024-03-08
PIT,20232024,2024-01-15,2,TRUE,3,0,48,42,2024-04-13,NA,2024-03-08
PIT,20232024,2024-01-20,0,FALSE,2,3,48,43,2024-04-13,NA,2024-03-08
PIT,20232024,2024-01-22,0,FALSE,2,5,48,44,2024-04-13,NA,2024-03-08
PIT,20232024,2024-01-26,1,TRUE,2,3,49,45,2024-04-13,NA,2024-03-08
PIT,20232024,2024-01-27,2,TRUE,3,2,51,46,2024-04-13,NA,2024-03-08
PIT,20232024,2024-02-06,2,TRUE,3,0,53,47,2024-04-13,NA,2024-03-08
PIT,20232024,2024-02-09,0,FALSE,2,3,53,48,2024-04-13,NA,2024-03-08
PIT,20232024,2024-02-10,0,FALSE,1,2,53,49,2024-04-13,NA,2024-03-08
PIT,20232024,2024-02-14,0,TRUE,2,5,53,50,2024-04-13,NA,2024-03-08
PIT,20232024,2024-02-15,2,FALSE,4,1,55,51,2024-04-13,NA,2024-03-08
PIT,20232024,2024-02-18,0,TRUE,1,2,55,52,2024-04-13,NA,2024-03-08
PIT,20232024,2024-02-20,1,TRUE,4,5,56,53,2024-04-13,NA,2024-03-08
PIT,20232024,2024-02-22,2,TRUE,4,1,58,54,2024-04-13,NA,2024-03-08
PIT,20232024,2024-02-25,2,TRUE,7,6,60,55,2024-04-13,NA,2024-03-08
PIT,20232024,2024-02-27,2,FALSE,4,3,62,56,2024-04-13,NA,2024-03-08
PIT,20232024,2024-02-29,0,FALSE,0,2,62,57,2024-04-13,NA,2024-03-08
PIT,20232024,2024-03-02,0,FALSE,3,4,62,58,2024-04-13,NA,2024-03-08
PIT,20232024,2024-03-03,0,FALSE,1,6,62,59,2024-04-13,NA,2024-03-08
PIT,20232024,2024-03-05,2,TRUE,5,3,64,60,2024-04-13,NA,2024-03-08
PIT,20232024,2024-03-07,0,TRUE,0,6,64,61,2024-04-13,NA,2024-03-08
PIT,20232024,2024-03-09,0,FALSE,1,5,64,62,2024-04-13,NA,2024-03-08
PIT,20232024,2024-03-10,0,TRUE,0,4,64,63,2024-04-13,NA,2024-03-08
PIT,20232024,2024-03-12,1,FALSE,1,2,65,64,2024-04-13,NA,2024-03-08
PIT,20232024,2024-03-14,2,TRUE,6,3,67,65,2024-04-13,NA,2024-03-08
PIT,20232024,2024-03-16,0,TRUE,4,7,67,66,2024-04-13,NA,2024-03-08
PIT,20232024,2024-03-17,2,TRUE,6,3,69,67,2024-04-13,NA,2024-03-08
PIT,20232024,2024-03-19,0,FALSE,2,5,69,68,2024-04-13,NA,2024-03-08
PIT,20232024,2024-03-22,0,FALSE,2,4,69,69,2024-04-13,NA,2024-03-08
PIT,20232024,2024-03-24,1,FALSE,4,5,70,70,2024-04-13,NA,2024-03-08
PIT,20232024,2024-03-26,2,TRUE,4,1,72,71,2024-04-13,NA,2024-03-08
PIT,20232024,2024-03-28,2,TRUE,3,2,74,72,2024-04-13,NA,2024-03-08
PIT,20232024,2024-03-30,1,FALSE,3,4,75,73,2024-04-13,NA,2024-03-08
PIT,20232024,2024-04-01,2,FALSE,5,2,77,74,2024-04-13,NA,2024-03-08
PIT,20232024,2024-04-02,2,FALSE,6,3,79,75,2024-04-13,NA,2024-03-08
PIT,20232024,2024-04-04,2,FALSE,4,1,81,76,2024-04-13,NA,2024-03-08
PIT,20232024,2024-04-06,2,TRUE,5,4,83,77,2024-04-13,NA,2024-03-08
PIT,20232024,2024-04-08,1,FALSE,2,3,84,78,2024-04-13,NA,2024-03-08
PIT,20232024,2024-04-11,2,TRUE,6,5,86,79,2024-04-13,NA,2024-03-08
PIT,20232024,2024-04-13,0,TRUE,4,6,86,80,2024-04-13,NA,2024-03-08
PIT,20232024,2024-04-15,2,TRUE,4,2,88,81,2024-04-13,NA,2024-03-08
PIT,20232024,2024-04-17,0,FALSE,4,5,88,82,2024-04-13,NA,2024-03-08
SEA,20212022,2021-10-12,0,FALSE,3,4,0,1,2022-02-21,NA,2022-03-21
SEA,20212022,2021-10-14,2,FALSE,4,3,2,2,2022-02-21,NA,2022-03-21
SEA,20212022,2021-10-16,1,FALSE,1,2,3,3,2022-02-21,NA,2022-03-21
SEA,20212022,2021-10-18,0,FALSE,1,6,3,4,2022-02-21,NA,2022-03-21
SEA,20212022,2021-10-19,0,FALSE,2,4,3,5,2022-02-21,NA,2022-03-21
SEA,20212022,2021-10-23,0,TRUE,2,4,3,6,2022-02-21,NA,2022-03-21
SEA,20212022,2021-10-26,2,TRUE,5,1,5,7,2022-02-21,NA,2022-03-21
SEA,20212022,2021-10-28,2,TRUE,4,1,7,8,2022-02-21,NA,2022-03-21
SEA,20212022,2021-10-31,0,TRUE,1,3,7,9,2022-02-21,NA,2022-03-21
SEA,20212022,2021-11-01,0,FALSE,2,5,7,10,2022-02-21,NA,2022-03-21
SEA,20212022,2021-11-04,2,TRUE,5,2,9,11,2022-02-21,NA,2022-03-21
SEA,20212022,2021-11-06,0,FALSE,4,5,9,12,2022-02-21,NA,2022-03-21
SEA,20212022,2021-11-09,0,FALSE,2,4,9,13,2022-02-21,NA,2022-03-21
SEA,20212022,2021-11-11,0,TRUE,4,7,9,14,2022-02-21,NA,2022-03-21
SEA,20212022,2021-11-13,0,TRUE,2,4,9,15,2022-02-21,NA,2022-03-21
SEA,20212022,2021-11-17,0,TRUE,2,4,9,16,2022-02-21,NA,2022-03-21
SEA,20212022,2021-11-19,0,TRUE,3,7,9,17,2022-02-21,NA,2022-03-21
SEA,20212022,2021-11-21,2,TRUE,5,2,11,18,2022-02-21,NA,2022-03-21
SEA,20212022,2021-11-24,2,TRUE,2,1,13,19,2022-02-21,NA,2022-03-21
SEA,20212022,2021-11-26,0,FALSE,0,3,13,20,2022-02-21,NA,2022-03-21
SEA,20212022,2021-11-27,2,FALSE,4,1,15,21,2022-02-21,NA,2022-03-21
SEA,20212022,2021-11-29,2,FALSE,7,4,17,22,2022-02-21,NA,2022-03-21
SEA,20212022,2021-12-01,1,FALSE,3,4,18,23,2022-02-21,NA,2022-03-21
SEA,20212022,2021-12-03,2,TRUE,4,3,20,24,2022-02-21,NA,2022-03-21
SEA,20212022,2021-12-06,0,TRUE,1,6,20,25,2022-02-21,NA,2022-03-21
SEA,20212022,2021-12-09,0,TRUE,0,3,20,26,2022-02-21,NA,2022-03-21
SEA,20212022,2021-12-11,1,TRUE,4,5,21,27,2022-02-21,NA,2022-03-21
SEA,20212022,2021-12-14,2,FALSE,3,1,23,28,2022-02-21,NA,2022-03-21
SEA,20212022,2021-12-15,0,FALSE,1,4,23,29,2022-02-21,NA,2022-03-21
SEA,20212022,2021-12-18,0,TRUE,3,5,23,30,2022-02-21,NA,2022-03-21
SEA,20212022,2021-12-29,1,TRUE,2,3,24,31,2022-02-21,NA,2022-03-21
SEA,20212022,2021-12-30,0,TRUE,4,6,24,32,2022-02-21,NA,2022-03-21
SEA,20212022,2022-01-01,0,TRUE,2,5,24,33,2022-02-21,NA,2022-03-21
SEA,20212022,2022-01-10,0,FALSE,3,4,24,34,2022-02-21,NA,2022-03-21
SEA,20212022,2022-01-12,0,FALSE,2,5,24,35,2022-02-21,NA,2022-03-21
SEA,20212022,2022-01-13,0,FALSE,1,2,24,36,2022-02-21,NA,2022-03-21
SEA,20212022,2022-01-15,0,TRUE,1,3,24,37,2022-02-21,NA,2022-03-21
SEA,20212022,2022-01-17,2,TRUE,3,2,26,38,2022-02-21,NA,2022-03-21
SEA,20212022,2022-01-20,2,TRUE,3,2,28,39,2022-02-21,NA,2022-03-21
SEA,20212022,2022-01-21,0,TRUE,0,5,28,40,2022-02-21,NA,2022-03-21
SEA,20212022,2022-01-23,2,TRUE,5,3,30,41,2022-02-21,NA,2022-03-21
SEA,20212022,2022-01-25,0,TRUE,2,4,30,42,2022-02-21,NA,2022-03-21
SEA,20212022,2022-01-27,2,FALSE,2,1,32,43,2022-02-21,NA,2022-03-21
SEA,20212022,2022-01-30,0,FALSE,2,3,32,44,2022-02-21,NA,2022-03-21
SEA,20212022,2022-02-01,0,FALSE,2,3,32,45,2022-02-21,NA,2022-03-21
SEA,20212022,2022-02-02,2,FALSE,3,0,34,46,2022-02-21,NA,2022-03-21
SEA,20212022,2022-02-09,0,TRUE,2,5,34,47,2022-02-21,NA,2022-03-21
SEA,20212022,2022-02-11,2,FALSE,4,3,36,48,2022-02-21,NA,2022-03-21
SEA,20212022,2022-02-14,0,TRUE,2,6,36,49,2022-02-21,NA,2022-03-21
SEA,20212022,2022-02-17,0,FALSE,3,5,36,50,2022-02-21,NA,2022-03-21
SEA,20212022,2022-02-19,0,FALSE,1,2,36,51,2022-02-21,NA,2022-03-21
SEA,20212022,2022-02-21,0,FALSE,2,5,36,52,2022-02-21,NA,2022-03-21
SEA,20212022,2022-02-22,0,TRUE,2,5,36,53,2022-02-21,NA,2022-03-21
SEA,20212022,2022-02-24,1,TRUE,2,3,37,54,2022-02-21,NA,2022-03-21
SEA,20212022,2022-02-27,0,FALSE,1,3,37,55,2022-02-21,NA,2022-03-21
SEA,20212022,2022-03-02,2,TRUE,4,3,39,56,2022-02-21,NA,2022-03-21
SEA,20212022,2022-03-05,0,FALSE,2,5,39,57,2022-02-21,NA,2022-03-21
SEA,20212022,2022-03-06,0,FALSE,2,3,39,58,2022-02-21,NA,2022-03-21
SEA,20212022,2022-03-08,0,FALSE,4,6,39,59,2022-02-21,NA,2022-03-21
SEA,20212022,2022-03-10,1,FALSE,3,4,40,60,2022-02-21,NA,2022-03-21
SEA,20212022,2022-03-12,2,FALSE,4,3,42,61,2022-02-21,NA,2022-03-21
SEA,20212022,2022-03-16,0,TRUE,1,4,42,62,2022-02-21,NA,2022-03-21
SEA,20212022,2022-03-19,2,TRUE,4,2,44,63,2022-02-21,NA,2022-03-21
SEA,20212022,2022-03-22,2,FALSE,4,2,46,64,2022-02-21,NA,2022-03-21
SEA,20212022,2022-03-26,0,FALSE,2,4,46,65,2022-02-21,NA,2022-03-21
SEA,20212022,2022-03-28,2,FALSE,6,1,48,66,2022-02-21,NA,2022-03-21
SEA,20212022,2022-03-30,0,TRUE,0,3,48,67,2022-02-21,NA,2022-03-21
SEA,20212022,2022-04-01,0,TRUE,2,5,48,68,2022-02-21,NA,2022-03-21
SEA,20212022,2022-04-03,2,TRUE,4,1,50,69,2022-02-21,NA,2022-03-21
SEA,20212022,2022-04-06,0,FALSE,1,4,50,70,2022-02-21,NA,2022-03-21
SEA,20212022,2022-04-07,2,FALSE,2,0,52,71,2022-02-21,NA,2022-03-21
SEA,20212022,2022-04-09,0,TRUE,1,4,52,72,2022-02-21,NA,2022-03-21
SEA,20212022,2022-04-12,0,FALSE,3,5,52,73,2022-02-21,NA,2022-03-21
SEA,20212022,2022-04-16,2,TRUE,4,3,54,74,2022-02-21,NA,2022-03-21
SEA,20212022,2022-04-18,2,TRUE,4,2,56,75,2022-02-21,NA,2022-03-21
SEA,20212022,2022-04-20,2,TRUE,3,2,58,76,2022-02-21,NA,2022-03-21
SEA,20212022,2022-04-22,0,FALSE,3,6,58,77,2022-02-21,NA,2022-03-21
SEA,20212022,2022-04-23,0,FALSE,2,3,58,78,2022-02-21,NA,2022-03-21
SEA,20212022,2022-04-26,0,FALSE,2,5,58,79,2022-02-21,NA,2022-03-21
SEA,20212022,2022-04-27,0,TRUE,3,5,58,80,2022-02-21,NA,2022-03-21
SEA,20212022,2022-04-29,2,TRUE,3,0,60,81,2022-02-21,NA,2022-03-21
SEA,20212022,2022-05-01,0,FALSE,3,4,60,82,2022-02-21,NA,2022-03-21
SEA,20222023,2022-10-12,1,FALSE,4,5,1,1,NA,2023-04-04,2023-03-03
SEA,20222023,2022-10-13,2,FALSE,4,1,3,2,NA,2023-04-04,2023-03-03
SEA,20222023,2022-10-15,0,TRUE,2,5,3,3,NA,2023-04-04,2023-03-03
SEA,20222023,2022-10-17,0,TRUE,1,5,3,4,NA,2023-04-04,2023-03-03
SEA,20222023,2022-10-19,1,TRUE,3,4,4,5,NA,2023-04-04,2023-03-03
SEA,20222023,2022-10-21,2,FALSE,3,2,6,6,NA,2023-04-04,2023-03-03
SEA,20222023,2022-10-23,0,FALSE,4,5,6,7,NA,2023-04-04,2023-03-03
SEA,20222023,2022-10-25,2,TRUE,5,1,8,8,NA,2023-04-04,2023-03-03
SEA,20222023,2022-10-27,0,TRUE,4,5,8,9,NA,2023-04-04,2023-03-03
SEA,20222023,2022-10-29,2,TRUE,3,1,10,10,NA,2023-04-04,2023-03-03
SEA,20222023,2022-11-01,2,FALSE,5,4,12,11,NA,2023-04-04,2023-03-03
SEA,20222023,2022-11-03,2,FALSE,4,0,14,12,NA,2023-04-04,2023-03-03
SEA,20222023,2022-11-05,2,FALSE,3,2,16,13,NA,2023-04-04,2023-03-03
SEA,20222023,2022-11-08,2,TRUE,5,1,18,14,NA,2023-04-04,2023-03-03
SEA,20222023,2022-11-11,0,TRUE,0,1,18,15,NA,2023-04-04,2023-03-03
SEA,20222023,2022-11-13,1,TRUE,2,3,19,16,NA,2023-04-04,2023-03-03
SEA,20222023,2022-11-17,2,TRUE,3,2,21,17,NA,2023-04-04,2023-03-03
SEA,20222023,2022-11-19,2,TRUE,3,2,23,18,NA,2023-04-04,2023-03-03
SEA,20222023,2022-11-23,2,TRUE,8,5,25,19,NA,2023-04-04,2023-03-03
SEA,20222023,2022-11-25,2,FALSE,4,2,27,20,NA,2023-04-04,2023-03-03
SEA,20222023,2022-11-27,2,FALSE,5,4,29,21,NA,2023-04-04,2023-03-03
SEA,20222023,2022-11-29,2,FALSE,9,8,31,22,NA,2023-04-04,2023-03-03
SEA,20222023,2022-12-01,2,TRUE,3,2,33,23,NA,2023-04-04,2023-03-03
SEA,20222023,2022-12-03,0,TRUE,1,5,33,24,NA,2023-04-04,2023-03-03
SEA,20222023,2022-12-06,0,TRUE,2,4,33,25,NA,2023-04-04,2023-03-03
SEA,20222023,2022-12-09,0,FALSE,1,4,33,26,NA,2023-04-04,2023-03-03
SEA,20222023,2022-12-11,2,FALSE,5,2,35,27,NA,2023-04-04,2023-03-03
SEA,20222023,2022-12-13,0,FALSE,2,6,35,28,NA,2023-04-04,2023-03-03
SEA,20222023,2022-12-15,0,FALSE,2,3,35,29,NA,2023-04-04,2023-03-03
SEA,20222023,2022-12-18,2,TRUE,3,2,37,30,NA,2023-04-04,2023-03-03
SEA,20222023,2022-12-20,2,TRUE,5,2,39,31,NA,2023-04-04,2023-03-03
SEA,20222023,2022-12-22,1,FALSE,5,6,40,32,NA,2023-04-04,2023-03-03
SEA,20222023,2022-12-28,0,TRUE,2,3,40,33,NA,2023-04-04,2023-03-03
SEA,20222023,2022-12-30,0,TRUE,2,7,40,34,NA,2023-04-04,2023-03-03
SEA,20222023,2023-01-01,2,TRUE,4,1,42,35,NA,2023-04-04,2023-03-03
SEA,20222023,2023-01-03,2,FALSE,5,2,44,36,NA,2023-04-04,2023-03-03
SEA,20222023,2023-01-05,2,FALSE,5,1,46,37,NA,2023-04-04,2023-03-03
SEA,20222023,2023-01-07,2,FALSE,8,4,48,38,NA,2023-04-04,2023-03-03
SEA,20222023,2023-01-09,2,FALSE,4,0,50,39,NA,2023-04-04,2023-03-03
SEA,20222023,2023-01-10,2,FALSE,4,3,52,40,NA,2023-04-04,2023-03-03
SEA,20222023,2023-01-12,2,FALSE,3,0,54,41,NA,2023-04-04,2023-03-03
SEA,20222023,2023-01-14,2,FALSE,8,5,56,42,NA,2023-04-04,2023-03-03
SEA,20222023,2023-01-16,0,TRUE,1,4,56,43,NA,2023-04-04,2023-03-03
SEA,20222023,2023-01-17,0,FALSE,2,5,56,44,NA,2023-04-04,2023-03-03
SEA,20222023,2023-01-19,2,TRUE,4,3,58,45,NA,2023-04-04,2023-03-03
SEA,20222023,2023-01-21,1,TRUE,1,2,59,46,NA,2023-04-04,2023-03-03
SEA,20222023,2023-01-25,2,TRUE,6,1,61,47,NA,2023-04-04,2023-03-03
SEA,20222023,2023-01-27,0,TRUE,2,5,61,48,NA,2023-04-04,2023-03-03
SEA,20222023,2023-01-28,2,TRUE,3,1,63,49,NA,2023-04-04,2023-03-03
SEA,20222023,2023-02-07,0,FALSE,0,4,63,50,NA,2023-04-04,2023-03-03
SEA,20222023,2023-02-09,0,FALSE,1,3,63,51,NA,2023-04-04,2023-03-03
SEA,20222023,2023-02-10,0,FALSE,3,6,63,52,NA,2023-04-04,2023-03-03
SEA,20222023,2023-02-12,2,FALSE,4,3,65,53,NA,2023-04-04,2023-03-03
SEA,20222023,2023-02-14,1,FALSE,2,3,66,54,NA,2023-04-04,2023-03-03
SEA,20222023,2023-02-16,2,TRUE,6,2,68,55,NA,2023-04-04,2023-03-03
SEA,20222023,2023-02-18,2,TRUE,4,2,70,56,NA,2023-04-04,2023-03-03
SEA,20222023,2023-02-20,0,FALSE,0,4,70,57,NA,2023-04-04,2023-03-03
SEA,20222023,2023-02-23,0,TRUE,5,6,70,58,NA,2023-04-04,2023-03-03
SEA,20222023,2023-02-26,0,TRUE,1,5,70,59,NA,2023-04-04,2023-03-03
SEA,20222023,2023-02-28,2,FALSE,5,3,72,60,NA,2023-04-04,2023-03-03
SEA,20222023,2023-03-02,2,FALSE,5,4,74,61,NA,2023-04-04,2023-03-03
SEA,20222023,2023-03-03,2,FALSE,4,2,76,62,NA,2023-04-04,2023-03-03
SEA,20222023,2023-03-05,2,FALSE,3,2,78,63,NA,2023-04-04,2023-03-03
SEA,20222023,2023-03-07,2,TRUE,5,2,80,64,NA,2023-04-04,2023-03-03
SEA,20222023,2023-03-09,0,TRUE,4,5,80,65,NA,2023-04-04,2023-03-03
SEA,20222023,2023-03-11,1,TRUE,3,4,81,66,NA,2023-04-04,2023-03-03
SEA,20222023,2023-03-13,0,TRUE,2,5,81,67,NA,2023-04-04,2023-03-03
SEA,20222023,2023-03-16,2,FALSE,2,1,83,68,NA,2023-04-04,2023-03-03
SEA,20222023,2023-03-18,0,TRUE,4,6,83,69,NA,2023-04-04,2023-03-03
SEA,20222023,2023-03-21,2,FALSE,5,4,85,70,NA,2023-04-04,2023-03-03
SEA,20222023,2023-03-23,1,FALSE,1,2,86,71,NA,2023-04-04,2023-03-03
SEA,20222023,2023-03-25,2,FALSE,7,2,88,72,NA,2023-04-04,2023-03-03
SEA,20222023,2023-03-27,0,FALSE,1,5,88,73,NA,2023-04-04,2023-03-03
SEA,20222023,2023-03-30,2,TRUE,4,1,90,74,NA,2023-04-04,2023-03-03
SEA,20222023,2023-04-01,0,TRUE,1,3,90,75,NA,2023-04-04,2023-03-03
SEA,20222023,2023-04-03,2,TRUE,8,1,92,76,NA,2023-04-04,2023-03-03
SEA,20222023,2023-04-04,2,FALSE,5,2,94,77,NA,2023-04-04,2023-03-03
SEA,20222023,2023-04-06,2,TRUE,4,2,96,78,NA,2023-04-04,2023-03-03
SEA,20222023,2023-04-08,2,TRUE,7,3,98,79,NA,2023-04-04,2023-03-03
SEA,20222023,2023-04-10,2,FALSE,4,1,100,80,NA,2023-04-04,2023-03-03
SEA,20222023,2023-04-11,0,FALSE,1,4,100,81,NA,2023-04-04,2023-03-03
SEA,20222023,2023-04-13,0,TRUE,1,3,100,82,NA,2023-04-04,2023-03-03
SEA,20232024,2023-10-10,0,FALSE,1,4,0,1,2024-03-30,NA,2024-03-08
SEA,20232024,2023-10-12,0,FALSE,0,3,0,2,2024-03-30,NA,2024-03-08
SEA,20232024,2023-10-14,1,FALSE,1,2,1,3,2024-03-30,NA,2024-03-08
SEA,20232024,2023-10-17,0,TRUE,1,4,1,4,2024-03-30,NA,2024-03-08
SEA,20232024,2023-10-19,2,TRUE,7,4,3,5,2024-03-30,NA,2024-03-08
SEA,20232024,2023-10-21,0,TRUE,1,4,3,6,2024-03-30,NA,2024-03-08
SEA,20232024,2023-10-24,2,FALSE,5,4,5,7,2024-03-30,NA,2024-03-08
SEA,20232024,2023-10-26,1,FALSE,2,3,6,8,2024-03-30,NA,2024-03-08
SEA,20232024,2023-10-28,0,FALSE,2,3,6,9,2024-03-30,NA,2024-03-08
SEA,20232024,2023-10-30,2,FALSE,4,3,8,10,2024-03-30,NA,2024-03-08
SEA,20232024,2023-11-02,2,TRUE,4,2,10,11,2024-03-30,NA,2024-03-08
SEA,20232024,2023-11-04,0,TRUE,3,6,10,12,2024-03-30,NA,2024-03-08
SEA,20232024,2023-11-07,1,FALSE,3,4,11,13,2024-03-30,NA,2024-03-08
SEA,20232024,2023-11-09,2,FALSE,4,3,13,14,2024-03-30,NA,2024-03-08
SEA,20232024,2023-11-11,0,TRUE,1,4,13,15,2024-03-30,NA,2024-03-08
SEA,20232024,2023-11-13,0,TRUE,1,5,13,16,2024-03-30,NA,2024-03-08
SEA,20232024,2023-11-15,1,FALSE,3,4,14,17,2024-03-30,NA,2024-03-08
SEA,20232024,2023-11-16,2,TRUE,4,3,16,18,2024-03-30,NA,2024-03-08
SEA,20232024,2023-11-18,2,FALSE,4,3,18,19,2024-03-30,NA,2024-03-08
SEA,20232024,2023-11-20,1,TRUE,3,4,19,20,2024-03-30,NA,2024-03-08
SEA,20232024,2023-11-22,2,TRUE,7,1,21,21,2024-03-30,NA,2024-03-08
SEA,20232024,2023-11-24,0,TRUE,1,5,21,22,2024-03-30,NA,2024-03-08
SEA,20232024,2023-11-28,0,FALSE,3,4,21,23,2024-03-30,NA,2024-03-08
SEA,20232024,2023-11-30,1,FALSE,3,4,22,24,2024-03-30,NA,2024-03-08
SEA,20232024,2023-12-02,0,FALSE,0,2,22,25,2024-03-30,NA,2024-03-08
SEA,20232024,2023-12-04,0,FALSE,2,4,22,26,2024-03-30,NA,2024-03-08
SEA,20232024,2023-12-07,0,TRUE,1,2,22,27,2024-03-30,NA,2024-03-08
SEA,20232024,2023-12-09,1,TRUE,3,4,23,28,2024-03-30,NA,2024-03-08
SEA,20232024,2023-12-10,0,TRUE,0,3,23,29,2024-03-30,NA,2024-03-08
SEA,20232024,2023-12-12,2,TRUE,4,0,25,30,2024-03-30,NA,2024-03-08
SEA,20232024,2023-12-14,2,TRUE,7,1,27,31,2024-03-30,NA,2024-03-08
SEA,20232024,2023-12-16,1,TRUE,2,3,28,32,2024-03-30,NA,2024-03-08
SEA,20232024,2023-12-18,1,FALSE,3,4,29,33,2024-03-30,NA,2024-03-08
SEA,20232024,2023-12-20,2,FALSE,2,1,31,34,2024-03-30,NA,2024-03-08
SEA,20232024,2023-12-23,2,FALSE,3,2,33,35,2024-03-30,NA,2024-03-08
SEA,20232024,2023-12-27,2,FALSE,2,1,35,36,2024-03-30,NA,2024-03-08
SEA,20232024,2023-12-29,2,TRUE,2,1,37,37,2024-03-30,NA,2024-03-08
SEA,20232024,2024-01-01,2,TRUE,3,0,39,38,2024-03-30,NA,2024-03-08
SEA,20232024,2024-01-04,2,TRUE,4,1,41,39,2024-03-30,NA,2024-03-08
SEA,20232024,2024-01-09,2,FALSE,5,2,43,40,2024-03-30,NA,2024-03-08
SEA,20232024,2024-01-11,2,FALSE,4,1,45,41,2024-03-30,NA,2024-03-08
SEA,20232024,2024-01-13,2,FALSE,7,4,47,42,2024-03-30,NA,2024-03-08
SEA,20232024,2024-01-15,0,FALSE,0,3,47,43,2024-03-30,NA,2024-03-08
SEA,20232024,2024-01-16,0,FALSE,2,5,47,44,2024-03-30,NA,2024-03-08
SEA,20232024,2024-01-18,0,FALSE,2,4,47,45,2024-03-30,NA,2024-03-08
SEA,20232024,2024-01-21,0,TRUE,1,3,47,46,2024-03-30,NA,2024-03-08
SEA,20232024,2024-01-24,2,TRUE,6,2,49,47,2024-03-30,NA,2024-03-08
SEA,20232024,2024-01-26,1,TRUE,3,4,50,48,2024-03-30,NA,2024-03-08
SEA,20232024,2024-01-28,2,TRUE,4,2,52,49,2024-03-30,NA,2024-03-08
SEA,20232024,2024-01-30,0,FALSE,0,2,52,50,2024-03-30,NA,2024-03-08
SEA,20232024,2024-02-10,0,FALSE,2,3,52,51,2024-03-30,NA,2024-03-08
SEA,20232024,2024-02-12,0,FALSE,1,3,52,52,2024-03-30,NA,2024-03-08
SEA,20232024,2024-02-13,2,FALSE,2,1,54,53,2024-03-30,NA,2024-03-08
SEA,20232024,2024-02-15,2,FALSE,4,1,56,54,2024-03-30,NA,2024-03-08
SEA,20232024,2024-02-19,1,TRUE,3,4,57,55,2024-03-30,NA,2024-03-08
SEA,20232024,2024-02-22,2,TRUE,5,2,59,56,2024-03-30,NA,2024-03-08
SEA,20232024,2024-02-24,0,TRUE,2,5,59,57,2024-03-30,NA,2024-03-08
SEA,20232024,2024-02-26,2,TRUE,4,3,61,58,2024-03-30,NA,2024-03-08
SEA,20232024,2024-02-29,2,TRUE,2,0,63,59,2024-03-30,NA,2024-03-08
SEA,20232024,2024-03-02,0,TRUE,1,2,63,60,2024-03-30,NA,2024-03-08
SEA,20232024,2024-03-04,2,FALSE,4,2,65,61,2024-03-30,NA,2024-03-08
SEA,20232024,2024-03-05,2,FALSE,4,3,67,62,2024-03-30,NA,2024-03-08
SEA,20232024,2024-03-08,0,TRUE,0,3,67,63,2024-03-30,NA,2024-03-08
SEA,20232024,2024-03-12,1,TRUE,4,5,68,64,2024-03-30,NA,2024-03-08
SEA,20232024,2024-03-14,0,TRUE,1,2,68,65,2024-03-30,NA,2024-03-08
SEA,20232024,2024-03-16,0,TRUE,1,4,68,66,2024-03-30,NA,2024-03-08
SEA,20232024,2024-03-18,0,TRUE,2,6,68,67,2024-03-30,NA,2024-03-08
SEA,20232024,2024-03-21,0,FALSE,1,3,68,68,2024-03-30,NA,2024-03-08
SEA,20232024,2024-03-22,1,FALSE,1,2,69,69,2024-03-30,NA,2024-03-08
SEA,20232024,2024-03-24,0,TRUE,1,5,69,70,2024-03-30,NA,2024-03-08
SEA,20232024,2024-03-26,2,TRUE,4,0,71,71,2024-03-30,NA,2024-03-08
SEA,20232024,2024-03-28,2,TRUE,4,2,73,72,2024-03-30,NA,2024-03-08
SEA,20232024,2024-03-30,0,TRUE,0,3,73,73,2024-03-30,NA,2024-03-08
SEA,20232024,2024-04-01,2,FALSE,4,2,75,74,2024-03-30,NA,2024-03-08
SEA,20232024,2024-04-03,0,FALSE,2,5,75,75,2024-03-30,NA,2024-03-08
SEA,20232024,2024-04-05,2,FALSE,3,1,77,76,2024-03-30,NA,2024-03-08
SEA,20232024,2024-04-09,2,TRUE,5,0,79,77,2024-03-30,NA,2024-03-08
SEA,20232024,2024-04-11,0,TRUE,1,3,79,78,2024-03-30,NA,2024-03-08
SEA,20232024,2024-04-13,0,FALSE,1,3,79,79,2024-03-30,NA,2024-03-08
SEA,20232024,2024-04-14,0,FALSE,1,4,79,80,2024-03-30,NA,2024-03-08
SEA,20232024,2024-04-16,0,FALSE,3,4,79,81,2024-03-30,NA,2024-03-08
SEA,20232024,2024-04-18,2,FALSE,4,3,81,82,2024-03-30,NA,2024-03-08
SJS,20212022,2021-10-16,2,TRUE,4,3,2,1,2022-03-31,NA,2022-03-21
SJS,20212022,2021-10-19,2,FALSE,5,0,4,2,2022-03-31,NA,2022-03-21
SJS,20212022,2021-10-21,2,FALSE,2,1,6,3,2022-03-31,NA,2022-03-21
SJS,20212022,2021-10-22,2,FALSE,5,3,8,4,2022-03-31,NA,2022-03-21
SJS,20212022,2021-10-24,0,FALSE,3,4,8,5,2022-03-31,NA,2022-03-21
SJS,20212022,2021-10-26,0,FALSE,1,3,8,6,2022-03-31,NA,2022-03-21
SJS,20212022,2021-10-28,0,TRUE,0,4,8,7,2022-03-31,NA,2022-03-21
SJS,20212022,2021-10-30,2,TRUE,2,1,10,8,2022-03-31,NA,2022-03-21
SJS,20212022,2021-11-02,2,TRUE,5,3,12,9,2022-03-31,NA,2022-03-21
SJS,20212022,2021-11-04,0,TRUE,3,5,12,10,2022-03-31,NA,2022-03-21
SJS,20212022,2021-11-06,1,TRUE,2,3,13,11,2022-03-31,NA,2022-03-21
SJS,20212022,2021-11-09,2,FALSE,4,1,15,12,2022-03-31,NA,2022-03-21
SJS,20212022,2021-11-11,0,FALSE,1,4,15,13,2022-03-31,NA,2022-03-21
SJS,20212022,2021-11-13,0,FALSE,2,6,15,14,2022-03-31,NA,2022-03-21
SJS,20212022,2021-11-16,2,FALSE,4,1,17,15,2022-03-31,NA,2022-03-21
SJS,20212022,2021-11-18,0,FALSE,1,4,17,16,2022-03-31,NA,2022-03-21
SJS,20212022,2021-11-20,0,TRUE,0,4,17,17,2022-03-31,NA,2022-03-21
SJS,20212022,2021-11-22,2,TRUE,2,1,19,18,2022-03-31,NA,2022-03-21
SJS,20212022,2021-11-24,2,TRUE,6,3,21,19,2022-03-31,NA,2022-03-21
SJS,20212022,2021-11-26,0,TRUE,1,4,21,20,2022-03-31,NA,2022-03-21
SJS,20212022,2021-11-28,2,FALSE,2,0,23,21,2022-03-31,NA,2022-03-21
SJS,20212022,2021-11-30,2,FALSE,5,2,25,22,2022-03-31,NA,2022-03-21
SJS,20212022,2021-12-02,2,FALSE,2,1,27,23,2022-03-31,NA,2022-03-21
SJS,20212022,2021-12-03,0,FALSE,0,1,27,24,2022-03-31,NA,2022-03-21
SJS,20212022,2021-12-05,0,FALSE,4,6,27,25,2022-03-31,NA,2022-03-21
SJS,20212022,2021-12-07,2,TRUE,5,3,29,26,2022-03-31,NA,2022-03-21
SJS,20212022,2021-12-09,0,TRUE,2,5,29,27,2022-03-31,NA,2022-03-21
SJS,20212022,2021-12-11,2,TRUE,2,1,31,28,2022-03-31,NA,2022-03-21
SJS,20212022,2021-12-14,0,TRUE,1,3,31,29,2022-03-31,NA,2022-03-21
SJS,20212022,2021-12-16,0,TRUE,2,5,31,30,2022-03-31,NA,2022-03-21
SJS,20212022,2021-12-28,2,TRUE,8,7,33,31,2022-03-31,NA,2022-03-21
SJS,20212022,2021-12-30,2,TRUE,3,2,35,32,2022-03-31,NA,2022-03-21
SJS,20212022,2022-01-02,0,FALSE,5,8,35,33,2022-03-31,NA,2022-03-21
SJS,20212022,2022-01-04,0,FALSE,2,6,35,34,2022-03-31,NA,2022-03-21
SJS,20212022,2022-01-06,2,FALSE,3,2,37,35,2022-03-31,NA,2022-03-21
SJS,20212022,2022-01-08,2,FALSE,3,2,39,36,2022-03-31,NA,2022-03-21
SJS,20212022,2022-01-11,2,TRUE,3,2,41,37,2022-03-31,NA,2022-03-21
SJS,20212022,2022-01-13,0,TRUE,0,3,41,38,2022-03-31,NA,2022-03-21
SJS,20212022,2022-01-15,1,TRUE,1,2,42,39,2022-03-31,NA,2022-03-21
SJS,20212022,2022-01-17,2,TRUE,6,2,44,40,2022-03-31,NA,2022-03-21
SJS,20212022,2022-01-20,0,FALSE,2,3,44,41,2022-03-31,NA,2022-03-21
SJS,20212022,2022-01-22,0,TRUE,1,7,44,42,2022-03-31,NA,2022-03-21
SJS,20212022,2022-01-26,2,FALSE,4,1,46,43,2022-03-31,NA,2022-03-21
SJS,20212022,2022-01-29,1,FALSE,4,5,47,44,2022-03-31,NA,2022-03-21
SJS,20212022,2022-01-30,0,FALSE,1,2,47,45,2022-03-31,NA,2022-03-21
SJS,20212022,2022-02-01,1,FALSE,2,3,48,46,2022-03-31,NA,2022-03-21
SJS,20212022,2022-02-14,0,TRUE,0,3,48,47,2022-03-31,NA,2022-03-21
SJS,20212022,2022-02-17,1,TRUE,4,5,49,48,2022-03-31,NA,2022-03-21
SJS,20212022,2022-02-20,0,TRUE,1,4,49,49,2022-03-31,NA,2022-03-21
SJS,20212022,2022-02-22,1,FALSE,3,4,50,50,2022-03-31,NA,2022-03-21
SJS,20212022,2022-02-24,2,TRUE,4,3,52,51,2022-03-31,NA,2022-03-21
SJS,20212022,2022-02-26,0,TRUE,1,3,52,52,2022-03-31,NA,2022-03-21
SJS,20212022,2022-02-27,2,TRUE,3,1,54,53,2022-03-31,NA,2022-03-21
SJS,20212022,2022-03-01,0,FALSE,1,3,54,54,2022-03-31,NA,2022-03-21
SJS,20212022,2022-03-05,0,TRUE,0,8,54,55,2022-03-31,NA,2022-03-21
SJS,20212022,2022-03-06,1,FALSE,2,3,55,56,2022-03-31,NA,2022-03-21
SJS,20212022,2022-03-10,2,FALSE,4,3,57,57,2022-03-31,NA,2022-03-21
SJS,20212022,2022-03-12,2,TRUE,5,0,59,58,2022-03-31,NA,2022-03-21
SJS,20212022,2022-03-15,1,TRUE,2,3,60,59,2022-03-31,NA,2022-03-21
SJS,20212022,2022-03-17,0,FALSE,0,3,60,60,2022-03-31,NA,2022-03-21
SJS,20212022,2022-03-18,0,TRUE,3,5,60,61,2022-03-31,NA,2022-03-21
SJS,20212022,2022-03-20,2,TRUE,4,2,62,62,2022-03-31,NA,2022-03-21
SJS,20212022,2022-03-22,2,FALSE,4,3,64,63,2022-03-31,NA,2022-03-21
SJS,20212022,2022-03-24,0,FALSE,2,5,64,64,2022-03-31,NA,2022-03-21
SJS,20212022,2022-03-26,2,TRUE,4,1,66,65,2022-03-31,NA,2022-03-21
SJS,20212022,2022-03-30,0,FALSE,2,5,66,66,2022-03-31,NA,2022-03-21
SJS,20212022,2022-03-31,0,FALSE,2,4,66,67,2022-03-31,NA,2022-03-21
SJS,20212022,2022-04-02,0,TRUE,4,5,66,68,2022-03-31,NA,2022-03-21
SJS,20212022,2022-04-05,1,TRUE,1,2,67,69,2022-03-31,NA,2022-03-21
SJS,20212022,2022-04-07,0,TRUE,2,4,67,70,2022-03-31,NA,2022-03-21
SJS,20212022,2022-04-09,0,FALSE,2,4,67,71,2022-03-31,NA,2022-03-21
SJS,20212022,2022-04-12,1,FALSE,0,1,68,72,2022-03-31,NA,2022-03-21
SJS,20212022,2022-04-14,1,FALSE,4,5,69,73,2022-03-31,NA,2022-03-21
SJS,20212022,2022-04-16,0,FALSE,1,2,69,74,2022-03-31,NA,2022-03-21
SJS,20212022,2022-04-17,1,FALSE,4,5,70,75,2022-03-31,NA,2022-03-21
SJS,20212022,2022-04-19,2,TRUE,3,2,72,76,2022-03-31,NA,2022-03-21
SJS,20212022,2022-04-21,0,TRUE,1,3,72,77,2022-03-31,NA,2022-03-21
SJS,20212022,2022-04-23,2,TRUE,4,1,74,78,2022-03-31,NA,2022-03-21
SJS,20212022,2022-04-24,2,FALSE,5,4,76,79,2022-03-31,NA,2022-03-21
SJS,20212022,2022-04-26,0,TRUE,2,5,76,80,2022-03-31,NA,2022-03-21
SJS,20212022,2022-04-28,1,FALSE,4,5,77,81,2022-03-31,NA,2022-03-21
SJS,20212022,2022-04-29,0,FALSE,0,3,77,82,2022-03-31,NA,2022-03-21
SJS,20222023,2022-10-07,0,FALSE,1,4,0,1,2023-02-25,NA,2023-03-03
SJS,20222023,2022-10-08,0,TRUE,2,3,0,2,2023-02-25,NA,2023-03-03
SJS,20222023,2022-10-14,0,TRUE,1,2,0,3,2023-02-25,NA,2023-03-03
SJS,20222023,2022-10-15,0,TRUE,2,5,0,4,2023-02-25,NA,2023-03-03
SJS,20222023,2022-10-18,0,FALSE,2,5,0,5,2023-02-25,NA,2023-03-03
SJS,20222023,2022-10-20,2,FALSE,3,2,2,6,2023-02-25,NA,2023-03-03
SJS,20222023,2022-10-22,0,FALSE,1,2,2,7,2023-02-25,NA,2023-03-03
SJS,20222023,2022-10-23,2,FALSE,3,0,4,8,2023-02-25,NA,2023-03-03
SJS,20222023,2022-10-25,0,TRUE,2,4,4,9,2023-02-25,NA,2023-03-03
SJS,20222023,2022-10-27,2,TRUE,4,3,6,10,2023-02-25,NA,2023-03-03
SJS,20222023,2022-10-29,0,TRUE,3,4,6,11,2023-02-25,NA,2023-03-03
SJS,20222023,2022-11-01,1,TRUE,5,6,7,12,2023-02-25,NA,2023-03-03
SJS,20222023,2022-11-03,1,TRUE,3,4,8,13,2023-02-25,NA,2023-03-03
SJS,20222023,2022-11-05,1,TRUE,4,5,9,14,2023-02-25,NA,2023-03-03
SJS,20222023,2022-11-10,0,FALSE,3,5,9,15,2023-02-25,NA,2023-03-03
SJS,20222023,2022-11-11,2,FALSE,5,4,11,16,2023-02-25,NA,2023-03-03
SJS,20222023,2022-11-13,2,FALSE,3,2,13,17,2023-02-25,NA,2023-03-03
SJS,20222023,2022-11-15,2,FALSE,5,2,15,18,2023-02-25,NA,2023-03-03
SJS,20222023,2022-11-17,0,TRUE,4,7,15,19,2023-02-25,NA,2023-03-03
SJS,20222023,2022-11-19,0,TRUE,1,2,15,20,2023-02-25,NA,2023-03-03
SJS,20222023,2022-11-21,2,TRUE,5,1,17,21,2023-02-25,NA,2023-03-03
SJS,20222023,2022-11-23,0,FALSE,5,8,17,22,2023-02-25,NA,2023-03-03
SJS,20222023,2022-11-25,0,TRUE,2,5,17,23,2023-02-25,NA,2023-03-03
SJS,20222023,2022-11-27,1,TRUE,3,4,18,24,2023-02-25,NA,2023-03-03
SJS,20222023,2022-11-29,2,FALSE,4,0,20,25,2023-02-25,NA,2023-03-03
SJS,20222023,2022-11-30,0,FALSE,1,3,20,26,2023-02-25,NA,2023-03-03
SJS,20222023,2022-12-03,0,FALSE,2,5,20,27,2023-02-25,NA,2023-03-03
SJS,20222023,2022-12-04,0,FALSE,3,6,20,28,2023-02-25,NA,2023-03-03
SJS,20222023,2022-12-07,1,TRUE,5,6,21,29,2023-02-25,NA,2023-03-03
SJS,20222023,2022-12-09,2,FALSE,6,1,23,30,2023-02-25,NA,2023-03-03
SJS,20222023,2022-12-13,2,TRUE,3,2,25,31,2023-02-25,NA,2023-03-03
SJS,20222023,2022-12-17,1,FALSE,2,3,26,32,2023-02-25,NA,2023-03-03
SJS,20222023,2022-12-18,0,TRUE,2,5,26,33,2023-02-25,NA,2023-03-03
SJS,20222023,2022-12-20,0,TRUE,3,7,26,34,2023-02-25,NA,2023-03-03
SJS,20222023,2022-12-22,2,TRUE,5,2,28,35,2023-02-25,NA,2023-03-03
SJS,20222023,2022-12-27,0,FALSE,2,6,28,36,2023-02-25,NA,2023-03-03
SJS,20222023,2022-12-29,1,TRUE,3,4,29,37,2023-02-25,NA,2023-03-03
SJS,20222023,2022-12-31,0,FALSE,2,5,29,38,2023-02-25,NA,2023-03-03
SJS,20222023,2023-01-01,2,FALSE,5,2,31,39,2023-02-25,NA,2023-03-03
SJS,20222023,2023-01-06,1,FALSE,4,5,32,40,2023-02-25,NA,2023-03-03
SJS,20222023,2023-01-07,0,TRUE,2,4,32,41,2023-02-25,NA,2023-03-03
SJS,20222023,2023-01-10,2,FALSE,4,2,34,42,2023-02-25,NA,2023-03-03
SJS,20222023,2023-01-11,0,FALSE,3,4,34,43,2023-02-25,NA,2023-03-03
SJS,20222023,2023-01-13,0,TRUE,1,7,34,44,2023-02-25,NA,2023-03-03
SJS,20222023,2023-01-16,1,TRUE,3,4,35,45,2023-02-25,NA,2023-03-03
SJS,20222023,2023-01-18,2,TRUE,5,3,37,46,2023-02-25,NA,2023-03-03
SJS,20222023,2023-01-21,0,FALSE,3,5,37,47,2023-02-25,NA,2023-03-03
SJS,20222023,2023-01-22,0,FALSE,0,4,37,48,2023-02-25,NA,2023-03-03
SJS,20222023,2023-01-24,1,FALSE,2,3,38,49,2023-02-25,NA,2023-03-03
SJS,20222023,2023-01-27,1,FALSE,4,5,39,50,2023-02-25,NA,2023-03-03
SJS,20222023,2023-01-28,2,FALSE,6,4,41,51,2023-02-25,NA,2023-03-03
SJS,20222023,2023-02-07,2,FALSE,4,3,43,52,2023-02-25,NA,2023-03-03
SJS,20222023,2023-02-09,0,FALSE,1,4,43,53,2023-02-25,NA,2023-03-03
SJS,20222023,2023-02-12,2,FALSE,4,1,45,54,2023-02-25,NA,2023-03-03
SJS,20222023,2023-02-14,0,TRUE,1,3,45,55,2023-02-25,NA,2023-03-03
SJS,20222023,2023-02-16,0,FALSE,1,2,45,56,2023-02-25,NA,2023-03-03
SJS,20222023,2023-02-18,0,TRUE,2,4,45,57,2023-02-25,NA,2023-03-03
SJS,20222023,2023-02-20,2,TRUE,4,0,47,58,2023-02-25,NA,2023-03-03
SJS,20222023,2023-02-23,0,TRUE,2,6,47,59,2023-02-25,NA,2023-03-03
SJS,20222023,2023-02-25,1,TRUE,3,4,48,60,2023-02-25,NA,2023-03-03
SJS,20222023,2023-02-28,0,TRUE,1,3,48,61,2023-02-25,NA,2023-03-03
SJS,20222023,2023-03-02,0,TRUE,3,6,48,62,2023-02-25,NA,2023-03-03
SJS,20222023,2023-03-04,0,TRUE,3,8,48,63,2023-02-25,NA,2023-03-03
SJS,20222023,2023-03-06,2,FALSE,3,2,50,64,2023-02-25,NA,2023-03-03
SJS,20222023,2023-03-07,0,FALSE,0,6,50,65,2023-02-25,NA,2023-03-03
SJS,20222023,2023-03-09,0,FALSE,2,4,50,66,2023-02-25,NA,2023-03-03
SJS,20222023,2023-03-11,0,TRUE,2,5,50,67,2023-02-25,NA,2023-03-03
SJS,20222023,2023-03-14,1,TRUE,5,6,51,68,2023-02-25,NA,2023-03-03
SJS,20222023,2023-03-16,1,TRUE,1,2,52,69,2023-02-25,NA,2023-03-03
SJS,20222023,2023-03-18,0,TRUE,1,4,52,70,2023-02-25,NA,2023-03-03
SJS,20222023,2023-03-20,1,FALSE,4,5,53,71,2023-02-25,NA,2023-03-03
SJS,20222023,2023-03-23,0,FALSE,2,7,53,72,2023-02-25,NA,2023-03-03
SJS,20222023,2023-03-25,0,FALSE,3,5,53,73,2023-02-25,NA,2023-03-03
SJS,20222023,2023-03-28,2,TRUE,3,0,55,74,2023-02-25,NA,2023-03-03
SJS,20222023,2023-03-30,2,TRUE,4,3,57,75,2023-02-25,NA,2023-03-03
SJS,20222023,2023-04-01,2,FALSE,7,2,59,76,2023-02-25,NA,2023-03-03
SJS,20222023,2023-04-04,1,TRUE,3,4,60,77,2023-02-25,NA,2023-03-03
SJS,20222023,2023-04-06,0,TRUE,2,6,60,78,2023-02-25,NA,2023-03-03
SJS,20222023,2023-04-08,0,TRUE,1,6,60,79,2023-02-25,NA,2023-03-03
SJS,20222023,2023-04-10,0,FALSE,2,6,60,80,2023-02-25,NA,2023-03-03
SJS,20222023,2023-04-12,0,FALSE,1,3,60,81,2023-02-25,NA,2023-03-03
SJS,20222023,2023-04-13,0,FALSE,2,5,60,82,2023-02-25,NA,2023-03-03
SJS,20232024,2023-10-12,0,TRUE,1,4,0,1,2024-02-17,NA,2024-03-08
SJS,20232024,2023-10-14,1,TRUE,1,2,1,2,2024-02-17,NA,2024-03-08
SJS,20232024,2023-10-17,0,TRUE,3,6,1,3,2024-02-17,NA,2024-03-08
SJS,20232024,2023-10-19,0,TRUE,1,3,1,4,2024-02-17,NA,2024-03-08
SJS,20232024,2023-10-21,0,FALSE,1,5,1,5,2024-02-17,NA,2024-03-08
SJS,20232024,2023-10-24,0,FALSE,1,3,1,6,2024-02-17,NA,2024-03-08
SJS,20232024,2023-10-26,0,FALSE,0,6,1,7,2024-02-17,NA,2024-03-08
SJS,20232024,2023-10-27,0,FALSE,0,3,1,8,2024-02-17,NA,2024-03-08
SJS,20232024,2023-10-29,0,FALSE,1,3,1,9,2024-02-17,NA,2024-03-08
SJS,20232024,2023-11-02,0,TRUE,1,10,1,10,2024-02-17,NA,2024-03-08
SJS,20232024,2023-11-04,0,TRUE,2,10,1,11,2024-02-17,NA,2024-03-08
SJS,20232024,2023-11-07,2,TRUE,2,1,3,12,2024-02-17,NA,2024-03-08
SJS,20232024,2023-11-09,2,TRUE,3,2,5,13,2024-02-17,NA,2024-03-08
SJS,20232024,2023-11-10,0,FALSE,0,5,5,14,2024-02-17,NA,2024-03-08
SJS,20232024,2023-11-12,0,FALSE,1,4,5,15,2024-02-17,NA,2024-03-08
SJS,20232024,2023-11-14,0,TRUE,3,5,5,16,2024-02-17,NA,2024-03-08
SJS,20232024,2023-11-16,2,TRUE,5,1,7,17,2024-02-17,NA,2024-03-08
SJS,20232024,2023-11-20,0,FALSE,1,3,7,18,2024-02-17,NA,2024-03-08
SJS,20232024,2023-11-22,0,FALSE,1,7,7,19,2024-02-17,NA,2024-03-08
SJS,20232024,2023-11-24,1,TRUE,2,3,8,20,2024-02-17,NA,2024-03-08
SJS,20232024,2023-11-25,2,TRUE,4,3,10,21,2024-02-17,NA,2024-03-08
SJS,20232024,2023-11-27,2,TRUE,2,1,12,22,2024-02-17,NA,2024-03-08
SJS,20232024,2023-11-30,0,FALSE,0,3,12,23,2024-02-17,NA,2024-03-08
SJS,20232024,2023-12-01,2,FALSE,6,3,14,24,2024-02-17,NA,2024-03-08
SJS,20232024,2023-12-03,0,FALSE,5,6,14,25,2024-02-17,NA,2024-03-08
SJS,20232024,2023-12-05,2,FALSE,5,4,16,26,2024-02-17,NA,2024-03-08
SJS,20232024,2023-12-07,2,FALSE,6,5,18,27,2024-02-17,NA,2024-03-08
SJS,20232024,2023-12-10,1,FALSE,4,5,19,28,2024-02-17,NA,2024-03-08
SJS,20232024,2023-12-12,2,TRUE,2,1,21,29,2024-02-17,NA,2024-03-08
SJS,20232024,2023-12-15,0,FALSE,0,1,21,30,2024-02-17,NA,2024-03-08
SJS,20232024,2023-12-17,0,FALSE,2,6,21,31,2024-02-17,NA,2024-03-08
SJS,20232024,2023-12-19,0,TRUE,1,4,21,32,2024-02-17,NA,2024-03-08
SJS,20232024,2023-12-21,0,TRUE,2,5,21,33,2024-02-17,NA,2024-03-08
SJS,20232024,2023-12-23,0,FALSE,4,7,21,34,2024-02-17,NA,2024-03-08
SJS,20232024,2023-12-27,0,FALSE,1,5,21,35,2024-02-17,NA,2024-03-08
SJS,20232024,2023-12-28,0,TRUE,0,5,21,36,2024-02-17,NA,2024-03-08
SJS,20232024,2023-12-31,0,FALSE,1,3,21,37,2024-02-17,NA,2024-03-08
SJS,20232024,2024-01-02,0,TRUE,3,5,21,38,2024-02-17,NA,2024-03-08
SJS,20232024,2024-01-04,0,TRUE,1,2,21,39,2024-02-17,NA,2024-03-08
SJS,20232024,2024-01-06,0,TRUE,1,4,21,40,2024-02-17,NA,2024-03-08
SJS,20232024,2024-01-09,0,FALSE,1,7,21,41,2024-02-17,NA,2024-03-08
SJS,20232024,2024-01-11,2,FALSE,3,2,23,42,2024-02-17,NA,2024-03-08
SJS,20232024,2024-01-13,0,FALSE,4,5,23,43,2024-02-17,NA,2024-03-08
SJS,20232024,2024-01-15,0,FALSE,0,3,23,44,2024-02-17,NA,2024-03-08
SJS,20232024,2024-01-16,1,FALSE,1,2,24,45,2024-02-17,NA,2024-03-08
SJS,20232024,2024-01-20,2,TRUE,5,3,26,46,2024-02-17,NA,2024-03-08
SJS,20232024,2024-01-22,2,FALSE,4,3,28,47,2024-02-17,NA,2024-03-08
SJS,20232024,2024-01-23,2,TRUE,3,2,30,48,2024-02-17,NA,2024-03-08
SJS,20232024,2024-01-27,0,TRUE,2,5,30,49,2024-02-17,NA,2024-03-08
SJS,20232024,2024-01-30,2,TRUE,2,0,32,50,2024-02-17,NA,2024-03-08
SJS,20232024,2024-01-31,1,FALSE,2,3,33,51,2024-02-17,NA,2024-03-08
SJS,20232024,2024-02-14,0,FALSE,0,1,33,52,2024-02-17,NA,2024-03-08
SJS,20232024,2024-02-15,2,FALSE,6,3,35,53,2024-02-17,NA,2024-03-08
SJS,20232024,2024-02-17,0,TRUE,3,4,35,54,2024-02-17,NA,2024-03-08
SJS,20232024,2024-02-19,0,TRUE,0,4,35,55,2024-02-17,NA,2024-03-08
SJS,20232024,2024-02-24,0,TRUE,2,4,35,56,2024-02-17,NA,2024-03-08
SJS,20232024,2024-02-27,0,TRUE,2,7,35,57,2024-02-17,NA,2024-03-08
SJS,20232024,2024-02-29,0,TRUE,4,6,35,58,2024-02-17,NA,2024-03-08
SJS,20232024,2024-03-02,1,FALSE,2,3,36,59,2024-02-17,NA,2024-03-08
SJS,20232024,2024-03-03,0,FALSE,3,4,36,60,2024-02-17,NA,2024-03-08
SJS,20232024,2024-03-05,1,TRUE,6,7,37,61,2024-02-17,NA,2024-03-08
SJS,20232024,2024-03-07,0,TRUE,2,7,37,62,2024-02-17,NA,2024-03-08
SJS,20232024,2024-03-09,2,TRUE,2,1,39,63,2024-02-17,NA,2024-03-08
SJS,20232024,2024-03-12,0,FALSE,2,3,39,64,2024-02-17,NA,2024-03-08
SJS,20232024,2024-03-14,0,FALSE,3,6,39,65,2024-02-17,NA,2024-03-08
SJS,20232024,2024-03-16,0,FALSE,2,4,39,66,2024-02-17,NA,2024-03-08
SJS,20232024,2024-03-17,0,FALSE,2,5,39,67,2024-02-17,NA,2024-03-08
SJS,20232024,2024-03-19,0,FALSE,2,8,39,68,2024-02-17,NA,2024-03-08
SJS,20232024,2024-03-21,0,TRUE,1,4,39,69,2024-02-17,NA,2024-03-08
SJS,20232024,2024-03-23,1,TRUE,4,5,40,70,2024-02-17,NA,2024-03-08
SJS,20232024,2024-03-26,0,TRUE,3,6,40,71,2024-02-17,NA,2024-03-08
SJS,20232024,2024-03-28,0,FALSE,1,3,40,72,2024-02-17,NA,2024-03-08
SJS,20232024,2024-03-30,2,FALSE,4,0,42,73,2024-02-17,NA,2024-03-08
SJS,20232024,2024-04-01,0,TRUE,2,4,42,74,2024-02-17,NA,2024-03-08
SJS,20232024,2024-04-04,0,TRUE,1,2,42,75,2024-02-17,NA,2024-03-08
SJS,20232024,2024-04-06,2,TRUE,3,2,44,76,2024-02-17,NA,2024-03-08
SJS,20232024,2024-04-07,0,TRUE,2,5,44,77,2024-02-17,NA,2024-03-08
SJS,20232024,2024-04-09,1,TRUE,2,3,45,78,2024-02-17,NA,2024-03-08
SJS,20232024,2024-04-11,2,FALSE,3,1,47,79,2024-02-17,NA,2024-03-08
SJS,20232024,2024-04-13,0,TRUE,2,6,47,80,2024-02-17,NA,2024-03-08
SJS,20232024,2024-04-15,0,FALSE,2,9,47,81,2024-02-17,NA,2024-03-08
SJS,20232024,2024-04-18,0,FALSE,1,5,47,82,2024-02-17,NA,2024-03-08
STL,20212022,2021-10-16,2,FALSE,5,3,2,1,NA,2022-04-12,2022-03-21
STL,20212022,2021-10-18,2,FALSE,7,4,4,2,NA,2022-04-12,2022-03-21
STL,20212022,2021-10-20,2,FALSE,3,1,6,3,NA,2022-04-12,2022-03-21
STL,20212022,2021-10-23,2,TRUE,7,3,8,4,NA,2022-04-12,2022-03-21
STL,20212022,2021-10-25,2,TRUE,3,0,10,5,NA,2022-04-12,2022-03-21
STL,20212022,2021-10-28,0,TRUE,3,4,10,6,NA,2022-04-12,2022-03-21
STL,20212022,2021-10-30,2,TRUE,1,0,12,7,NA,2022-04-12,2022-03-21
STL,20212022,2021-11-03,1,FALSE,2,3,13,8,NA,2022-04-12,2022-03-21
STL,20212022,2021-11-04,2,FALSE,5,3,15,9,NA,2022-04-12,2022-03-21
STL,20212022,2021-11-07,0,FALSE,1,4,15,10,NA,2022-04-12,2022-03-21
STL,20212022,2021-11-09,2,FALSE,3,2,17,11,NA,2022-04-12,2022-03-21
STL,20212022,2021-11-11,1,TRUE,3,4,18,12,NA,2022-04-12,2022-03-21
STL,20212022,2021-11-13,0,FALSE,2,3,18,13,NA,2022-04-12,2022-03-21
STL,20212022,2021-11-14,0,TRUE,4,5,18,14,NA,2022-04-12,2022-03-21
STL,20212022,2021-11-16,0,TRUE,2,3,18,15,NA,2022-04-12,2022-03-21
STL,20212022,2021-11-18,2,TRUE,4,1,20,16,NA,2022-04-12,2022-03-21
STL,20212022,2021-11-20,0,FALSE,1,4,20,17,NA,2022-04-12,2022-03-21
STL,20212022,2021-11-22,2,TRUE,5,2,22,18,NA,2022-04-12,2022-03-21
STL,20212022,2021-11-24,0,FALSE,2,4,22,19,NA,2022-04-12,2022-03-21
STL,20212022,2021-11-26,1,FALSE,2,3,23,20,NA,2022-04-12,2022-03-21
STL,20212022,2021-11-27,2,TRUE,6,3,25,21,NA,2022-04-12,2022-03-21
STL,20212022,2021-11-30,2,TRUE,4,3,27,22,NA,2022-04-12,2022-03-21
STL,20212022,2021-12-02,0,FALSE,2,4,27,23,NA,2022-04-12,2022-03-21
STL,20212022,2021-12-04,1,FALSE,3,4,28,24,NA,2022-04-12,2022-03-21
STL,20212022,2021-12-07,2,TRUE,4,3,30,25,NA,2022-04-12,2022-03-21
STL,20212022,2021-12-09,2,TRUE,6,2,32,26,NA,2022-04-12,2022-03-21
STL,20212022,2021-12-11,2,TRUE,4,1,34,27,NA,2022-04-12,2022-03-21
STL,20212022,2021-12-12,1,TRUE,2,3,35,28,NA,2022-04-12,2022-03-21
STL,20212022,2021-12-14,2,FALSE,4,1,37,29,NA,2022-04-12,2022-03-21
STL,20212022,2021-12-17,2,TRUE,4,1,39,30,NA,2022-04-12,2022-03-21
STL,20212022,2021-12-19,0,FALSE,2,4,39,31,NA,2022-04-12,2022-03-21
STL,20212022,2021-12-29,2,TRUE,4,2,41,32,NA,2022-04-12,2022-03-21
STL,20212022,2022-01-01,2,FALSE,6,4,43,33,NA,2022-04-12,2022-03-21
STL,20212022,2022-01-05,0,FALSE,3,5,43,34,NA,2022-04-12,2022-03-21
STL,20212022,2022-01-07,2,TRUE,5,1,45,35,NA,2022-04-12,2022-03-21
STL,20212022,2022-01-09,2,TRUE,2,1,47,36,NA,2022-04-12,2022-03-21
STL,20212022,2022-01-13,2,TRUE,2,1,49,37,NA,2022-04-12,2022-03-21
STL,20212022,2022-01-15,0,TRUE,5,6,49,38,NA,2022-04-12,2022-03-21
STL,20212022,2022-01-17,2,TRUE,5,3,51,39,NA,2022-04-12,2022-03-21
STL,20212022,2022-01-21,2,FALSE,5,0,53,40,NA,2022-04-12,2022-03-21
STL,20212022,2022-01-23,2,FALSE,3,1,55,41,NA,2022-04-12,2022-03-21
STL,20212022,2022-01-24,0,FALSE,1,7,55,42,NA,2022-04-12,2022-03-21
STL,20212022,2022-01-27,2,TRUE,5,1,57,43,NA,2022-04-12,2022-03-21
STL,20212022,2022-01-29,0,TRUE,1,4,57,44,NA,2022-04-12,2022-03-21
STL,20212022,2022-02-10,0,TRUE,4,7,57,45,NA,2022-04-12,2022-03-21
STL,20212022,2022-02-12,2,TRUE,5,1,59,46,NA,2022-04-12,2022-03-21
STL,20212022,2022-02-15,2,FALSE,5,2,61,47,NA,2022-04-12,2022-03-21
STL,20212022,2022-02-17,1,FALSE,2,3,62,48,NA,2022-04-12,2022-03-21
STL,20212022,2022-02-19,2,FALSE,6,3,64,49,NA,2022-04-12,2022-03-21
STL,20212022,2022-02-22,2,FALSE,4,1,66,50,NA,2022-04-12,2022-03-21
STL,20212022,2022-02-25,2,TRUE,5,3,68,51,NA,2022-04-12,2022-03-21
STL,20212022,2022-02-27,2,FALSE,4,0,70,52,NA,2022-04-12,2022-03-21
STL,20212022,2022-03-02,0,FALSE,3,5,70,53,NA,2022-04-12,2022-03-21
STL,20212022,2022-03-05,0,FALSE,1,2,70,54,NA,2022-04-12,2022-03-21
STL,20212022,2022-03-06,1,FALSE,2,3,71,55,NA,2022-04-12,2022-03-21
STL,20212022,2022-03-08,0,TRUE,1,4,71,56,NA,2022-04-12,2022-03-21
STL,20212022,2022-03-10,2,TRUE,6,2,73,57,NA,2022-04-12,2022-03-21
STL,20212022,2022-03-12,2,FALSE,7,4,75,58,NA,2022-04-12,2022-03-21
STL,20212022,2022-03-13,1,TRUE,3,4,76,59,NA,2022-04-12,2022-03-21
STL,20212022,2022-03-17,1,TRUE,2,3,77,60,NA,2022-04-12,2022-03-21
STL,20212022,2022-03-19,0,FALSE,4,5,77,61,NA,2022-04-12,2022-03-21
STL,20212022,2022-03-22,2,FALSE,5,2,79,62,NA,2022-04-12,2022-03-21
STL,20212022,2022-03-24,0,TRUE,2,5,79,63,NA,2022-04-12,2022-03-21
STL,20212022,2022-03-26,0,TRUE,2,7,79,64,NA,2022-04-12,2022-03-21
STL,20212022,2022-03-28,2,TRUE,4,1,81,65,NA,2022-04-12,2022-03-21
STL,20212022,2022-03-30,2,FALSE,4,3,83,66,NA,2022-04-12,2022-03-21
STL,20212022,2022-04-01,1,FALSE,5,6,84,67,NA,2022-04-12,2022-03-21
STL,20212022,2022-04-02,2,FALSE,6,4,86,68,NA,2022-04-12,2022-03-21
STL,20212022,2022-04-04,2,TRUE,5,1,88,69,NA,2022-04-12,2022-03-21
STL,20212022,2022-04-06,2,TRUE,4,1,90,70,NA,2022-04-12,2022-03-21
STL,20212022,2022-04-08,2,TRUE,4,3,92,71,NA,2022-04-12,2022-03-21
STL,20212022,2022-04-09,2,TRUE,6,1,94,72,NA,2022-04-12,2022-03-21
STL,20212022,2022-04-12,2,FALSE,4,2,96,73,NA,2022-04-12,2022-03-21
STL,20212022,2022-04-14,2,FALSE,6,2,98,74,NA,2022-04-12,2022-03-21
STL,20212022,2022-04-16,2,TRUE,6,5,100,75,NA,2022-04-12,2022-03-21
STL,20212022,2022-04-17,2,FALSE,8,3,102,76,NA,2022-04-12,2022-03-21
STL,20212022,2022-04-19,1,TRUE,2,3,103,77,NA,2022-04-12,2022-03-21
STL,20212022,2022-04-21,2,FALSE,3,1,105,78,NA,2022-04-12,2022-03-21
STL,20212022,2022-04-23,2,FALSE,5,4,107,79,NA,2022-04-12,2022-03-21
STL,20212022,2022-04-24,2,FALSE,6,3,109,80,NA,2022-04-12,2022-03-21
STL,20212022,2022-04-26,0,FALSE,3,5,109,81,NA,2022-04-12,2022-03-21
STL,20212022,2022-04-29,0,TRUE,4,7,109,82,NA,2022-04-12,2022-03-21
STL,20222023,2022-10-15,2,TRUE,5,2,2,1,2023-03-21,NA,2023-03-03
STL,20222023,2022-10-19,2,FALSE,4,3,4,2,2023-03-21,NA,2023-03-03
STL,20222023,2022-10-22,2,FALSE,2,0,6,3,2023-03-21,NA,2023-03-03
STL,20222023,2022-10-24,0,FALSE,0,4,6,4,2023-03-21,NA,2023-03-03
STL,20222023,2022-10-26,0,TRUE,1,3,6,5,2023-03-21,NA,2023-03-03
STL,20222023,2022-10-27,0,FALSE,2,6,6,6,2023-03-21,NA,2023-03-03
STL,20222023,2022-10-29,0,TRUE,4,7,6,7,2023-03-21,NA,2023-03-03
STL,20222023,2022-10-31,0,TRUE,1,5,6,8,2023-03-21,NA,2023-03-03
STL,20222023,2022-11-03,0,TRUE,2,5,6,9,2023-03-21,NA,2023-03-03
STL,20222023,2022-11-07,0,FALSE,1,3,6,10,2023-03-21,NA,2023-03-03
STL,20222023,2022-11-08,0,FALSE,1,5,6,11,2023-03-21,NA,2023-03-03
STL,20222023,2022-11-10,2,TRUE,5,3,8,12,2023-03-21,NA,2023-03-03
STL,20222023,2022-11-12,2,FALSE,3,2,10,13,2023-03-21,NA,2023-03-03
STL,20222023,2022-11-14,2,FALSE,3,2,12,14,2023-03-21,NA,2023-03-03
STL,20222023,2022-11-16,2,FALSE,5,2,14,15,2023-03-21,NA,2023-03-03
STL,20222023,2022-11-17,2,TRUE,5,4,16,16,2023-03-21,NA,2023-03-03
STL,20222023,2022-11-19,2,TRUE,6,2,18,17,2023-03-21,NA,2023-03-03
STL,20222023,2022-11-21,2,TRUE,3,1,20,18,2023-03-21,NA,2023-03-03
STL,20222023,2022-11-23,0,FALSE,2,6,20,19,2023-03-21,NA,2023-03-03
STL,20222023,2022-11-25,0,FALSE,2,5,20,20,2023-03-21,NA,2023-03-03
STL,20222023,2022-11-26,2,FALSE,5,4,22,21,2023-03-21,NA,2023-03-03
STL,20222023,2022-11-28,0,TRUE,1,4,22,22,2023-03-21,NA,2023-03-03
STL,20222023,2022-12-01,0,TRUE,4,6,22,23,2023-03-21,NA,2023-03-03
STL,20222023,2022-12-03,0,FALSE,2,6,22,24,2023-03-21,NA,2023-03-03
STL,20222023,2022-12-05,0,FALSE,4,6,22,25,2023-03-21,NA,2023-03-03
STL,20222023,2022-12-06,2,FALSE,7,4,24,26,2023-03-21,NA,2023-03-03
STL,20222023,2022-12-08,0,TRUE,2,5,24,27,2023-03-21,NA,2023-03-03
STL,20222023,2022-12-11,1,TRUE,2,3,25,28,2023-03-21,NA,2023-03-03
STL,20222023,2022-12-12,2,TRUE,1,0,27,29,2023-03-21,NA,2023-03-03
STL,20222023,2022-12-15,2,FALSE,4,3,29,30,2023-03-21,NA,2023-03-03
STL,20222023,2022-12-16,2,FALSE,5,2,31,31,2023-03-21,NA,2023-03-03
STL,20222023,2022-12-19,2,FALSE,5,1,33,32,2023-03-21,NA,2023-03-03
STL,20222023,2022-12-20,0,FALSE,2,5,33,33,2023-03-21,NA,2023-03-03
STL,20222023,2022-12-23,1,FALSE,4,5,34,34,2023-03-21,NA,2023-03-03
STL,20222023,2022-12-27,1,TRUE,4,5,35,35,2023-03-21,NA,2023-03-03
STL,20222023,2022-12-29,2,TRUE,3,1,37,36,2023-03-21,NA,2023-03-03
STL,20222023,2022-12-31,0,TRUE,2,5,37,37,2023-03-21,NA,2023-03-03
STL,20222023,2023-01-03,2,FALSE,6,5,39,38,2023-03-21,NA,2023-03-03
STL,20222023,2023-01-05,2,FALSE,5,3,41,39,2023-03-21,NA,2023-03-03
STL,20222023,2023-01-07,0,FALSE,4,5,41,40,2023-03-21,NA,2023-03-03
STL,20222023,2023-01-08,2,FALSE,3,0,43,41,2023-03-21,NA,2023-03-03
STL,20222023,2023-01-10,2,TRUE,4,3,45,42,2023-03-21,NA,2023-03-03
STL,20222023,2023-01-12,0,TRUE,1,4,45,43,2023-03-21,NA,2023-03-03
STL,20222023,2023-01-14,0,TRUE,2,4,45,44,2023-03-21,NA,2023-03-03
STL,20222023,2023-01-16,2,TRUE,2,1,47,45,2023-03-21,NA,2023-03-03
STL,20222023,2023-01-19,2,TRUE,5,2,49,46,2023-03-21,NA,2023-03-03
STL,20222023,2023-01-21,0,TRUE,3,5,49,47,2023-03-21,NA,2023-03-03
STL,20222023,2023-01-24,0,TRUE,3,5,49,48,2023-03-21,NA,2023-03-03
STL,20222023,2023-01-26,0,FALSE,0,5,49,49,2023-03-21,NA,2023-03-03
STL,20222023,2023-01-28,0,FALSE,2,4,49,50,2023-03-21,NA,2023-03-03
STL,20222023,2023-01-30,0,FALSE,2,4,49,51,2023-03-21,NA,2023-03-03
STL,20222023,2023-02-11,2,TRUE,6,5,51,52,2023-03-21,NA,2023-03-03
STL,20222023,2023-02-14,2,TRUE,6,2,53,53,2023-03-21,NA,2023-03-03
STL,20222023,2023-02-16,2,TRUE,4,2,55,54,2023-03-21,NA,2023-03-03
STL,20222023,2023-02-18,0,TRUE,1,4,55,55,2023-03-21,NA,2023-03-03
STL,20222023,2023-02-19,0,FALSE,2,7,55,56,2023-03-21,NA,2023-03-03
STL,20222023,2023-02-21,0,FALSE,1,4,55,57,2023-03-21,NA,2023-03-03
STL,20222023,2023-02-23,1,TRUE,2,3,56,58,2023-03-21,NA,2023-03-03
STL,20222023,2023-02-25,1,TRUE,2,3,57,59,2023-03-21,NA,2023-03-03
STL,20222023,2023-02-28,0,TRUE,3,5,57,60,2023-03-21,NA,2023-03-03
STL,20222023,2023-03-02,2,FALSE,6,3,59,61,2023-03-21,NA,2023-03-03
STL,20222023,2023-03-04,0,FALSE,2,4,59,62,2023-03-21,NA,2023-03-03
STL,20222023,2023-03-07,0,FALSE,2,6,59,63,2023-03-21,NA,2023-03-03
STL,20222023,2023-03-09,2,TRUE,4,2,61,64,2023-03-21,NA,2023-03-03
STL,20222023,2023-03-11,2,FALSE,5,2,63,65,2023-03-21,NA,2023-03-03
STL,20222023,2023-03-12,0,TRUE,3,5,63,66,2023-03-21,NA,2023-03-03
STL,20222023,2023-03-15,0,TRUE,5,8,63,67,2023-03-21,NA,2023-03-03
STL,20222023,2023-03-17,2,FALSE,5,2,65,68,2023-03-21,NA,2023-03-03
STL,20222023,2023-03-19,2,TRUE,3,0,67,69,2023-03-21,NA,2023-03-03
STL,20222023,2023-03-21,1,TRUE,2,3,68,70,2023-03-21,NA,2023-03-03
STL,20222023,2023-03-23,2,FALSE,4,3,70,71,2023-03-21,NA,2023-03-03
STL,20222023,2023-03-25,2,FALSE,6,3,72,72,2023-03-21,NA,2023-03-03
STL,20222023,2023-03-26,0,FALSE,6,7,72,73,2023-03-21,NA,2023-03-03
STL,20222023,2023-03-28,2,TRUE,6,5,74,74,2023-03-21,NA,2023-03-03
STL,20222023,2023-03-30,2,FALSE,5,3,76,75,2023-03-21,NA,2023-03-03
STL,20222023,2023-04-01,0,FALSE,1,6,76,76,2023-03-21,NA,2023-03-03
STL,20222023,2023-04-02,1,TRUE,3,4,77,77,2023-03-21,NA,2023-03-03
STL,20222023,2023-04-04,2,TRUE,4,2,79,78,2023-03-21,NA,2023-03-03
STL,20222023,2023-04-06,2,TRUE,3,2,81,79,2023-03-21,NA,2023-03-03
STL,20222023,2023-04-08,0,FALSE,3,5,81,80,2023-03-21,NA,2023-03-03
STL,20222023,2023-04-12,0,TRUE,2,5,81,81,2023-03-21,NA,2023-03-03
STL,20222023,2023-04-13,0,FALSE,0,1,81,82,2023-03-21,NA,2023-03-03
STL,20232024,2023-10-12,1,FALSE,1,2,1,1,NA,2024-04-17,2024-03-08
STL,20232024,2023-10-14,2,TRUE,2,1,3,2,NA,2024-04-17,2024-03-08
STL,20232024,2023-10-19,0,TRUE,2,6,3,3,NA,2024-04-17,2024-03-08
STL,20232024,2023-10-21,2,TRUE,4,2,5,4,NA,2024-04-17,2024-03-08
STL,20232024,2023-10-24,0,FALSE,2,4,5,5,NA,2024-04-17,2024-03-08
STL,20232024,2023-10-26,2,FALSE,3,0,7,6,NA,2024-04-17,2024-03-08
STL,20232024,2023-10-27,0,FALSE,0,5,7,7,NA,2024-04-17,2024-03-08
STL,20232024,2023-11-01,0,FALSE,1,4,7,8,NA,2024-04-17,2024-03-08
STL,20232024,2023-11-03,2,TRUE,4,1,9,9,NA,2024-04-17,2024-03-08
STL,20232024,2023-11-04,2,TRUE,6,3,11,10,NA,2024-04-17,2024-03-08
STL,20232024,2023-11-07,0,TRUE,2,5,11,11,NA,2024-04-17,2024-03-08
STL,20232024,2023-11-09,2,TRUE,2,1,13,12,NA,2024-04-17,2024-03-08
STL,20232024,2023-11-11,2,FALSE,8,2,15,13,NA,2024-04-17,2024-03-08
STL,20232024,2023-11-14,2,TRUE,5,0,17,14,NA,2024-04-17,2024-03-08
STL,20232024,2023-11-16,0,FALSE,1,5,17,15,NA,2024-04-17,2024-03-08
STL,20232024,2023-11-18,0,FALSE,1,5,17,16,NA,2024-04-17,2024-03-08
STL,20232024,2023-11-19,2,FALSE,3,1,19,17,NA,2024-04-17,2024-03-08
STL,20232024,2023-11-22,2,FALSE,6,5,21,18,NA,2024-04-17,2024-03-08
STL,20232024,2023-11-24,0,TRUE,3,8,21,19,NA,2024-04-17,2024-03-08
STL,20232024,2023-11-26,2,FALSE,4,2,23,20,NA,2024-04-17,2024-03-08
STL,20232024,2023-11-28,0,FALSE,1,3,23,21,NA,2024-04-17,2024-03-08
STL,20232024,2023-11-30,2,TRUE,6,4,25,22,NA,2024-04-17,2024-03-08
STL,20232024,2023-12-02,0,FALSE,1,4,25,23,NA,2024-04-17,2024-03-08
STL,20232024,2023-12-04,2,FALSE,2,1,27,24,NA,2024-04-17,2024-03-08
STL,20232024,2023-12-06,0,TRUE,3,6,27,25,NA,2024-04-17,2024-03-08
STL,20232024,2023-12-08,0,FALSE,2,5,27,26,NA,2024-04-17,2024-03-08
STL,20232024,2023-12-09,0,FALSE,1,3,27,27,NA,2024-04-17,2024-03-08
STL,20232024,2023-12-12,0,TRUE,4,6,27,28,NA,2024-04-17,2024-03-08
STL,20232024,2023-12-14,2,TRUE,4,2,29,29,NA,2024-04-17,2024-03-08
STL,20232024,2023-12-16,2,TRUE,4,3,31,30,NA,2024-04-17,2024-03-08
STL,20232024,2023-12-19,0,FALSE,1,6,31,31,NA,2024-04-17,2024-03-08
STL,20232024,2023-12-21,2,FALSE,4,1,33,32,NA,2024-04-17,2024-03-08
STL,20232024,2023-12-23,2,TRUE,7,5,35,33,NA,2024-04-17,2024-03-08
STL,20232024,2023-12-27,2,TRUE,2,1,37,34,NA,2024-04-17,2024-03-08
STL,20232024,2023-12-29,0,TRUE,1,2,37,35,NA,2024-04-17,2024-03-08
STL,20232024,2023-12-30,0,FALSE,2,4,37,36,NA,2024-04-17,2024-03-08
STL,20232024,2024-01-04,2,TRUE,2,1,39,37,NA,2024-04-17,2024-03-08
STL,20232024,2024-01-06,2,FALSE,2,1,41,38,NA,2024-04-17,2024-03-08
STL,20232024,2024-01-09,0,TRUE,1,5,41,39,NA,2024-04-17,2024-03-08
STL,20232024,2024-01-11,2,TRUE,5,2,43,40,NA,2024-04-17,2024-03-08
STL,20232024,2024-01-13,1,TRUE,3,4,44,41,NA,2024-04-17,2024-03-08
STL,20232024,2024-01-15,0,TRUE,2,4,44,42,NA,2024-04-17,2024-03-08
STL,20232024,2024-01-18,0,FALSE,2,5,44,43,NA,2024-04-17,2024-03-08
STL,20232024,2024-01-20,2,TRUE,3,0,46,44,NA,2024-04-17,2024-03-08
STL,20232024,2024-01-23,2,FALSE,4,3,48,45,NA,2024-04-17,2024-03-08
STL,20232024,2024-01-24,2,FALSE,4,3,50,46,NA,2024-04-17,2024-03-08
STL,20232024,2024-01-26,2,FALSE,4,3,52,47,NA,2024-04-17,2024-03-08
STL,20232024,2024-01-28,2,TRUE,4,3,54,48,NA,2024-04-17,2024-03-08
STL,20232024,2024-01-30,0,TRUE,0,1,54,49,NA,2024-04-17,2024-03-08
STL,20232024,2024-02-10,2,FALSE,3,1,56,50,NA,2024-04-17,2024-03-08
STL,20232024,2024-02-11,2,FALSE,7,2,58,51,NA,2024-04-17,2024-03-08
STL,20232024,2024-02-13,0,FALSE,1,4,58,52,NA,2024-04-17,2024-03-08
STL,20232024,2024-02-15,2,TRUE,6,3,60,53,NA,2024-04-17,2024-03-08
STL,20232024,2024-02-17,0,TRUE,2,5,60,54,NA,2024-04-17,2024-03-08
STL,20232024,2024-02-19,0,TRUE,2,4,60,55,NA,2024-04-17,2024-03-08
STL,20232024,2024-02-22,2,TRUE,4,0,62,56,NA,2024-04-17,2024-03-08
STL,20232024,2024-02-24,0,FALSE,1,6,62,57,NA,2024-04-17,2024-03-08
STL,20232024,2024-02-27,0,FALSE,2,4,62,58,NA,2024-04-17,2024-03-08
STL,20232024,2024-02-28,1,FALSE,2,3,63,59,NA,2024-04-17,2024-03-08
STL,20232024,2024-03-02,2,TRUE,3,1,65,60,NA,2024-04-17,2024-03-08
STL,20232024,2024-03-04,2,FALSE,2,1,67,61,NA,2024-04-17,2024-03-08
STL,20232024,2024-03-05,0,FALSE,2,4,67,62,NA,2024-04-17,2024-03-08
STL,20232024,2024-03-07,0,FALSE,1,4,67,63,NA,2024-04-17,2024-03-08
STL,20232024,2024-03-09,0,FALSE,0,4,67,64,NA,2024-04-17,2024-03-08
STL,20232024,2024-03-11,2,FALSE,5,1,69,65,NA,2024-04-17,2024-03-08
STL,20232024,2024-03-13,2,TRUE,3,1,71,66,NA,2024-04-17,2024-03-08
STL,20232024,2024-03-16,2,TRUE,3,2,73,67,NA,2024-04-17,2024-03-08
STL,20232024,2024-03-17,2,TRUE,4,2,75,68,NA,2024-04-17,2024-03-08
STL,20232024,2024-03-19,0,TRUE,3,4,75,69,NA,2024-04-17,2024-03-08
STL,20232024,2024-03-21,2,FALSE,5,2,77,70,NA,2024-04-17,2024-03-08
STL,20232024,2024-03-23,2,FALSE,5,4,79,71,NA,2024-04-17,2024-03-08
STL,20232024,2024-03-25,1,TRUE,1,2,80,72,NA,2024-04-17,2024-03-08
STL,20232024,2024-03-28,2,TRUE,5,3,82,73,NA,2024-04-17,2024-03-08
STL,20232024,2024-03-30,0,TRUE,0,4,82,74,NA,2024-04-17,2024-03-08
STL,20232024,2024-04-01,2,TRUE,3,2,84,75,NA,2024-04-17,2024-03-08
STL,20232024,2024-04-04,0,FALSE,3,6,84,76,NA,2024-04-17,2024-03-08
STL,20232024,2024-04-06,1,FALSE,2,3,85,77,NA,2024-04-17,2024-03-08
STL,20232024,2024-04-07,2,FALSE,6,5,87,78,NA,2024-04-17,2024-03-08
STL,20232024,2024-04-10,2,TRUE,5,2,89,79,NA,2024-04-17,2024-03-08
STL,20232024,2024-04-12,0,TRUE,2,5,89,80,NA,2024-04-17,2024-03-08
STL,20232024,2024-04-14,2,TRUE,4,1,91,81,NA,2024-04-17,2024-03-08
STL,20232024,2024-04-17,1,FALSE,1,2,92,82,NA,2024-04-17,2024-03-08
TBL,20212022,2021-10-12,0,TRUE,2,6,0,1,NA,2022-04-10,2022-03-21
TBL,20212022,2021-10-14,2,FALSE,7,6,2,2,NA,2022-04-10,2022-03-21
TBL,20212022,2021-10-16,2,FALSE,2,1,4,3,NA,2022-04-10,2022-03-21
TBL,20212022,2021-10-19,0,TRUE,1,4,4,4,NA,2022-04-10,2022-03-21
TBL,20212022,2021-10-23,1,TRUE,3,4,5,5,NA,2022-04-10,2022-03-21
TBL,20212022,2021-10-25,0,FALSE,1,5,5,6,NA,2022-04-10,2022-03-21
TBL,20212022,2021-10-26,2,FALSE,5,1,7,7,NA,2022-04-10,2022-03-21
TBL,20212022,2021-10-28,2,TRUE,5,1,9,8,NA,2022-04-10,2022-03-21
TBL,20212022,2021-11-01,2,TRUE,3,2,11,9,NA,2022-04-10,2022-03-21
TBL,20212022,2021-11-04,1,FALSE,1,2,12,10,NA,2022-04-10,2022-03-21
TBL,20212022,2021-11-06,2,FALSE,5,3,14,11,NA,2022-04-10,2022-03-21
TBL,20212022,2021-11-09,1,TRUE,1,2,15,12,NA,2022-04-10,2022-03-21
TBL,20212022,2021-11-13,2,TRUE,3,2,17,13,NA,2022-04-10,2022-03-21
TBL,20212022,2021-11-15,2,TRUE,4,1,19,14,NA,2022-04-10,2022-03-21
TBL,20212022,2021-11-18,2,FALSE,4,3,21,15,NA,2022-04-10,2022-03-21
TBL,20212022,2021-11-20,0,TRUE,3,5,21,16,NA,2022-04-10,2022-03-21
TBL,20212022,2021-11-21,2,TRUE,5,4,23,17,NA,2022-04-10,2022-03-21
TBL,20212022,2021-11-23,2,TRUE,4,0,25,18,NA,2022-04-10,2022-03-21
TBL,20212022,2021-11-26,2,TRUE,3,0,27,19,NA,2022-04-10,2022-03-21
TBL,20212022,2021-11-28,0,FALSE,2,4,27,20,NA,2022-04-10,2022-03-21
TBL,20212022,2021-11-30,1,FALSE,3,4,28,21,NA,2022-04-10,2022-03-21
TBL,20212022,2021-12-02,2,TRUE,4,2,30,22,NA,2022-04-10,2022-03-21
TBL,20212022,2021-12-04,2,FALSE,3,2,32,23,NA,2022-04-10,2022-03-21
TBL,20212022,2021-12-05,2,FALSE,7,1,34,24,NA,2022-04-10,2022-03-21
TBL,20212022,2021-12-07,2,FALSE,3,2,36,25,NA,2022-04-10,2022-03-21
TBL,20212022,2021-12-09,2,FALSE,5,3,38,26,NA,2022-04-10,2022-03-21
TBL,20212022,2021-12-11,0,FALSE,0,4,38,27,NA,2022-04-10,2022-03-21
TBL,20212022,2021-12-14,2,TRUE,3,2,40,28,NA,2022-04-10,2022-03-21
TBL,20212022,2021-12-16,2,TRUE,2,1,42,29,NA,2022-04-10,2022-03-21
TBL,20212022,2021-12-21,2,FALSE,4,3,44,30,NA,2022-04-10,2022-03-21
TBL,20212022,2021-12-28,2,TRUE,5,4,46,31,NA,2022-04-10,2022-03-21
TBL,20212022,2021-12-30,0,FALSE,3,9,46,32,NA,2022-04-10,2022-03-21
TBL,20212022,2021-12-31,1,TRUE,3,4,47,33,NA,2022-04-10,2022-03-21
TBL,20212022,2022-01-02,0,FALSE,0,4,47,34,NA,2022-04-10,2022-03-21
TBL,20212022,2022-01-04,2,FALSE,7,2,49,35,NA,2022-04-10,2022-03-21
TBL,20212022,2022-01-06,2,TRUE,4,1,51,36,NA,2022-04-10,2022-03-21
TBL,20212022,2022-01-08,0,TRUE,2,5,51,37,NA,2022-04-10,2022-03-21
TBL,20212022,2022-01-11,2,FALSE,6,1,53,38,NA,2022-04-10,2022-03-21
TBL,20212022,2022-01-13,2,TRUE,4,2,55,39,NA,2022-04-10,2022-03-21
TBL,20212022,2022-01-15,2,TRUE,3,1,57,40,NA,2022-04-10,2022-03-21
TBL,20212022,2022-01-18,2,FALSE,6,4,59,41,NA,2022-04-10,2022-03-21
TBL,20212022,2022-01-21,0,FALSE,1,5,59,42,NA,2022-04-10,2022-03-21
TBL,20212022,2022-01-22,2,FALSE,7,1,61,43,NA,2022-04-10,2022-03-21
TBL,20212022,2022-01-27,2,TRUE,3,2,63,44,NA,2022-04-10,2022-03-21
TBL,20212022,2022-01-29,1,TRUE,2,3,64,45,NA,2022-04-10,2022-03-21
TBL,20212022,2022-02-01,2,TRUE,3,2,66,46,NA,2022-04-10,2022-03-21
TBL,20212022,2022-02-10,0,FALSE,2,3,66,47,NA,2022-04-10,2022-03-21
TBL,20212022,2022-02-11,2,FALSE,4,3,68,48,NA,2022-04-10,2022-03-21
TBL,20212022,2022-02-15,2,FALSE,6,3,70,49,NA,2022-04-10,2022-03-21
TBL,20212022,2022-02-23,2,TRUE,5,3,72,50,NA,2022-04-10,2022-03-21
TBL,20212022,2022-02-26,2,FALSE,3,2,74,51,NA,2022-04-10,2022-03-21
TBL,20212022,2022-03-01,2,TRUE,5,2,76,52,NA,2022-04-10,2022-03-21
TBL,20212022,2022-03-03,0,TRUE,1,5,76,53,NA,2022-04-10,2022-03-21
TBL,20212022,2022-03-04,2,TRUE,3,1,78,54,NA,2022-04-10,2022-03-21
TBL,20212022,2022-03-06,2,FALSE,6,3,80,55,NA,2022-04-10,2022-03-21
TBL,20212022,2022-03-08,0,FALSE,4,7,80,56,NA,2022-04-10,2022-03-21
TBL,20212022,2022-03-10,0,FALSE,1,4,80,57,NA,2022-04-10,2022-03-21
TBL,20212022,2022-03-12,0,FALSE,1,4,80,58,NA,2022-04-10,2022-03-21
TBL,20212022,2022-03-13,2,FALSE,2,1,82,59,NA,2022-04-10,2022-03-21
TBL,20212022,2022-03-16,2,FALSE,4,1,84,60,NA,2022-04-10,2022-03-21
TBL,20212022,2022-03-19,0,TRUE,1,2,84,61,NA,2022-04-10,2022-03-21
TBL,20212022,2022-03-22,0,FALSE,2,3,84,62,NA,2022-04-10,2022-03-21
TBL,20212022,2022-03-24,0,FALSE,2,3,84,63,NA,2022-04-10,2022-03-21
TBL,20212022,2022-03-26,2,FALSE,2,1,86,64,NA,2022-04-10,2022-03-21
TBL,20212022,2022-03-27,2,FALSE,4,1,88,65,NA,2022-04-10,2022-03-21
TBL,20212022,2022-03-29,2,TRUE,4,3,90,66,NA,2022-04-10,2022-03-21
TBL,20212022,2022-04-01,2,TRUE,5,2,92,67,NA,2022-04-10,2022-03-21
TBL,20212022,2022-04-02,1,TRUE,4,5,93,68,NA,2022-04-10,2022-03-21
TBL,20212022,2022-04-04,0,TRUE,2,6,93,69,NA,2022-04-10,2022-03-21
TBL,20212022,2022-04-06,0,FALSE,3,4,93,70,NA,2022-04-10,2022-03-21
TBL,20212022,2022-04-08,1,TRUE,1,2,94,71,NA,2022-04-10,2022-03-21
TBL,20212022,2022-04-10,2,TRUE,5,0,96,72,NA,2022-04-10,2022-03-21
TBL,20212022,2022-04-12,0,FALSE,0,1,96,73,NA,2022-04-10,2022-03-21
TBL,20212022,2022-04-14,2,TRUE,4,3,98,74,NA,2022-04-10,2022-03-21
TBL,20212022,2022-04-16,2,TRUE,7,4,100,75,NA,2022-04-10,2022-03-21
TBL,20212022,2022-04-19,0,TRUE,3,4,100,76,NA,2022-04-10,2022-03-21
TBL,20212022,2022-04-21,2,TRUE,8,1,102,77,NA,2022-04-10,2022-03-21
TBL,20212022,2022-04-23,2,TRUE,6,2,104,78,NA,2022-04-10,2022-03-21
TBL,20212022,2022-04-24,2,FALSE,8,4,106,79,NA,2022-04-10,2022-03-21
TBL,20212022,2022-04-26,2,TRUE,4,1,108,80,NA,2022-04-10,2022-03-21
TBL,20212022,2022-04-28,0,FALSE,2,5,108,81,NA,2022-04-10,2022-03-21
TBL,20212022,2022-04-29,2,FALSE,6,4,110,82,NA,2022-04-10,2022-03-21
TBL,20222023,2022-10-11,0,FALSE,1,3,0,1,NA,2023-03-30,2023-03-03
TBL,20222023,2022-10-14,2,FALSE,5,2,2,2,NA,2023-03-30,2023-03-03
TBL,20222023,2022-10-15,0,FALSE,2,6,2,3,NA,2023-03-30,2023-03-03
TBL,20222023,2022-10-18,0,TRUE,2,3,2,4,NA,2023-03-30,2023-03-03
TBL,20222023,2022-10-21,2,FALSE,3,2,4,5,NA,2023-03-30,2023-03-03
TBL,20222023,2022-10-22,2,TRUE,5,3,6,6,NA,2023-03-30,2023-03-03
TBL,20222023,2022-10-25,0,FALSE,2,4,6,7,NA,2023-03-30,2023-03-03
TBL,20222023,2022-10-26,2,FALSE,4,2,8,8,NA,2023-03-30,2023-03-03
TBL,20222023,2022-10-29,2,FALSE,4,3,10,9,NA,2023-03-30,2023-03-03
TBL,20222023,2022-11-01,2,TRUE,4,3,12,10,NA,2023-03-30,2023-03-03
TBL,20222023,2022-11-03,1,TRUE,3,4,13,11,NA,2023-03-30,2023-03-03
TBL,20222023,2022-11-05,2,TRUE,5,3,15,12,NA,2023-03-30,2023-03-03
TBL,20222023,2022-11-08,0,TRUE,2,3,15,13,NA,2023-03-30,2023-03-03
TBL,20222023,2022-11-11,0,FALSE,1,5,15,14,NA,2023-03-30,2023-03-03
TBL,20222023,2022-11-13,2,TRUE,6,3,17,15,NA,2023-03-30,2023-03-03
TBL,20222023,2022-11-15,2,TRUE,5,4,19,16,NA,2023-03-30,2023-03-03
TBL,20222023,2022-11-17,2,TRUE,4,1,21,17,NA,2023-03-30,2023-03-03
TBL,20222023,2022-11-19,2,FALSE,3,2,23,18,NA,2023-03-30,2023-03-03
TBL,20222023,2022-11-21,0,TRUE,3,5,23,19,NA,2023-03-30,2023-03-03
TBL,20222023,2022-11-25,2,TRUE,5,2,25,20,NA,2023-03-30,2023-03-03
TBL,20222023,2022-11-28,2,FALSE,6,5,27,21,NA,2023-03-30,2023-03-03
TBL,20222023,2022-11-29,0,FALSE,1,3,27,22,NA,2023-03-30,2023-03-03
TBL,20222023,2022-12-01,2,FALSE,4,1,29,23,NA,2023-03-30,2023-03-03
TBL,20222023,2022-12-03,2,TRUE,4,3,31,24,NA,2023-03-30,2023-03-03
TBL,20222023,2022-12-06,0,TRUE,2,4,31,25,NA,2023-03-30,2023-03-03
TBL,20222023,2022-12-08,2,TRUE,5,2,33,26,NA,2023-03-30,2023-03-03
TBL,20222023,2022-12-10,2,TRUE,4,1,35,27,NA,2023-03-30,2023-03-03
TBL,20222023,2022-12-13,2,TRUE,6,2,37,28,NA,2023-03-30,2023-03-03
TBL,20222023,2022-12-15,2,TRUE,4,1,39,29,NA,2023-03-30,2023-03-03
TBL,20222023,2022-12-17,2,FALSE,5,1,41,30,NA,2023-03-30,2023-03-03
TBL,20222023,2022-12-20,0,FALSE,1,4,41,31,NA,2023-03-30,2023-03-03
TBL,20222023,2022-12-21,0,FALSE,4,7,41,32,NA,2023-03-30,2023-03-03
TBL,20222023,2022-12-28,2,TRUE,4,1,43,33,NA,2023-03-30,2023-03-03
TBL,20222023,2022-12-29,2,TRUE,2,1,45,34,NA,2023-03-30,2023-03-03
TBL,20222023,2022-12-31,2,TRUE,5,3,47,35,NA,2023-03-30,2023-03-03
TBL,20222023,2023-01-03,2,FALSE,4,1,49,36,NA,2023-03-30,2023-03-03
TBL,20222023,2023-01-04,0,FALSE,1,5,49,37,NA,2023-03-30,2023-03-03
TBL,20222023,2023-01-06,0,FALSE,2,4,49,38,NA,2023-03-30,2023-03-03
TBL,20222023,2023-01-10,2,TRUE,6,3,51,39,NA,2023-03-30,2023-03-03
TBL,20222023,2023-01-12,2,TRUE,5,4,53,40,NA,2023-03-30,2023-03-03
TBL,20222023,2023-01-14,2,FALSE,4,2,55,41,NA,2023-03-30,2023-03-03
TBL,20222023,2023-01-16,2,FALSE,4,1,57,42,NA,2023-03-30,2023-03-03
TBL,20222023,2023-01-18,2,FALSE,5,2,59,43,NA,2023-03-30,2023-03-03
TBL,20222023,2023-01-19,0,FALSE,3,5,59,44,NA,2023-03-30,2023-03-03
TBL,20222023,2023-01-21,0,FALSE,3,6,59,45,NA,2023-03-30,2023-03-03
TBL,20222023,2023-01-24,2,TRUE,4,2,61,46,NA,2023-03-30,2023-03-03
TBL,20222023,2023-01-26,2,TRUE,3,2,63,47,NA,2023-03-30,2023-03-03
TBL,20222023,2023-01-28,2,TRUE,5,2,65,48,NA,2023-03-30,2023-03-03
TBL,20222023,2023-02-06,0,FALSE,1,7,65,49,NA,2023-03-30,2023-03-03
TBL,20222023,2023-02-07,1,TRUE,3,4,66,50,NA,2023-03-30,2023-03-03
TBL,20222023,2023-02-09,2,TRUE,5,0,68,51,NA,2023-03-30,2023-03-03
TBL,20222023,2023-02-11,2,FALSE,3,1,70,52,NA,2023-03-30,2023-03-03
TBL,20222023,2023-02-14,2,FALSE,4,3,72,53,NA,2023-03-30,2023-03-03
TBL,20222023,2023-02-15,1,FALSE,0,1,73,54,NA,2023-03-30,2023-03-03
TBL,20222023,2023-02-18,0,FALSE,4,5,73,55,NA,2023-03-30,2023-03-03
TBL,20222023,2023-02-21,2,TRUE,6,1,75,56,NA,2023-03-30,2023-03-03
TBL,20222023,2023-02-23,1,TRUE,5,6,76,57,NA,2023-03-30,2023-03-03
TBL,20222023,2023-02-25,2,FALSE,3,0,78,58,NA,2023-03-30,2023-03-03
TBL,20222023,2023-02-26,0,FALSE,3,7,78,59,NA,2023-03-30,2023-03-03
TBL,20222023,2023-02-28,0,TRUE,1,4,78,60,NA,2023-03-30,2023-03-03
TBL,20222023,2023-03-02,1,TRUE,4,5,79,61,NA,2023-03-30,2023-03-03
TBL,20222023,2023-03-04,0,FALSE,3,5,79,62,NA,2023-03-30,2023-03-03
TBL,20222023,2023-03-05,0,FALSE,0,6,79,63,NA,2023-03-30,2023-03-03
TBL,20222023,2023-03-07,2,TRUE,5,2,81,64,NA,2023-03-30,2023-03-03
TBL,20222023,2023-03-09,1,TRUE,3,4,82,65,NA,2023-03-30,2023-03-03
TBL,20222023,2023-03-11,2,TRUE,3,1,84,66,NA,2023-03-30,2023-03-03
TBL,20222023,2023-03-12,0,TRUE,2,3,84,67,NA,2023-03-30,2023-03-03
TBL,20222023,2023-03-14,2,FALSE,4,1,86,68,NA,2023-03-30,2023-03-03
TBL,20222023,2023-03-16,2,FALSE,4,3,88,69,NA,2023-03-30,2023-03-03
TBL,20222023,2023-03-18,2,TRUE,5,3,90,70,NA,2023-03-30,2023-03-03
TBL,20222023,2023-03-19,0,TRUE,2,5,90,71,NA,2023-03-30,2023-03-03
TBL,20222023,2023-03-21,0,FALSE,2,3,90,72,NA,2023-03-30,2023-03-03
TBL,20222023,2023-03-23,0,FALSE,2,7,90,73,NA,2023-03-30,2023-03-03
TBL,20222023,2023-03-25,0,FALSE,1,2,90,74,NA,2023-03-30,2023-03-03
TBL,20222023,2023-03-28,2,FALSE,4,0,92,75,NA,2023-03-30,2023-03-03
TBL,20222023,2023-03-30,2,TRUE,5,1,94,76,NA,2023-03-30,2023-03-03
TBL,20222023,2023-04-01,2,TRUE,5,0,96,77,NA,2023-03-30,2023-03-03
TBL,20222023,2023-04-05,0,FALSE,3,6,96,78,NA,2023-03-30,2023-03-03
TBL,20222023,2023-04-06,0,FALSE,1,6,96,79,NA,2023-03-30,2023-03-03
TBL,20222023,2023-04-08,0,FALSE,4,7,96,80,NA,2023-03-30,2023-03-03
TBL,20222023,2023-04-11,0,TRUE,3,4,96,81,NA,2023-03-30,2023-03-03
TBL,20222023,2023-04-13,2,TRUE,5,0,98,82,NA,2023-03-30,2023-03-03
TBL,20232024,2023-10-10,2,TRUE,5,3,2,1,NA,2024-04-04,2024-03-08
TBL,20232024,2023-10-14,0,FALSE,4,6,2,2,NA,2024-04-04,2024-03-08
TBL,20232024,2023-10-15,0,FALSE,2,5,2,3,NA,2024-04-04,2024-03-08
TBL,20232024,2023-10-17,1,FALSE,2,3,3,4,NA,2024-04-04,2024-03-08
TBL,20232024,2023-10-19,2,TRUE,4,3,5,5,NA,2024-04-04,2024-03-08
TBL,20232024,2023-10-21,1,TRUE,3,4,6,6,NA,2024-04-04,2024-03-08
TBL,20232024,2023-10-24,2,TRUE,3,0,8,7,NA,2024-04-04,2024-03-08
TBL,20232024,2023-10-26,2,TRUE,6,0,10,8,NA,2024-04-04,2024-03-08
TBL,20232024,2023-10-30,1,TRUE,3,4,11,9,NA,2024-04-04,2024-03-08
TBL,20232024,2023-11-02,0,FALSE,2,4,11,10,NA,2024-04-04,2024-03-08
TBL,20232024,2023-11-04,2,FALSE,6,4,13,11,NA,2024-04-04,2024-03-08
TBL,20232024,2023-11-06,1,FALSE,5,6,14,12,NA,2024-04-04,2024-03-08
TBL,20232024,2023-11-07,2,FALSE,5,3,16,13,NA,2024-04-04,2024-03-08
TBL,20232024,2023-11-09,0,TRUE,3,5,16,14,NA,2024-04-04,2024-03-08
TBL,20232024,2023-11-11,0,TRUE,0,4,16,15,NA,2024-04-04,2024-03-08
TBL,20232024,2023-11-14,0,FALSE,0,5,16,16,NA,2024-04-04,2024-03-08
TBL,20232024,2023-11-16,2,FALSE,4,2,18,17,NA,2024-04-04,2024-03-08
TBL,20232024,2023-11-18,2,TRUE,6,4,20,18,NA,2024-04-04,2024-03-08
TBL,20232024,2023-11-20,2,TRUE,5,4,22,19,NA,2024-04-04,2024-03-08
TBL,20232024,2023-11-22,1,TRUE,2,3,23,20,NA,2024-04-04,2024-03-08
TBL,20232024,2023-11-24,2,FALSE,8,2,25,21,NA,2024-04-04,2024-03-08
TBL,20232024,2023-11-27,0,FALSE,1,4,25,22,NA,2024-04-04,2024-03-08
TBL,20232024,2023-11-28,0,FALSE,1,3,25,23,NA,2024-04-04,2024-03-08
TBL,20232024,2023-11-30,0,TRUE,2,4,25,24,NA,2024-04-04,2024-03-08
TBL,20232024,2023-12-02,0,FALSE,1,8,25,25,NA,2024-04-04,2024-03-08
TBL,20232024,2023-12-04,2,TRUE,4,0,27,26,NA,2024-04-04,2024-03-08
TBL,20232024,2023-12-06,2,TRUE,3,1,29,27,NA,2024-04-04,2024-03-08
TBL,20232024,2023-12-07,0,FALSE,1,5,29,28,NA,2024-04-04,2024-03-08
TBL,20232024,2023-12-09,2,FALSE,4,3,31,29,NA,2024-04-04,2024-03-08
TBL,20232024,2023-12-12,0,FALSE,1,4,31,30,NA,2024-04-04,2024-03-08
TBL,20232024,2023-12-14,2,FALSE,7,4,33,31,NA,2024-04-04,2024-03-08
TBL,20232024,2023-12-16,0,FALSE,2,4,33,32,NA,2024-04-04,2024-03-08
TBL,20232024,2023-12-19,2,TRUE,6,1,35,33,NA,2024-04-04,2024-03-08
TBL,20232024,2023-12-21,2,TRUE,5,4,37,34,NA,2024-04-04,2024-03-08
TBL,20232024,2023-12-23,2,FALSE,2,1,39,35,NA,2024-04-04,2024-03-08
TBL,20232024,2023-12-27,0,TRUE,2,3,39,36,NA,2024-04-04,2024-03-08
TBL,20232024,2023-12-30,0,TRUE,1,5,39,37,NA,2024-04-04,2024-03-08
TBL,20232024,2023-12-31,2,TRUE,4,3,41,38,NA,2024-04-04,2024-03-08
TBL,20232024,2024-01-02,0,FALSE,2,4,41,39,NA,2024-04-04,2024-03-08
TBL,20232024,2024-01-04,2,FALSE,4,1,43,40,NA,2024-04-04,2024-03-08
TBL,20232024,2024-01-06,0,FALSE,3,7,43,41,NA,2024-04-04,2024-03-08
TBL,20232024,2024-01-09,2,TRUE,3,2,45,42,NA,2024-04-04,2024-03-08
TBL,20232024,2024-01-11,2,TRUE,4,3,47,43,NA,2024-04-04,2024-03-08
TBL,20232024,2024-01-13,2,TRUE,5,1,49,44,NA,2024-04-04,2024-03-08
TBL,20232024,2024-01-18,2,TRUE,7,3,51,45,NA,2024-04-04,2024-03-08
TBL,20232024,2024-01-20,2,FALSE,3,1,53,46,NA,2024-04-04,2024-03-08
TBL,20232024,2024-01-21,0,FALSE,1,2,53,47,NA,2024-04-04,2024-03-08
TBL,20232024,2024-01-23,2,FALSE,6,3,55,48,NA,2024-04-04,2024-03-08
TBL,20232024,2024-01-25,2,TRUE,6,3,57,49,NA,2024-04-04,2024-03-08
TBL,20232024,2024-01-27,2,TRUE,6,3,59,50,NA,2024-04-04,2024-03-08
TBL,20232024,2024-02-07,0,FALSE,1,3,59,51,NA,2024-04-04,2024-03-08
TBL,20232024,2024-02-08,0,FALSE,2,6,59,52,NA,2024-04-04,2024-03-08
TBL,20232024,2024-02-10,2,FALSE,4,2,61,53,NA,2024-04-04,2024-03-08
TBL,20232024,2024-02-13,2,FALSE,3,2,63,54,NA,2024-04-04,2024-03-08
TBL,20232024,2024-02-15,2,TRUE,6,3,65,55,NA,2024-04-04,2024-03-08
TBL,20232024,2024-02-17,0,TRUE,2,9,65,56,NA,2024-04-04,2024-03-08
TBL,20232024,2024-02-19,0,TRUE,2,4,65,57,NA,2024-04-04,2024-03-08
TBL,20232024,2024-02-22,0,TRUE,3,5,65,58,NA,2024-04-04,2024-03-08
TBL,20232024,2024-02-24,2,FALSE,4,2,67,59,NA,2024-04-04,2024-03-08
TBL,20232024,2024-02-25,2,FALSE,4,1,69,60,NA,2024-04-04,2024-03-08
TBL,20232024,2024-02-27,0,FALSE,2,6,69,61,NA,2024-04-04,2024-03-08
TBL,20232024,2024-02-29,1,TRUE,2,3,70,62,NA,2024-04-04,2024-03-08
TBL,20232024,2024-03-02,2,TRUE,4,3,72,63,NA,2024-04-04,2024-03-08
TBL,20232024,2024-03-07,0,TRUE,3,6,72,64,NA,2024-04-04,2024-03-08
TBL,20232024,2024-03-09,2,TRUE,7,0,74,65,NA,2024-04-04,2024-03-08
TBL,20232024,2024-03-14,2,TRUE,6,3,76,66,NA,2024-04-04,2024-03-08
TBL,20232024,2024-03-16,2,FALSE,5,3,78,67,NA,2024-04-04,2024-03-08
TBL,20232024,2024-03-19,2,FALSE,5,3,80,68,NA,2024-04-04,2024-03-08
TBL,20232024,2024-03-21,2,FALSE,4,1,82,69,NA,2024-04-04,2024-03-08
TBL,20232024,2024-03-23,1,FALSE,3,4,83,70,NA,2024-04-04,2024-03-08
TBL,20232024,2024-03-24,2,FALSE,3,2,85,71,NA,2024-04-04,2024-03-08
TBL,20232024,2024-03-27,2,TRUE,3,1,87,72,NA,2024-04-04,2024-03-08
TBL,20232024,2024-03-30,2,TRUE,4,1,89,73,NA,2024-04-04,2024-03-08
TBL,20232024,2024-04-01,0,TRUE,2,4,89,74,NA,2024-04-04,2024-03-08
TBL,20232024,2024-04-03,2,FALSE,4,1,91,75,NA,2024-04-04,2024-03-08
TBL,20232024,2024-04-04,2,FALSE,7,4,93,76,NA,2024-04-04,2024-03-08
TBL,20232024,2024-04-06,0,FALSE,4,5,93,77,NA,2024-04-04,2024-03-08
TBL,20232024,2024-04-09,2,TRUE,5,2,95,78,NA,2024-04-04,2024-03-08
TBL,20232024,2024-04-11,1,TRUE,2,3,96,79,NA,2024-04-04,2024-03-08
TBL,20232024,2024-04-13,0,FALSE,2,4,96,80,NA,2024-04-04,2024-03-08
TBL,20232024,2024-04-15,0,TRUE,2,4,96,81,NA,2024-04-04,2024-03-08
TBL,20232024,2024-04-17,2,TRUE,6,4,98,82,NA,2024-04-04,2024-03-08
TOR,20212022,2021-10-13,2,TRUE,2,1,2,1,NA,2022-04-04,2022-03-21
TOR,20212022,2021-10-14,0,FALSE,2,3,2,2,NA,2022-04-04,2022-03-21
TOR,20212022,2021-10-16,2,TRUE,3,1,4,3,NA,2022-04-04,2022-03-21
TOR,20212022,2021-10-18,1,TRUE,1,2,5,4,NA,2022-04-04,2022-03-21
TOR,20212022,2021-10-22,0,TRUE,3,5,5,5,NA,2022-04-04,2022-03-21
TOR,20212022,2021-10-23,0,FALSE,1,7,5,6,NA,2022-04-04,2022-03-21
TOR,20212022,2021-10-25,0,FALSE,1,4,5,7,NA,2022-04-04,2022-03-21
TOR,20212022,2021-10-27,2,FALSE,3,2,7,8,NA,2022-04-04,2022-03-21
TOR,20212022,2021-10-30,2,TRUE,5,4,9,9,NA,2022-04-04,2022-03-21
TOR,20212022,2021-11-02,2,TRUE,4,0,11,10,NA,2022-04-04,2022-03-21
TOR,20212022,2021-11-04,2,TRUE,2,1,13,11,NA,2022-04-04,2022-03-21
TOR,20212022,2021-11-06,2,TRUE,5,2,15,12,NA,2022-04-04,2022-03-21
TOR,20212022,2021-11-08,0,TRUE,1,5,15,13,NA,2022-04-04,2022-03-21
TOR,20212022,2021-11-10,2,FALSE,3,0,17,14,NA,2022-04-04,2022-03-21
TOR,20212022,2021-11-12,2,TRUE,2,1,19,15,NA,2022-04-04,2022-03-21
TOR,20212022,2021-11-13,2,FALSE,5,4,21,16,NA,2022-04-04,2022-03-21
TOR,20212022,2021-11-16,2,TRUE,3,0,23,17,NA,2022-04-04,2022-03-21
TOR,20212022,2021-11-18,2,TRUE,2,1,25,18,NA,2022-04-04,2022-03-21
TOR,20212022,2021-11-20,0,TRUE,0,2,25,19,NA,2022-04-04,2022-03-21
TOR,20212022,2021-11-21,2,FALSE,3,0,27,20,NA,2022-04-04,2022-03-21
TOR,20212022,2021-11-24,2,FALSE,6,2,29,21,NA,2022-04-04,2022-03-21
TOR,20212022,2021-11-26,2,FALSE,4,1,31,22,NA,2022-04-04,2022-03-21
TOR,20212022,2021-11-28,2,FALSE,5,1,33,23,NA,2022-04-04,2022-03-21
TOR,20212022,2021-12-01,2,TRUE,8,3,35,24,NA,2022-04-04,2022-03-21
TOR,20212022,2021-12-04,1,FALSE,3,4,36,25,NA,2022-04-04,2022-03-21
TOR,20212022,2021-12-05,0,FALSE,3,6,36,26,NA,2022-04-04,2022-03-21
TOR,20212022,2021-12-07,2,TRUE,5,4,38,27,NA,2022-04-04,2022-03-21
TOR,20212022,2021-12-09,0,TRUE,3,5,38,28,NA,2022-04-04,2022-03-21
TOR,20212022,2021-12-11,2,TRUE,5,4,40,29,NA,2022-04-04,2022-03-21
TOR,20212022,2021-12-14,2,FALSE,5,1,42,30,NA,2022-04-04,2022-03-21
TOR,20212022,2022-01-01,2,TRUE,6,0,44,31,NA,2022-04-04,2022-03-21
TOR,20212022,2022-01-05,2,TRUE,4,2,46,32,NA,2022-04-04,2022-03-21
TOR,20212022,2022-01-08,1,FALSE,4,5,47,33,NA,2022-04-04,2022-03-21
TOR,20212022,2022-01-11,2,FALSE,4,3,49,34,NA,2022-04-04,2022-03-21
TOR,20212022,2022-01-12,0,FALSE,1,2,49,35,NA,2022-04-04,2022-03-21
TOR,20212022,2022-01-15,2,FALSE,6,5,51,36,NA,2022-04-04,2022-03-21
TOR,20212022,2022-01-19,0,FALSE,3,6,51,37,NA,2022-04-04,2022-03-21
TOR,20212022,2022-01-22,2,FALSE,3,1,53,38,NA,2022-04-04,2022-03-21
TOR,20212022,2022-01-26,2,TRUE,4,3,55,39,NA,2022-04-04,2022-03-21
TOR,20212022,2022-01-29,2,FALSE,7,4,57,40,NA,2022-04-04,2022-03-21
TOR,20212022,2022-01-31,2,TRUE,6,4,59,41,NA,2022-04-04,2022-03-21
TOR,20212022,2022-02-01,2,FALSE,7,1,61,42,NA,2022-04-04,2022-03-21
TOR,20212022,2022-02-07,2,TRUE,4,3,63,43,NA,2022-04-04,2022-03-21
TOR,20212022,2022-02-10,0,FALSE,2,5,63,44,NA,2022-04-04,2022-03-21
TOR,20212022,2022-02-12,0,FALSE,2,3,63,45,NA,2022-04-04,2022-03-21
TOR,20212022,2022-02-14,2,FALSE,6,2,65,46,NA,2022-04-04,2022-03-21
TOR,20212022,2022-02-17,2,TRUE,4,1,67,47,NA,2022-04-04,2022-03-21
TOR,20212022,2022-02-19,0,TRUE,3,6,67,48,NA,2022-04-04,2022-03-21
TOR,20212022,2022-02-21,0,FALSE,2,5,67,49,NA,2022-04-04,2022-03-21
TOR,20212022,2022-02-22,1,FALSE,3,4,68,50,NA,2022-04-04,2022-03-21
TOR,20212022,2022-02-24,2,TRUE,3,1,70,51,NA,2022-04-04,2022-03-21
TOR,20212022,2022-02-26,2,FALSE,10,7,72,52,NA,2022-04-04,2022-03-21
TOR,20212022,2022-02-28,2,FALSE,5,3,74,53,NA,2022-04-04,2022-03-21
TOR,20212022,2022-03-02,0,TRUE,1,5,74,54,NA,2022-04-04,2022-03-21
TOR,20212022,2022-03-05,0,TRUE,4,6,74,55,NA,2022-04-04,2022-03-21
TOR,20212022,2022-03-07,2,FALSE,5,4,76,56,NA,2022-04-04,2022-03-21
TOR,20212022,2022-03-08,2,TRUE,6,4,78,57,NA,2022-04-04,2022-03-21
TOR,20212022,2022-03-10,1,TRUE,4,5,79,58,NA,2022-04-04,2022-03-21
TOR,20212022,2022-03-13,0,FALSE,2,5,79,59,NA,2022-04-04,2022-03-21
TOR,20212022,2022-03-15,2,TRUE,4,0,81,60,NA,2022-04-04,2022-03-21
TOR,20212022,2022-03-17,2,TRUE,3,2,83,61,NA,2022-04-04,2022-03-21
TOR,20212022,2022-03-19,0,FALSE,3,6,83,62,NA,2022-04-04,2022-03-21
TOR,20212022,2022-03-23,2,TRUE,3,2,85,63,NA,2022-04-04,2022-03-21
TOR,20212022,2022-03-26,0,FALSE,2,4,85,64,NA,2022-04-04,2022-03-21
TOR,20212022,2022-03-27,2,TRUE,5,2,87,65,NA,2022-04-04,2022-03-21
TOR,20212022,2022-03-29,2,FALSE,6,4,89,66,NA,2022-04-04,2022-03-21
TOR,20212022,2022-03-31,2,TRUE,7,3,91,67,NA,2022-04-04,2022-03-21
TOR,20212022,2022-04-02,2,FALSE,6,3,93,68,NA,2022-04-04,2022-03-21
TOR,20212022,2022-04-04,2,FALSE,6,2,95,69,NA,2022-04-04,2022-03-21
TOR,20212022,2022-04-05,1,FALSE,6,7,96,70,NA,2022-04-04,2022-03-21
TOR,20212022,2022-04-07,2,FALSE,4,3,98,71,NA,2022-04-04,2022-03-21
TOR,20212022,2022-04-09,2,TRUE,3,2,100,72,NA,2022-04-04,2022-03-21
TOR,20212022,2022-04-12,0,TRUE,2,5,100,73,NA,2022-04-04,2022-03-21
TOR,20212022,2022-04-14,2,TRUE,7,3,102,74,NA,2022-04-04,2022-03-21
TOR,20212022,2022-04-16,2,FALSE,5,4,104,75,NA,2022-04-04,2022-03-21
TOR,20212022,2022-04-17,2,TRUE,4,2,106,76,NA,2022-04-04,2022-03-21
TOR,20212022,2022-04-19,2,TRUE,5,2,108,77,NA,2022-04-04,2022-03-21
TOR,20212022,2022-04-21,0,FALSE,1,8,108,78,NA,2022-04-04,2022-03-21
TOR,20212022,2022-04-23,1,FALSE,2,3,109,79,NA,2022-04-04,2022-03-21
TOR,20212022,2022-04-24,2,FALSE,4,3,111,80,NA,2022-04-04,2022-03-21
TOR,20212022,2022-04-26,2,TRUE,3,0,113,81,NA,2022-04-04,2022-03-21
TOR,20212022,2022-04-29,2,TRUE,5,2,115,82,NA,2022-04-04,2022-03-21
TOR,20222023,2022-10-12,0,FALSE,3,4,0,1,NA,2023-03-18,2023-03-03
TOR,20222023,2022-10-13,2,TRUE,3,2,2,2,NA,2023-03-18,2023-03-03
TOR,20222023,2022-10-15,2,TRUE,3,2,4,3,NA,2023-03-18,2023-03-03
TOR,20222023,2022-10-17,0,TRUE,2,4,4,4,NA,2023-03-18,2023-03-03
TOR,20222023,2022-10-20,2,TRUE,3,2,6,5,NA,2023-03-18,2023-03-03
TOR,20222023,2022-10-22,2,FALSE,4,1,8,6,NA,2023-03-18,2023-03-03
TOR,20222023,2022-10-24,0,FALSE,1,3,8,7,NA,2023-03-18,2023-03-03
TOR,20222023,2022-10-27,1,FALSE,3,4,9,8,NA,2023-03-18,2023-03-03
TOR,20222023,2022-10-29,0,FALSE,2,4,9,9,NA,2023-03-18,2023-03-03
TOR,20222023,2022-10-30,1,FALSE,3,4,10,10,NA,2023-03-18,2023-03-03
TOR,20222023,2022-11-02,2,TRUE,5,2,12,11,NA,2023-03-18,2023-03-03
TOR,20222023,2022-11-05,2,TRUE,2,1,14,12,NA,2023-03-18,2023-03-03
TOR,20222023,2022-11-06,2,FALSE,3,1,16,13,NA,2023-03-18,2023-03-03
TOR,20222023,2022-11-08,1,TRUE,3,4,17,14,NA,2023-03-18,2023-03-03
TOR,20222023,2022-11-11,0,TRUE,2,4,17,15,NA,2023-03-18,2023-03-03
TOR,20222023,2022-11-12,2,TRUE,3,2,19,16,NA,2023-03-18,2023-03-03
TOR,20222023,2022-11-15,2,FALSE,5,2,21,17,NA,2023-03-18,2023-03-03
TOR,20222023,2022-11-17,1,TRUE,2,3,22,18,NA,2023-03-18,2023-03-03
TOR,20222023,2022-11-19,2,TRUE,5,2,24,19,NA,2023-03-18,2023-03-03
TOR,20222023,2022-11-21,1,TRUE,2,3,25,20,NA,2023-03-18,2023-03-03
TOR,20222023,2022-11-23,2,FALSE,2,1,27,21,NA,2023-03-18,2023-03-03
TOR,20222023,2022-11-25,2,FALSE,4,3,29,22,NA,2023-03-18,2023-03-03
TOR,20222023,2022-11-26,2,FALSE,4,1,31,23,NA,2023-03-18,2023-03-03
TOR,20222023,2022-11-28,2,FALSE,4,2,33,24,NA,2023-03-18,2023-03-03
TOR,20222023,2022-11-30,2,TRUE,3,1,35,25,NA,2023-03-18,2023-03-03
TOR,20222023,2022-12-03,1,FALSE,3,4,36,26,NA,2023-03-18,2023-03-03
TOR,20222023,2022-12-06,2,FALSE,4,0,38,27,NA,2023-03-18,2023-03-03
TOR,20222023,2022-12-08,2,TRUE,5,0,40,28,NA,2023-03-18,2023-03-03
TOR,20222023,2022-12-10,2,TRUE,5,4,42,29,NA,2023-03-18,2023-03-03
TOR,20222023,2022-12-13,2,TRUE,7,0,44,30,NA,2023-03-18,2023-03-03
TOR,20222023,2022-12-15,0,FALSE,1,3,44,31,NA,2023-03-18,2023-03-03
TOR,20222023,2022-12-17,0,FALSE,2,5,44,32,NA,2023-03-18,2023-03-03
TOR,20222023,2022-12-20,2,TRUE,4,1,46,33,NA,2023-03-18,2023-03-03
TOR,20222023,2022-12-22,2,TRUE,4,3,48,34,NA,2023-03-18,2023-03-03
TOR,20222023,2022-12-27,2,FALSE,5,4,50,35,NA,2023-03-18,2023-03-03
TOR,20222023,2022-12-29,0,FALSE,3,6,50,36,NA,2023-03-18,2023-03-03
TOR,20222023,2022-12-31,2,FALSE,6,2,52,37,NA,2023-03-18,2023-03-03
TOR,20222023,2023-01-03,1,TRUE,5,6,53,38,NA,2023-03-18,2023-03-03
TOR,20222023,2023-01-05,0,TRUE,1,5,53,39,NA,2023-03-18,2023-03-03
TOR,20222023,2023-01-07,2,TRUE,4,1,55,40,NA,2023-03-18,2023-03-03
TOR,20222023,2023-01-08,2,FALSE,6,2,57,41,NA,2023-03-18,2023-03-03
TOR,20222023,2023-01-11,2,TRUE,2,1,59,42,NA,2023-03-18,2023-03-03
TOR,20222023,2023-01-12,0,FALSE,1,4,59,43,NA,2023-03-18,2023-03-03
TOR,20222023,2023-01-14,0,FALSE,3,4,59,44,NA,2023-03-18,2023-03-03
TOR,20222023,2023-01-17,2,TRUE,5,4,61,45,NA,2023-03-18,2023-03-03
TOR,20222023,2023-01-19,2,TRUE,4,1,63,46,NA,2023-03-18,2023-03-03
TOR,20222023,2023-01-21,1,FALSE,2,3,64,47,NA,2023-03-18,2023-03-03
TOR,20222023,2023-01-23,2,TRUE,5,2,66,48,NA,2023-03-18,2023-03-03
TOR,20222023,2023-01-25,2,TRUE,3,2,68,49,NA,2023-03-18,2023-03-03
TOR,20222023,2023-01-27,0,TRUE,2,6,68,50,NA,2023-03-18,2023-03-03
TOR,20222023,2023-01-29,2,TRUE,5,1,70,51,NA,2023-03-18,2023-03-03
TOR,20222023,2023-02-01,0,TRUE,2,5,70,52,NA,2023-03-18,2023-03-03
TOR,20222023,2023-02-10,2,FALSE,3,0,72,53,NA,2023-03-18,2023-03-03
TOR,20222023,2023-02-11,0,TRUE,3,4,72,54,NA,2023-03-18,2023-03-03
TOR,20222023,2023-02-15,2,TRUE,5,2,74,55,NA,2023-03-18,2023-03-03
TOR,20222023,2023-02-18,2,TRUE,5,1,76,56,NA,2023-03-18,2023-03-03
TOR,20222023,2023-02-19,0,FALSE,3,5,76,57,NA,2023-03-18,2023-03-03
TOR,20222023,2023-02-21,2,FALSE,6,3,78,58,NA,2023-03-18,2023-03-03
TOR,20222023,2023-02-24,2,TRUE,2,1,80,59,NA,2023-03-18,2023-03-03
TOR,20222023,2023-02-26,2,FALSE,5,1,82,60,NA,2023-03-18,2023-03-03
TOR,20222023,2023-03-01,0,FALSE,2,5,82,61,NA,2023-03-18,2023-03-03
TOR,20222023,2023-03-02,2,FALSE,2,1,84,62,NA,2023-03-18,2023-03-03
TOR,20222023,2023-03-04,0,FALSE,1,4,84,63,NA,2023-03-18,2023-03-03
TOR,20222023,2023-03-07,2,FALSE,4,3,86,64,NA,2023-03-18,2023-03-03
TOR,20222023,2023-03-11,2,TRUE,7,4,88,65,NA,2023-03-18,2023-03-03
TOR,20222023,2023-03-13,0,TRUE,3,4,88,66,NA,2023-03-18,2023-03-03
TOR,20222023,2023-03-15,1,TRUE,1,2,89,67,NA,2023-03-18,2023-03-03
TOR,20222023,2023-03-17,2,TRUE,5,2,91,68,NA,2023-03-18,2023-03-03
TOR,20222023,2023-03-18,2,FALSE,5,4,93,69,NA,2023-03-18,2023-03-03
TOR,20222023,2023-03-21,0,FALSE,2,7,93,70,NA,2023-03-18,2023-03-03
TOR,20222023,2023-03-23,2,FALSE,6,2,95,71,NA,2023-03-18,2023-03-03
TOR,20222023,2023-03-25,0,FALSE,3,5,95,72,NA,2023-03-18,2023-03-03
TOR,20222023,2023-03-26,2,FALSE,3,2,97,73,NA,2023-03-18,2023-03-03
TOR,20222023,2023-03-29,1,TRUE,2,3,98,74,NA,2023-03-18,2023-03-03
TOR,20222023,2023-04-01,2,FALSE,3,0,100,75,NA,2023-03-18,2023-03-03
TOR,20222023,2023-04-02,0,TRUE,2,5,100,76,NA,2023-03-18,2023-03-03
TOR,20222023,2023-04-04,2,TRUE,4,2,102,77,NA,2023-03-18,2023-03-03
TOR,20222023,2023-04-06,1,FALSE,1,2,103,78,NA,2023-03-18,2023-03-03
TOR,20222023,2023-04-08,2,TRUE,7,1,105,79,NA,2023-03-18,2023-03-03
TOR,20222023,2023-04-10,2,FALSE,2,1,107,80,NA,2023-03-18,2023-03-03
TOR,20222023,2023-04-11,2,FALSE,4,3,109,81,NA,2023-03-18,2023-03-03
TOR,20222023,2023-04-13,2,FALSE,3,2,111,82,NA,2023-03-18,2023-03-03
TOR,20232024,2023-10-11,2,TRUE,6,5,2,1,NA,2024-03-30,2024-03-08
TOR,20232024,2023-10-14,2,TRUE,7,4,4,2,NA,2024-03-30,2024-03-08
TOR,20232024,2023-10-16,0,TRUE,1,4,4,3,NA,2024-03-30,2024-03-08
TOR,20232024,2023-10-19,0,FALSE,1,3,4,4,NA,2024-03-30,2024-03-08
TOR,20232024,2023-10-21,2,FALSE,4,3,6,5,NA,2024-03-30,2024-03-08
TOR,20232024,2023-10-24,2,FALSE,4,1,8,6,NA,2024-03-30,2024-03-08
TOR,20232024,2023-10-26,2,FALSE,4,1,10,7,NA,2024-03-30,2024-03-08
TOR,20232024,2023-10-28,1,FALSE,2,3,11,8,NA,2024-03-30,2024-03-08
TOR,20232024,2023-10-31,0,TRUE,1,4,11,9,NA,2024-03-30,2024-03-08
TOR,20232024,2023-11-02,1,FALSE,2,3,12,10,NA,2024-03-30,2024-03-08
TOR,20232024,2023-11-04,0,TRUE,4,6,12,11,NA,2024-03-30,2024-03-08
TOR,20232024,2023-11-06,2,TRUE,6,5,14,12,NA,2024-03-30,2024-03-08
TOR,20232024,2023-11-08,0,TRUE,3,6,14,13,NA,2024-03-30,2024-03-08
TOR,20232024,2023-11-10,2,TRUE,5,4,16,14,NA,2024-03-30,2024-03-08
TOR,20232024,2023-11-11,2,TRUE,5,2,18,15,NA,2024-03-30,2024-03-08
TOR,20232024,2023-11-17,2,FALSE,3,2,20,16,NA,2024-03-30,2024-03-08
TOR,20232024,2023-11-19,2,FALSE,4,3,22,17,NA,2024-03-30,2024-03-08
TOR,20232024,2023-11-24,1,FALSE,3,4,23,18,NA,2024-03-30,2024-03-08
TOR,20232024,2023-11-25,0,FALSE,2,3,23,19,NA,2024-03-30,2024-03-08
TOR,20232024,2023-11-28,2,TRUE,2,1,25,20,NA,2024-03-30,2024-03-08
TOR,20232024,2023-11-30,2,TRUE,4,3,27,21,NA,2024-03-30,2024-03-08
TOR,20232024,2023-12-02,1,TRUE,3,4,28,22,NA,2024-03-30,2024-03-08
TOR,20232024,2023-12-07,2,FALSE,4,3,30,23,NA,2024-03-30,2024-03-08
TOR,20232024,2023-12-09,2,TRUE,4,0,32,24,NA,2024-03-30,2024-03-08
TOR,20232024,2023-12-11,1,FALSE,3,4,33,25,NA,2024-03-30,2024-03-08
TOR,20232024,2023-12-12,2,FALSE,7,3,35,26,NA,2024-03-30,2024-03-08
TOR,20232024,2023-12-14,1,TRUE,5,6,36,27,NA,2024-03-30,2024-03-08
TOR,20232024,2023-12-16,2,TRUE,7,0,38,28,NA,2024-03-30,2024-03-08
TOR,20232024,2023-12-19,0,TRUE,2,5,38,29,NA,2024-03-30,2024-03-08
TOR,20232024,2023-12-21,0,FALSE,3,9,38,30,NA,2024-03-30,2024-03-08
TOR,20232024,2023-12-23,2,FALSE,4,1,40,31,NA,2024-03-30,2024-03-08
TOR,20232024,2023-12-27,0,TRUE,2,4,40,32,NA,2024-03-30,2024-03-08
TOR,20232024,2023-12-29,1,FALSE,5,6,41,33,NA,2024-03-30,2024-03-08
TOR,20232024,2023-12-30,0,TRUE,2,3,41,34,NA,2024-03-30,2024-03-08
TOR,20232024,2024-01-02,2,FALSE,3,0,43,35,NA,2024-03-30,2024-03-08
TOR,20232024,2024-01-03,2,FALSE,2,1,45,36,NA,2024-03-30,2024-03-08
TOR,20232024,2024-01-06,2,FALSE,4,1,47,37,NA,2024-03-30,2024-03-08
TOR,20232024,2024-01-09,2,TRUE,7,1,49,38,NA,2024-03-30,2024-03-08
TOR,20232024,2024-01-11,1,FALSE,3,4,50,39,NA,2024-03-30,2024-03-08
TOR,20232024,2024-01-13,0,TRUE,3,5,50,40,NA,2024-03-30,2024-03-08
TOR,20232024,2024-01-14,0,TRUE,2,4,50,41,NA,2024-03-30,2024-03-08
TOR,20232024,2024-01-16,0,FALSE,2,4,50,42,NA,2024-03-30,2024-03-08
TOR,20232024,2024-01-18,2,FALSE,4,3,52,43,NA,2024-03-30,2024-03-08
TOR,20232024,2024-01-20,0,FALSE,4,6,52,44,NA,2024-03-30,2024-03-08
TOR,20232024,2024-01-21,2,FALSE,3,1,54,45,NA,2024-03-30,2024-03-08
TOR,20232024,2024-01-24,2,TRUE,1,0,56,46,NA,2024-03-30,2024-03-08
TOR,20232024,2024-01-27,2,FALSE,4,2,58,47,NA,2024-03-30,2024-03-08
TOR,20232024,2024-02-05,0,TRUE,2,3,58,48,NA,2024-03-30,2024-03-08
TOR,20232024,2024-02-07,2,TRUE,5,4,60,49,NA,2024-03-30,2024-03-08
TOR,20232024,2024-02-10,0,FALSE,3,5,60,50,NA,2024-03-30,2024-03-08
TOR,20232024,2024-02-13,2,TRUE,4,1,62,51,NA,2024-03-30,2024-03-08
TOR,20232024,2024-02-15,2,TRUE,4,3,64,52,NA,2024-03-30,2024-03-08
TOR,20232024,2024-02-17,2,TRUE,9,2,66,53,NA,2024-03-30,2024-03-08
TOR,20232024,2024-02-19,2,FALSE,4,2,68,54,NA,2024-03-30,2024-03-08
TOR,20232024,2024-02-21,2,FALSE,6,3,70,55,NA,2024-03-30,2024-03-08
TOR,20232024,2024-02-22,2,FALSE,7,3,72,56,NA,2024-03-30,2024-03-08
TOR,20232024,2024-02-24,2,FALSE,4,3,74,57,NA,2024-03-30,2024-03-08
TOR,20232024,2024-02-27,0,TRUE,2,6,74,58,NA,2024-03-30,2024-03-08
TOR,20232024,2024-02-29,2,TRUE,4,2,76,59,NA,2024-03-30,2024-03-08
TOR,20232024,2024-03-02,2,TRUE,4,3,78,60,NA,2024-03-30,2024-03-08
TOR,20232024,2024-03-04,0,TRUE,1,4,78,61,NA,2024-03-30,2024-03-08
TOR,20232024,2024-03-06,2,TRUE,2,1,80,62,NA,2024-03-30,2024-03-08
TOR,20232024,2024-03-07,0,FALSE,1,4,80,63,NA,2024-03-30,2024-03-08
TOR,20232024,2024-03-09,2,FALSE,3,2,82,64,NA,2024-03-30,2024-03-08
TOR,20232024,2024-03-14,2,FALSE,6,2,84,65,NA,2024-03-30,2024-03-08
TOR,20232024,2024-03-16,1,TRUE,4,5,85,66,NA,2024-03-30,2024-03-08
TOR,20232024,2024-03-19,0,FALSE,3,4,85,67,NA,2024-03-30,2024-03-08
TOR,20232024,2024-03-20,2,FALSE,7,3,87,68,NA,2024-03-30,2024-03-08
TOR,20232024,2024-03-23,2,TRUE,6,3,89,69,NA,2024-03-30,2024-03-08
TOR,20232024,2024-03-24,0,FALSE,1,2,89,70,NA,2024-03-30,2024-03-08
TOR,20232024,2024-03-26,0,TRUE,3,6,89,71,NA,2024-03-30,2024-03-08
TOR,20232024,2024-03-28,2,TRUE,5,1,91,72,NA,2024-03-30,2024-03-08
TOR,20232024,2024-03-30,2,FALSE,3,0,93,73,NA,2024-03-30,2024-03-08
TOR,20232024,2024-04-01,2,TRUE,6,4,95,74,NA,2024-03-30,2024-03-08
TOR,20232024,2024-04-03,0,TRUE,1,4,95,75,NA,2024-03-30,2024-03-08
TOR,20232024,2024-04-06,2,FALSE,4,2,97,76,NA,2024-03-30,2024-03-08
TOR,20232024,2024-04-08,2,TRUE,3,2,99,77,NA,2024-03-30,2024-03-08
TOR,20232024,2024-04-09,2,FALSE,5,2,101,78,NA,2024-03-30,2024-03-08
TOR,20232024,2024-04-11,0,TRUE,5,6,101,79,NA,2024-03-30,2024-03-08
TOR,20232024,2024-04-13,1,TRUE,4,5,102,80,NA,2024-03-30,2024-03-08
TOR,20232024,2024-04-16,0,FALSE,2,5,102,81,NA,2024-03-30,2024-03-08
TOR,20232024,2024-04-17,0,FALSE,4,6,102,82,NA,2024-03-30,2024-03-08
VAN,20212022,2021-10-13,1,FALSE,2,3,1,1,2022-04-21,NA,2022-03-21
VAN,20212022,2021-10-15,2,FALSE,5,4,3,2,2022-04-21,NA,2022-03-21
VAN,20212022,2021-10-16,0,FALSE,1,3,3,3,2022-04-21,NA,2022-03-21
VAN,20212022,2021-10-19,0,FALSE,2,5,3,4,2022-04-21,NA,2022-03-21
VAN,20212022,2021-10-21,2,FALSE,4,1,5,5,2022-04-21,NA,2022-03-21
VAN,20212022,2021-10-23,2,FALSE,4,2,7,6,2022-04-21,NA,2022-03-21
VAN,20212022,2021-10-26,0,TRUE,2,3,7,7,2022-04-21,NA,2022-03-21
VAN,20212022,2021-10-28,0,TRUE,1,2,7,8,2022-04-21,NA,2022-03-21
VAN,20212022,2021-10-30,0,TRUE,1,2,7,9,2022-04-21,NA,2022-03-21
VAN,20212022,2021-11-02,2,TRUE,3,2,9,10,2022-04-21,NA,2022-03-21
VAN,20212022,2021-11-05,0,TRUE,2,3,9,11,2022-04-21,NA,2022-03-21
VAN,20212022,2021-11-07,2,TRUE,6,3,11,12,2022-04-21,NA,2022-03-21
VAN,20212022,2021-11-09,1,TRUE,2,3,12,13,2022-04-21,NA,2022-03-21
VAN,20212022,2021-11-11,0,FALSE,1,7,12,14,2022-04-21,NA,2022-03-21
VAN,20212022,2021-11-13,0,FALSE,4,7,12,15,2022-04-21,NA,2022-03-21
VAN,20212022,2021-11-14,0,FALSE,1,5,12,16,2022-04-21,NA,2022-03-21
VAN,20212022,2021-11-17,0,TRUE,2,4,12,17,2022-04-21,NA,2022-03-21
VAN,20212022,2021-11-19,2,TRUE,3,2,14,18,2022-04-21,NA,2022-03-21
VAN,20212022,2021-11-21,0,TRUE,0,1,14,19,2022-04-21,NA,2022-03-21
VAN,20212022,2021-11-24,0,FALSE,1,4,14,20,2022-04-21,NA,2022-03-21
VAN,20212022,2021-11-26,0,FALSE,2,4,14,21,2022-04-21,NA,2022-03-21
VAN,20212022,2021-11-28,0,FALSE,2,3,14,22,2022-04-21,NA,2022-03-21
VAN,20212022,2021-11-29,2,FALSE,2,1,16,23,2022-04-21,NA,2022-03-21
VAN,20212022,2021-12-01,2,FALSE,6,2,18,24,2022-04-21,NA,2022-03-21
VAN,20212022,2021-12-04,0,TRUE,1,4,18,25,2022-04-21,NA,2022-03-21
VAN,20212022,2021-12-06,2,TRUE,4,0,20,26,2022-04-21,NA,2022-03-21
VAN,20212022,2021-12-08,2,TRUE,2,1,22,27,2022-04-21,NA,2022-03-21
VAN,20212022,2021-12-10,2,TRUE,4,3,24,28,2022-04-21,NA,2022-03-21
VAN,20212022,2021-12-12,2,TRUE,2,1,26,29,2022-04-21,NA,2022-03-21
VAN,20212022,2021-12-14,2,TRUE,4,3,28,30,2022-04-21,NA,2022-03-21
VAN,20212022,2021-12-16,2,FALSE,5,2,30,31,2022-04-21,NA,2022-03-21
VAN,20212022,2021-12-29,2,FALSE,2,1,32,32,2022-04-21,NA,2022-03-21
VAN,20212022,2021-12-30,1,FALSE,1,2,33,33,2022-04-21,NA,2022-03-21
VAN,20212022,2022-01-01,2,FALSE,5,2,35,34,2022-04-21,NA,2022-03-21
VAN,20212022,2022-01-11,0,FALSE,2,5,35,35,2022-04-21,NA,2022-03-21
VAN,20212022,2022-01-13,0,FALSE,2,4,35,36,2022-04-21,NA,2022-03-21
VAN,20212022,2022-01-15,0,FALSE,1,4,35,37,2022-04-21,NA,2022-03-21
VAN,20212022,2022-01-16,2,FALSE,4,2,37,38,2022-04-21,NA,2022-03-21
VAN,20212022,2022-01-18,2,FALSE,3,1,39,39,2022-04-21,NA,2022-03-21
VAN,20212022,2022-01-21,1,TRUE,1,2,40,40,2022-04-21,NA,2022-03-21
VAN,20212022,2022-01-23,0,TRUE,1,3,40,41,2022-04-21,NA,2022-03-21
VAN,20212022,2022-01-25,1,TRUE,2,3,41,42,2022-04-21,NA,2022-03-21
VAN,20212022,2022-01-27,2,FALSE,5,1,43,43,2022-04-21,NA,2022-03-21
VAN,20212022,2022-01-29,1,FALSE,0,1,44,44,2022-04-21,NA,2022-03-21
VAN,20212022,2022-01-31,2,FALSE,3,1,46,45,2022-04-21,NA,2022-03-21
VAN,20212022,2022-02-01,0,FALSE,2,4,46,46,2022-04-21,NA,2022-03-21
VAN,20212022,2022-02-08,2,TRUE,5,1,48,47,2022-04-21,NA,2022-03-21
VAN,20212022,2022-02-09,0,TRUE,3,6,48,48,2022-04-21,NA,2022-03-21
VAN,20212022,2022-02-12,2,TRUE,3,2,50,49,2022-04-21,NA,2022-03-21
VAN,20212022,2022-02-17,2,FALSE,5,4,52,50,2022-04-21,NA,2022-03-21
VAN,20212022,2022-02-19,0,TRUE,4,7,52,51,2022-04-21,NA,2022-03-21
VAN,20212022,2022-02-21,2,TRUE,5,2,54,52,2022-04-21,NA,2022-03-21
VAN,20212022,2022-02-24,2,TRUE,7,1,56,53,2022-04-21,NA,2022-03-21
VAN,20212022,2022-02-27,2,FALSE,5,2,58,54,2022-04-21,NA,2022-03-21
VAN,20212022,2022-02-28,0,FALSE,2,7,58,55,2022-04-21,NA,2022-03-21
VAN,20212022,2022-03-03,2,FALSE,4,3,60,56,2022-04-21,NA,2022-03-21
VAN,20212022,2022-03-05,2,FALSE,6,4,62,57,2022-04-21,NA,2022-03-21
VAN,20212022,2022-03-09,2,TRUE,5,3,64,58,2022-04-21,NA,2022-03-21
VAN,20212022,2022-03-11,1,TRUE,3,4,65,59,2022-04-21,NA,2022-03-21
VAN,20212022,2022-03-13,0,TRUE,1,2,65,60,2022-04-21,NA,2022-03-21
VAN,20212022,2022-03-15,2,TRUE,6,3,67,61,2022-04-21,NA,2022-03-21
VAN,20212022,2022-03-17,0,TRUE,0,1,67,62,2022-04-21,NA,2022-03-21
VAN,20212022,2022-03-19,0,TRUE,2,5,67,63,2022-04-21,NA,2022-03-21
VAN,20212022,2022-03-20,1,TRUE,2,3,68,64,2022-04-21,NA,2022-03-21
VAN,20212022,2022-03-23,2,FALSE,3,1,70,65,2022-04-21,NA,2022-03-21
VAN,20212022,2022-03-24,1,FALSE,2,3,71,66,2022-04-21,NA,2022-03-21
VAN,20212022,2022-03-26,2,FALSE,4,1,73,67,2022-04-21,NA,2022-03-21
VAN,20212022,2022-03-28,0,FALSE,1,4,73,68,2022-04-21,NA,2022-03-21
VAN,20212022,2022-03-30,0,TRUE,3,4,73,69,2022-04-21,NA,2022-03-21
VAN,20212022,2022-04-03,1,TRUE,2,3,74,70,2022-04-21,NA,2022-03-21
VAN,20212022,2022-04-06,2,FALSE,5,1,76,71,2022-04-21,NA,2022-03-21
VAN,20212022,2022-04-07,2,FALSE,5,1,78,72,2022-04-21,NA,2022-03-21
VAN,20212022,2022-04-09,2,TRUE,4,2,80,73,2022-04-21,NA,2022-03-21
VAN,20212022,2022-04-12,2,TRUE,5,4,82,74,2022-04-21,NA,2022-03-21
VAN,20212022,2022-04-14,2,TRUE,7,1,84,75,2022-04-21,NA,2022-03-21
VAN,20212022,2022-04-18,2,TRUE,6,2,86,76,2022-04-21,NA,2022-03-21
VAN,20212022,2022-04-19,1,TRUE,3,4,87,77,2022-04-21,NA,2022-03-21
VAN,20212022,2022-04-21,0,FALSE,3,6,87,78,2022-04-21,NA,2022-03-21
VAN,20212022,2022-04-23,0,FALSE,3,6,87,79,2022-04-21,NA,2022-03-21
VAN,20212022,2022-04-26,2,TRUE,5,2,89,80,2022-04-21,NA,2022-03-21
VAN,20212022,2022-04-28,2,TRUE,3,2,91,81,2022-04-21,NA,2022-03-21
VAN,20212022,2022-04-29,1,FALSE,2,3,92,82,2022-04-21,NA,2022-03-21
VAN,20222023,2022-10-12,0,FALSE,3,5,0,1,2023-03-21,NA,2023-03-03
VAN,20222023,2022-10-15,0,FALSE,2,3,0,2,2023-03-21,NA,2023-03-03
VAN,20222023,2022-10-17,0,FALSE,4,6,0,3,2023-03-21,NA,2023-03-03
VAN,20222023,2022-10-18,1,FALSE,3,4,1,4,2023-03-21,NA,2023-03-03
VAN,20222023,2022-10-20,1,FALSE,3,4,2,5,2023-03-21,NA,2023-03-03
VAN,20222023,2022-10-22,0,TRUE,1,5,2,6,2023-03-21,NA,2023-03-03
VAN,20222023,2022-10-24,0,TRUE,2,3,2,7,2023-03-21,NA,2023-03-03
VAN,20222023,2022-10-27,2,FALSE,5,4,4,8,2023-03-21,NA,2023-03-03
VAN,20222023,2022-10-28,2,TRUE,5,1,6,9,2023-03-21,NA,2023-03-03
VAN,20222023,2022-11-01,0,TRUE,2,5,6,10,2023-03-21,NA,2023-03-03
VAN,20222023,2022-11-03,2,TRUE,8,5,8,11,2023-03-21,NA,2023-03-03
VAN,20222023,2022-11-05,1,TRUE,3,4,9,12,2023-03-21,NA,2023-03-03
VAN,20222023,2022-11-08,2,FALSE,6,4,11,13,2023-03-21,NA,2023-03-03
VAN,20222023,2022-11-09,0,FALSE,2,5,11,14,2023-03-21,NA,2023-03-03
VAN,20222023,2022-11-12,0,FALSE,2,3,11,15,2023-03-21,NA,2023-03-03
VAN,20222023,2022-11-13,0,FALSE,2,5,11,16,2023-03-21,NA,2023-03-03
VAN,20222023,2022-11-15,2,FALSE,5,4,13,17,2023-03-21,NA,2023-03-03
VAN,20222023,2022-11-18,2,TRUE,4,1,15,18,2023-03-21,NA,2023-03-03
VAN,20222023,2022-11-21,0,TRUE,4,5,15,19,2023-03-21,NA,2023-03-03
VAN,20222023,2022-11-23,2,FALSE,4,3,17,20,2023-03-21,NA,2023-03-03
VAN,20222023,2022-11-26,2,FALSE,5,1,19,21,2023-03-21,NA,2023-03-03
VAN,20222023,2022-11-27,2,FALSE,4,3,21,22,2023-03-21,NA,2023-03-03
VAN,20222023,2022-11-29,0,TRUE,1,5,21,23,2023-03-21,NA,2023-03-03
VAN,20222023,2022-12-01,0,TRUE,1,5,21,24,2023-03-21,NA,2023-03-03
VAN,20222023,2022-12-03,2,TRUE,3,2,23,25,2023-03-21,NA,2023-03-03
VAN,20222023,2022-12-05,2,TRUE,7,6,25,26,2023-03-21,NA,2023-03-03
VAN,20222023,2022-12-07,2,FALSE,6,5,27,27,2023-03-21,NA,2023-03-03
VAN,20222023,2022-12-10,0,TRUE,0,3,27,28,2023-03-21,NA,2023-03-03
VAN,20222023,2022-12-14,2,FALSE,4,3,29,29,2023-03-21,NA,2023-03-03
VAN,20222023,2022-12-17,0,TRUE,1,5,29,30,2023-03-21,NA,2023-03-03
VAN,20222023,2022-12-19,0,TRUE,1,5,29,31,2023-03-21,NA,2023-03-03
VAN,20222023,2022-12-22,2,TRUE,6,5,31,32,2023-03-21,NA,2023-03-03
VAN,20222023,2022-12-23,2,FALSE,5,2,33,33,2023-03-21,NA,2023-03-03
VAN,20222023,2022-12-27,2,TRUE,6,2,35,34,2023-03-21,NA,2023-03-03
VAN,20222023,2022-12-29,0,FALSE,2,4,35,35,2023-03-21,NA,2023-03-03
VAN,20222023,2022-12-31,0,FALSE,2,3,35,36,2023-03-21,NA,2023-03-03
VAN,20222023,2023-01-03,0,TRUE,2,6,35,37,2023-03-21,NA,2023-03-03
VAN,20222023,2023-01-05,2,TRUE,4,2,37,38,2023-03-21,NA,2023-03-03
VAN,20222023,2023-01-08,0,FALSE,4,7,37,39,2023-03-21,NA,2023-03-03
VAN,20222023,2023-01-10,0,FALSE,4,5,37,40,2023-03-21,NA,2023-03-03
VAN,20222023,2023-01-12,0,FALSE,4,5,37,41,2023-03-21,NA,2023-03-03
VAN,20222023,2023-01-14,0,FALSE,3,4,37,42,2023-03-21,NA,2023-03-03
VAN,20222023,2023-01-15,2,FALSE,4,3,39,43,2023-03-21,NA,2023-03-03
VAN,20222023,2023-01-18,0,TRUE,2,5,39,44,2023-03-21,NA,2023-03-03
VAN,20222023,2023-01-20,0,TRUE,1,4,39,45,2023-03-21,NA,2023-03-03
VAN,20222023,2023-01-21,0,TRUE,2,4,39,46,2023-03-21,NA,2023-03-03
VAN,20222023,2023-01-24,2,TRUE,5,2,41,47,2023-03-21,NA,2023-03-03
VAN,20222023,2023-01-25,0,FALSE,1,6,41,48,2023-03-21,NA,2023-03-03
VAN,20222023,2023-01-27,2,TRUE,5,2,43,49,2023-03-21,NA,2023-03-03
VAN,20222023,2023-02-06,1,FALSE,4,5,44,50,2023-03-21,NA,2023-03-03
VAN,20222023,2023-02-08,0,FALSE,3,4,44,51,2023-03-21,NA,2023-03-03
VAN,20222023,2023-02-09,2,FALSE,6,5,46,52,2023-03-21,NA,2023-03-03
VAN,20222023,2023-02-11,0,FALSE,2,5,46,53,2023-03-21,NA,2023-03-03
VAN,20222023,2023-02-13,0,TRUE,1,6,46,54,2023-03-21,NA,2023-03-03
VAN,20222023,2023-02-15,0,TRUE,4,6,46,55,2023-03-21,NA,2023-03-03
VAN,20222023,2023-02-18,2,TRUE,6,2,48,56,2023-03-21,NA,2023-03-03
VAN,20222023,2023-02-21,1,FALSE,4,5,49,57,2023-03-21,NA,2023-03-03
VAN,20222023,2023-02-23,2,FALSE,3,2,51,58,2023-03-21,NA,2023-03-03
VAN,20222023,2023-02-25,0,TRUE,1,3,51,59,2023-03-21,NA,2023-03-03
VAN,20222023,2023-02-27,2,FALSE,5,4,53,60,2023-03-21,NA,2023-03-03
VAN,20222023,2023-03-02,0,TRUE,1,2,53,61,2023-03-21,NA,2023-03-03
VAN,20222023,2023-03-04,2,TRUE,4,1,55,62,2023-03-21,NA,2023-03-03
VAN,20222023,2023-03-06,2,TRUE,4,3,57,63,2023-03-21,NA,2023-03-03
VAN,20222023,2023-03-08,2,TRUE,3,2,59,64,2023-03-21,NA,2023-03-03
VAN,20222023,2023-03-11,2,TRUE,5,2,61,65,2023-03-21,NA,2023-03-03
VAN,20222023,2023-03-14,2,TRUE,5,2,63,66,2023-03-21,NA,2023-03-03
VAN,20222023,2023-03-16,0,FALSE,2,3,63,67,2023-03-21,NA,2023-03-03
VAN,20222023,2023-03-18,2,FALSE,3,2,65,68,2023-03-21,NA,2023-03-03
VAN,20222023,2023-03-19,2,FALSE,2,1,67,69,2023-03-21,NA,2023-03-03
VAN,20222023,2023-03-21,0,TRUE,3,4,67,70,2023-03-21,NA,2023-03-03
VAN,20222023,2023-03-23,2,TRUE,7,2,69,71,2023-03-21,NA,2023-03-03
VAN,20222023,2023-03-25,2,FALSE,3,1,71,72,2023-03-21,NA,2023-03-03
VAN,20222023,2023-03-26,2,FALSE,4,2,73,73,2023-03-21,NA,2023-03-03
VAN,20222023,2023-03-28,1,FALSE,5,6,74,74,2023-03-21,NA,2023-03-03
VAN,20222023,2023-03-31,1,TRUE,4,5,75,75,2023-03-21,NA,2023-03-03
VAN,20222023,2023-04-02,0,TRUE,1,4,75,76,2023-03-21,NA,2023-03-03
VAN,20222023,2023-04-04,0,TRUE,2,5,75,77,2023-03-21,NA,2023-03-03
VAN,20222023,2023-04-06,2,TRUE,3,0,77,78,2023-03-21,NA,2023-03-03
VAN,20222023,2023-04-08,2,TRUE,3,2,79,79,2023-03-21,NA,2023-03-03
VAN,20222023,2023-04-10,0,FALSE,0,3,79,80,2023-03-21,NA,2023-03-03
VAN,20222023,2023-04-11,2,FALSE,3,2,81,81,2023-03-21,NA,2023-03-03
VAN,20222023,2023-04-13,2,FALSE,5,4,83,82,2023-03-21,NA,2023-03-03
VAN,20232024,2023-10-11,2,TRUE,8,1,2,1,NA,2024-03-13,2024-03-08
VAN,20232024,2023-10-14,2,FALSE,4,3,4,2,NA,2024-03-13,2024-03-08
VAN,20232024,2023-10-17,0,FALSE,0,2,4,3,NA,2024-03-13,2024-03-08
VAN,20232024,2023-10-19,0,FALSE,3,4,4,4,NA,2024-03-13,2024-03-08
VAN,20232024,2023-10-21,2,FALSE,5,3,6,5,NA,2024-03-13,2024-03-08
VAN,20232024,2023-10-24,2,FALSE,3,2,8,6,NA,2024-03-13,2024-03-08
VAN,20232024,2023-10-27,2,TRUE,5,0,10,7,NA,2024-03-13,2024-03-08
VAN,20232024,2023-10-28,1,TRUE,3,4,11,8,NA,2024-03-13,2024-03-08
VAN,20232024,2023-10-31,2,TRUE,5,2,13,9,NA,2024-03-13,2024-03-08
VAN,20232024,2023-11-02,2,FALSE,10,1,15,10,NA,2024-03-13,2024-03-08
VAN,20232024,2023-11-04,2,TRUE,2,0,17,11,NA,2024-03-13,2024-03-08
VAN,20232024,2023-11-06,2,TRUE,6,2,19,12,NA,2024-03-13,2024-03-08
VAN,20232024,2023-11-09,2,FALSE,5,2,21,13,NA,2024-03-13,2024-03-08
VAN,20232024,2023-11-11,0,FALSE,2,5,21,14,NA,2024-03-13,2024-03-08
VAN,20232024,2023-11-12,2,FALSE,5,2,23,15,NA,2024-03-13,2024-03-08
VAN,20232024,2023-11-15,2,TRUE,4,3,25,16,NA,2024-03-13,2024-03-08
VAN,20232024,2023-11-16,0,FALSE,2,5,25,17,NA,2024-03-13,2024-03-08
VAN,20232024,2023-11-18,0,TRUE,3,4,25,18,NA,2024-03-13,2024-03-08
VAN,20232024,2023-11-20,2,TRUE,3,1,27,19,NA,2024-03-13,2024-03-08
VAN,20232024,2023-11-22,0,FALSE,2,5,27,20,NA,2024-03-13,2024-03-08
VAN,20232024,2023-11-24,2,FALSE,5,1,29,21,NA,2024-03-13,2024-03-08
VAN,20232024,2023-11-25,0,FALSE,3,4,29,22,NA,2024-03-13,2024-03-08
VAN,20232024,2023-11-28,2,TRUE,3,1,31,23,NA,2024-03-13,2024-03-08
VAN,20232024,2023-11-30,0,TRUE,1,4,31,24,NA,2024-03-13,2024-03-08
VAN,20232024,2023-12-02,2,FALSE,4,3,33,25,NA,2024-03-13,2024-03-08
VAN,20232024,2023-12-05,0,TRUE,5,6,33,26,NA,2024-03-13,2024-03-08
VAN,20232024,2023-12-07,2,TRUE,2,0,35,27,NA,2024-03-13,2024-03-08
VAN,20232024,2023-12-09,2,TRUE,4,3,37,28,NA,2024-03-13,2024-03-08
VAN,20232024,2023-12-12,2,TRUE,4,1,39,29,NA,2024-03-13,2024-03-08
VAN,20232024,2023-12-14,2,TRUE,4,0,41,30,NA,2024-03-13,2024-03-08
VAN,20232024,2023-12-16,1,FALSE,1,2,42,31,NA,2024-03-13,2024-03-08
VAN,20232024,2023-12-17,2,FALSE,4,3,44,32,NA,2024-03-13,2024-03-08
VAN,20232024,2023-12-19,2,FALSE,5,2,46,33,NA,2024-03-13,2024-03-08
VAN,20232024,2023-12-21,1,FALSE,3,4,47,34,NA,2024-03-13,2024-03-08
VAN,20232024,2023-12-23,2,TRUE,7,4,49,35,NA,2024-03-13,2024-03-08
VAN,20232024,2023-12-28,0,TRUE,1,4,49,36,NA,2024-03-13,2024-03-08
VAN,20232024,2024-01-02,2,TRUE,6,3,51,37,NA,2024-03-13,2024-03-08
VAN,20232024,2024-01-04,0,FALSE,1,2,51,38,NA,2024-03-13,2024-03-08
VAN,20232024,2024-01-06,2,FALSE,6,4,53,39,NA,2024-03-13,2024-03-08
VAN,20232024,2024-01-08,2,FALSE,6,3,55,40,NA,2024-03-13,2024-03-08
VAN,20232024,2024-01-09,2,FALSE,5,2,57,41,NA,2024-03-13,2024-03-08
VAN,20232024,2024-01-11,2,FALSE,4,3,59,42,NA,2024-03-13,2024-03-08
VAN,20232024,2024-01-13,2,FALSE,1,0,61,43,NA,2024-03-13,2024-03-08
VAN,20232024,2024-01-15,1,FALSE,3,4,62,44,NA,2024-03-13,2024-03-08
VAN,20232024,2024-01-18,2,TRUE,2,1,64,45,NA,2024-03-13,2024-03-08
VAN,20232024,2024-01-20,2,TRUE,6,4,66,46,NA,2024-03-13,2024-03-08
VAN,20232024,2024-01-22,2,TRUE,2,0,68,47,NA,2024-03-13,2024-03-08
VAN,20232024,2024-01-24,1,TRUE,3,4,69,48,NA,2024-03-13,2024-03-08
VAN,20232024,2024-01-27,2,TRUE,5,4,71,49,NA,2024-03-13,2024-03-08
VAN,20232024,2024-02-06,2,FALSE,3,2,73,50,NA,2024-03-13,2024-03-08
VAN,20232024,2024-02-08,0,FALSE,0,4,73,51,NA,2024-03-13,2024-03-08
VAN,20232024,2024-02-10,1,FALSE,3,4,74,52,NA,2024-03-13,2024-03-08
VAN,20232024,2024-02-11,2,FALSE,3,2,76,53,NA,2024-03-13,2024-03-08
VAN,20232024,2024-02-13,2,FALSE,4,2,78,54,NA,2024-03-13,2024-03-08
VAN,20232024,2024-02-15,2,TRUE,4,1,80,55,NA,2024-03-13,2024-03-08
VAN,20232024,2024-02-17,0,TRUE,2,4,80,56,NA,2024-03-13,2024-03-08
VAN,20232024,2024-02-19,0,FALSE,7,10,80,57,NA,2024-03-13,2024-03-08
VAN,20232024,2024-02-20,0,FALSE,1,3,80,58,NA,2024-03-13,2024-03-08
VAN,20232024,2024-02-22,0,FALSE,2,5,80,59,NA,2024-03-13,2024-03-08
VAN,20232024,2024-02-24,2,TRUE,3,2,82,60,NA,2024-03-13,2024-03-08
VAN,20232024,2024-02-27,1,TRUE,3,4,83,61,NA,2024-03-13,2024-03-08
VAN,20232024,2024-02-29,0,TRUE,1,5,83,62,NA,2024-03-13,2024-03-08
VAN,20232024,2024-03-03,2,FALSE,2,1,85,63,NA,2024-03-13,2024-03-08
VAN,20232024,2024-03-05,2,FALSE,2,1,87,64,NA,2024-03-13,2024-03-08
VAN,20232024,2024-03-07,2,FALSE,3,1,89,65,NA,2024-03-13,2024-03-08
VAN,20232024,2024-03-09,2,TRUE,5,0,91,66,NA,2024-03-13,2024-03-08
VAN,20232024,2024-03-13,1,TRUE,3,4,92,67,NA,2024-03-13,2024-03-08
VAN,20232024,2024-03-16,0,TRUE,1,2,92,68,NA,2024-03-13,2024-03-08
VAN,20232024,2024-03-19,2,TRUE,3,2,94,69,NA,2024-03-13,2024-03-08
VAN,20232024,2024-03-21,2,TRUE,4,1,96,70,NA,2024-03-13,2024-03-08
VAN,20232024,2024-03-23,2,TRUE,4,2,98,71,NA,2024-03-13,2024-03-08
VAN,20232024,2024-03-25,0,TRUE,2,3,98,72,NA,2024-03-13,2024-03-08
VAN,20232024,2024-03-28,0,TRUE,1,3,98,73,NA,2024-03-13,2024-03-08
VAN,20232024,2024-03-31,2,TRUE,3,2,100,74,NA,2024-03-13,2024-03-08
VAN,20232024,2024-04-02,0,FALSE,3,6,100,75,NA,2024-03-13,2024-03-08
VAN,20232024,2024-04-03,2,FALSE,2,1,102,76,NA,2024-03-13,2024-03-08
VAN,20232024,2024-04-06,0,FALSE,3,6,102,77,NA,2024-03-13,2024-03-08
VAN,20232024,2024-04-08,2,TRUE,4,3,104,78,NA,2024-03-13,2024-03-08
VAN,20232024,2024-04-10,1,TRUE,3,4,105,79,NA,2024-03-13,2024-03-08
VAN,20232024,2024-04-13,2,FALSE,3,1,107,80,NA,2024-03-13,2024-03-08
VAN,20232024,2024-04-16,2,TRUE,4,1,109,81,NA,2024-03-13,2024-03-08
VAN,20232024,2024-04-18,0,FALSE,2,4,109,82,NA,2024-03-13,2024-03-08
VGK,20212022,2021-10-12,2,TRUE,4,3,2,1,2022-04-24,NA,2022-03-21
VGK,20212022,2021-10-14,0,FALSE,2,6,2,2,2022-04-24,NA,2022-03-21
VGK,20212022,2021-10-20,0,TRUE,1,3,2,3,2022-04-24,NA,2022-03-21
VGK,20212022,2021-10-22,0,TRUE,3,5,2,4,2022-04-24,NA,2022-03-21
VGK,20212022,2021-10-24,0,TRUE,0,2,2,5,2022-04-24,NA,2022-03-21
VGK,20212022,2021-10-26,2,FALSE,3,1,4,6,2022-04-24,NA,2022-03-21
VGK,20212022,2021-10-27,2,FALSE,3,2,6,7,2022-04-24,NA,2022-03-21
VGK,20212022,2021-10-29,2,TRUE,5,4,8,8,2022-04-24,NA,2022-03-21
VGK,20212022,2021-11-02,0,FALSE,0,4,8,9,2022-04-24,NA,2022-03-21
VGK,20212022,2021-11-04,2,FALSE,5,1,10,10,2022-04-24,NA,2022-03-21
VGK,20212022,2021-11-06,2,FALSE,5,2,12,11,2022-04-24,NA,2022-03-21
VGK,20212022,2021-11-07,0,FALSE,2,5,12,12,2022-04-24,NA,2022-03-21
VGK,20212022,2021-11-09,2,TRUE,4,2,14,13,2022-04-24,NA,2022-03-21
VGK,20212022,2021-11-11,2,TRUE,3,2,16,14,2022-04-24,NA,2022-03-21
VGK,20212022,2021-11-13,2,TRUE,7,4,18,15,2022-04-24,NA,2022-03-21
VGK,20212022,2021-11-16,0,TRUE,2,4,18,16,2022-04-24,NA,2022-03-21
VGK,20212022,2021-11-18,2,TRUE,5,2,20,17,2022-04-24,NA,2022-03-21
VGK,20212022,2021-11-20,2,TRUE,3,2,22,18,2022-04-24,NA,2022-03-21
VGK,20212022,2021-11-22,0,FALSE,2,5,22,19,2022-04-24,NA,2022-03-21
VGK,20212022,2021-11-24,2,FALSE,5,2,24,20,2022-04-24,NA,2022-03-21
VGK,20212022,2021-11-27,0,TRUE,2,3,24,21,2022-04-24,NA,2022-03-21
VGK,20212022,2021-12-01,0,FALSE,5,6,24,22,2022-04-24,NA,2022-03-21
VGK,20212022,2021-12-03,2,FALSE,7,1,26,23,2022-04-24,NA,2022-03-21
VGK,20212022,2021-12-05,2,TRUE,3,2,28,24,2022-04-24,NA,2022-03-21
VGK,20212022,2021-12-08,2,TRUE,5,4,30,25,2022-04-24,NA,2022-03-21
VGK,20212022,2021-12-10,0,TRUE,3,4,30,26,2022-04-24,NA,2022-03-21
VGK,20212022,2021-12-12,2,TRUE,6,4,32,27,2022-04-24,NA,2022-03-21
VGK,20212022,2021-12-14,2,FALSE,4,1,34,28,2022-04-24,NA,2022-03-21
VGK,20212022,2021-12-16,2,FALSE,5,3,36,29,2022-04-24,NA,2022-03-21
VGK,20212022,2021-12-17,2,FALSE,3,2,38,30,2022-04-24,NA,2022-03-21
VGK,20212022,2021-12-19,2,FALSE,4,3,40,31,2022-04-24,NA,2022-03-21
VGK,20212022,2021-12-21,0,TRUE,3,4,40,32,2022-04-24,NA,2022-03-21
VGK,20212022,2021-12-28,2,FALSE,6,3,42,33,2022-04-24,NA,2022-03-21
VGK,20212022,2021-12-31,2,TRUE,3,1,44,34,2022-04-24,NA,2022-03-21
VGK,20212022,2022-01-02,1,TRUE,4,5,45,35,2022-04-24,NA,2022-03-21
VGK,20212022,2022-01-04,0,TRUE,2,3,45,36,2022-04-24,NA,2022-03-21
VGK,20212022,2022-01-06,2,TRUE,5,1,47,37,2022-04-24,NA,2022-03-21
VGK,20212022,2022-01-08,0,TRUE,1,2,47,38,2022-04-24,NA,2022-03-21
VGK,20212022,2022-01-11,1,TRUE,3,4,48,39,2022-04-24,NA,2022-03-21
VGK,20212022,2022-01-17,0,TRUE,3,5,48,40,2022-04-24,NA,2022-03-21
VGK,20212022,2022-01-20,2,TRUE,4,3,50,41,2022-04-24,NA,2022-03-21
VGK,20212022,2022-01-24,2,FALSE,1,0,52,42,2022-04-24,NA,2022-03-21
VGK,20212022,2022-01-25,1,FALSE,3,4,53,43,2022-04-24,NA,2022-03-21
VGK,20212022,2022-01-27,0,FALSE,1,4,53,44,2022-04-24,NA,2022-03-21
VGK,20212022,2022-01-29,2,FALSE,3,2,55,45,2022-04-24,NA,2022-03-21
VGK,20212022,2022-02-01,2,TRUE,5,2,57,46,2022-04-24,NA,2022-03-21
VGK,20212022,2022-02-08,2,FALSE,4,0,59,47,2022-04-24,NA,2022-03-21
VGK,20212022,2022-02-09,0,FALSE,0,6,59,48,2022-04-24,NA,2022-03-21
VGK,20212022,2022-02-16,0,TRUE,0,2,59,49,2022-04-24,NA,2022-03-21
VGK,20212022,2022-02-18,1,TRUE,3,4,60,50,2022-04-24,NA,2022-03-21
VGK,20212022,2022-02-20,2,FALSE,4,1,62,51,2022-04-24,NA,2022-03-21
VGK,20212022,2022-02-25,0,FALSE,1,3,62,52,2022-04-24,NA,2022-03-21
VGK,20212022,2022-02-26,0,TRUE,2,3,62,53,2022-04-24,NA,2022-03-21
VGK,20212022,2022-03-01,2,TRUE,3,1,64,54,2022-04-24,NA,2022-03-21
VGK,20212022,2022-03-03,0,TRUE,2,5,64,55,2022-04-24,NA,2022-03-21
VGK,20212022,2022-03-04,2,FALSE,5,4,66,56,2022-04-24,NA,2022-03-21
VGK,20212022,2022-03-06,2,TRUE,2,1,68,57,2022-04-24,NA,2022-03-21
VGK,20212022,2022-03-08,0,FALSE,1,2,68,58,2022-04-24,NA,2022-03-21
VGK,20212022,2022-03-10,0,FALSE,1,3,68,59,2022-04-24,NA,2022-03-21
VGK,20212022,2022-03-11,0,FALSE,2,5,68,60,2022-04-24,NA,2022-03-21
VGK,20212022,2022-03-13,0,FALSE,4,6,68,61,2022-04-24,NA,2022-03-21
VGK,20212022,2022-03-15,0,FALSE,3,7,68,62,2022-04-24,NA,2022-03-21
VGK,20212022,2022-03-17,2,TRUE,5,3,70,63,2022-04-24,NA,2022-03-21
VGK,20212022,2022-03-19,2,TRUE,5,1,72,64,2022-04-24,NA,2022-03-21
VGK,20212022,2022-03-21,0,FALSE,0,3,72,65,2022-04-24,NA,2022-03-21
VGK,20212022,2022-03-22,0,FALSE,0,4,72,66,2022-04-24,NA,2022-03-21
VGK,20212022,2022-03-24,2,TRUE,6,1,74,67,2022-04-24,NA,2022-03-21
VGK,20212022,2022-03-26,2,TRUE,5,4,76,68,2022-04-24,NA,2022-03-21
VGK,20212022,2022-03-30,2,FALSE,3,0,78,69,2022-04-24,NA,2022-03-21
VGK,20212022,2022-04-01,2,FALSE,5,2,80,70,2022-04-24,NA,2022-03-21
VGK,20212022,2022-04-03,2,FALSE,3,2,82,71,2022-04-24,NA,2022-03-21
VGK,20212022,2022-04-06,0,TRUE,1,5,82,72,2022-04-24,NA,2022-03-21
VGK,20212022,2022-04-09,2,TRUE,6,1,84,73,2022-04-24,NA,2022-03-21
VGK,20212022,2022-04-12,1,FALSE,4,5,85,74,2022-04-24,NA,2022-03-21
VGK,20212022,2022-04-14,2,FALSE,6,1,87,75,2022-04-24,NA,2022-03-21
VGK,20212022,2022-04-16,0,FALSE,0,4,87,76,2022-04-24,NA,2022-03-21
VGK,20212022,2022-04-18,0,TRUE,2,3,87,77,2022-04-24,NA,2022-03-21
VGK,20212022,2022-04-20,2,TRUE,4,3,89,78,2022-04-24,NA,2022-03-21
VGK,20212022,2022-04-24,1,TRUE,4,5,90,79,2022-04-24,NA,2022-03-21
VGK,20212022,2022-04-26,1,FALSE,2,3,91,80,2022-04-24,NA,2022-03-21
VGK,20212022,2022-04-27,1,FALSE,3,4,92,81,2022-04-24,NA,2022-03-21
VGK,20212022,2022-04-29,2,FALSE,7,4,94,82,2022-04-24,NA,2022-03-21
VGK,20222023,2022-10-11,2,FALSE,4,3,2,1,NA,2023-03-21,2023-03-03
VGK,20222023,2022-10-13,2,TRUE,1,0,4,2,NA,2023-03-21,2023-03-03
VGK,20222023,2022-10-15,2,FALSE,5,2,6,3,NA,2023-03-21,2023-03-03
VGK,20222023,2022-10-18,0,FALSE,2,3,6,4,NA,2023-03-21,2023-03-03
VGK,20222023,2022-10-20,2,TRUE,5,2,8,5,NA,2023-03-21,2023-03-03
VGK,20222023,2022-10-22,0,TRUE,2,3,8,6,NA,2023-03-21,2023-03-03
VGK,20222023,2022-10-24,2,TRUE,3,1,10,7,NA,2023-03-21,2023-03-03
VGK,20222023,2022-10-25,2,FALSE,4,2,12,8,NA,2023-03-21,2023-03-03
VGK,20222023,2022-10-28,2,TRUE,4,0,14,9,NA,2023-03-21,2023-03-03
VGK,20222023,2022-10-30,2,TRUE,2,1,16,10,NA,2023-03-21,2023-03-03
VGK,20222023,2022-11-01,2,FALSE,3,2,18,11,NA,2023-03-21,2023-03-03
VGK,20222023,2022-11-03,2,FALSE,5,4,20,12,NA,2023-03-21,2023-03-03
VGK,20222023,2022-11-05,2,FALSE,6,4,22,13,NA,2023-03-21,2023-03-03
VGK,20222023,2022-11-08,2,FALSE,4,3,24,14,NA,2023-03-21,2023-03-03
VGK,20222023,2022-11-10,2,FALSE,7,4,26,15,NA,2023-03-21,2023-03-03
VGK,20222023,2022-11-12,0,TRUE,2,3,26,16,NA,2023-03-21,2023-03-03
VGK,20222023,2022-11-15,0,TRUE,2,5,26,17,NA,2023-03-21,2023-03-03
VGK,20222023,2022-11-17,2,TRUE,4,1,28,18,NA,2023-03-21,2023-03-03
VGK,20222023,2022-11-19,1,FALSE,3,4,29,19,NA,2023-03-21,2023-03-03
VGK,20222023,2022-11-21,2,FALSE,5,4,31,20,NA,2023-03-21,2023-03-03
VGK,20222023,2022-11-23,2,TRUE,4,1,33,21,NA,2023-03-21,2023-03-03
VGK,20222023,2022-11-25,0,TRUE,2,4,33,22,NA,2023-03-21,2023-03-03
VGK,20222023,2022-11-26,0,TRUE,1,5,33,23,NA,2023-03-21,2023-03-03
VGK,20222023,2022-11-28,2,FALSE,3,2,35,24,NA,2023-03-21,2023-03-03
VGK,20222023,2022-12-01,0,FALSE,3,4,35,25,NA,2023-03-21,2023-03-03
VGK,20222023,2022-12-03,2,FALSE,4,1,37,26,NA,2023-03-21,2023-03-03
VGK,20222023,2022-12-05,2,FALSE,4,3,39,27,NA,2023-03-21,2023-03-03
VGK,20222023,2022-12-07,0,TRUE,1,5,39,28,NA,2023-03-21,2023-03-03
VGK,20222023,2022-12-09,2,TRUE,2,1,41,29,NA,2023-03-21,2023-03-03
VGK,20222023,2022-12-11,0,TRUE,1,3,41,30,NA,2023-03-21,2023-03-03
VGK,20222023,2022-12-13,2,FALSE,6,5,43,31,NA,2023-03-21,2023-03-03
VGK,20222023,2022-12-15,2,FALSE,4,1,45,32,NA,2023-03-21,2023-03-03
VGK,20222023,2022-12-17,0,TRUE,2,5,45,33,NA,2023-03-21,2023-03-03
VGK,20222023,2022-12-19,0,TRUE,2,3,45,34,NA,2023-03-21,2023-03-03
VGK,20222023,2022-12-21,2,TRUE,5,2,47,35,NA,2023-03-21,2023-03-03
VGK,20222023,2022-12-23,2,TRUE,5,4,49,36,NA,2023-03-21,2023-03-03
VGK,20222023,2022-12-27,0,FALSE,2,4,49,37,NA,2023-03-21,2023-03-03
VGK,20222023,2022-12-28,1,FALSE,2,3,50,38,NA,2023-03-21,2023-03-03
VGK,20222023,2022-12-31,2,TRUE,5,4,52,39,NA,2023-03-21,2023-03-03
VGK,20222023,2023-01-02,2,FALSE,3,2,54,40,NA,2023-03-21,2023-03-03
VGK,20222023,2023-01-05,2,TRUE,5,2,56,41,NA,2023-03-21,2023-03-03
VGK,20222023,2023-01-07,0,TRUE,1,5,56,42,NA,2023-03-21,2023-03-03
VGK,20222023,2023-01-12,2,TRUE,4,2,58,43,NA,2023-03-21,2023-03-03
VGK,20222023,2023-01-14,0,TRUE,3,4,58,44,NA,2023-03-21,2023-03-03
VGK,20222023,2023-01-16,0,TRUE,0,4,58,45,NA,2023-03-21,2023-03-03
VGK,20222023,2023-01-19,0,TRUE,2,3,58,46,NA,2023-03-21,2023-03-03
VGK,20222023,2023-01-21,2,TRUE,6,2,60,47,NA,2023-03-21,2023-03-03
VGK,20222023,2023-01-22,0,FALSE,1,4,60,48,NA,2023-03-21,2023-03-03
VGK,20222023,2023-01-24,1,FALSE,2,3,61,49,NA,2023-03-21,2023-03-03
VGK,20222023,2023-01-27,0,FALSE,1,4,61,50,NA,2023-03-21,2023-03-03
VGK,20222023,2023-01-28,1,FALSE,1,2,62,51,NA,2023-03-21,2023-03-03
VGK,20222023,2023-02-07,2,FALSE,5,1,64,52,NA,2023-03-21,2023-03-03
VGK,20222023,2023-02-09,2,FALSE,5,1,66,53,NA,2023-03-21,2023-03-03
VGK,20222023,2023-02-12,2,TRUE,7,2,68,54,NA,2023-03-21,2023-03-03
VGK,20222023,2023-02-16,2,TRUE,2,1,70,55,NA,2023-03-21,2023-03-03
VGK,20222023,2023-02-18,2,TRUE,5,4,72,56,NA,2023-03-21,2023-03-03
VGK,20222023,2023-02-21,1,FALSE,2,3,73,57,NA,2023-03-21,2023-03-03
VGK,20222023,2023-02-23,2,TRUE,4,3,75,58,NA,2023-03-21,2023-03-03
VGK,20222023,2023-02-25,1,TRUE,2,3,76,59,NA,2023-03-21,2023-03-03
VGK,20222023,2023-02-27,0,FALSE,0,3,76,60,NA,2023-03-21,2023-03-03
VGK,20222023,2023-03-01,2,TRUE,3,2,78,61,NA,2023-03-21,2023-03-03
VGK,20222023,2023-03-03,2,TRUE,4,3,80,62,NA,2023-03-21,2023-03-03
VGK,20222023,2023-03-05,2,TRUE,4,3,82,63,NA,2023-03-21,2023-03-03
VGK,20222023,2023-03-07,0,FALSE,1,2,82,64,NA,2023-03-21,2023-03-03
VGK,20222023,2023-03-09,2,FALSE,4,3,84,65,NA,2023-03-21,2023-03-03
VGK,20222023,2023-03-11,2,FALSE,4,0,86,66,NA,2023-03-21,2023-03-03
VGK,20222023,2023-03-12,2,FALSE,5,3,88,67,NA,2023-03-21,2023-03-03
VGK,20222023,2023-03-14,2,FALSE,5,3,90,68,NA,2023-03-21,2023-03-03
VGK,20222023,2023-03-16,0,TRUE,2,7,90,69,NA,2023-03-21,2023-03-03
VGK,20222023,2023-03-19,2,TRUE,7,2,92,70,NA,2023-03-21,2023-03-03
VGK,20222023,2023-03-21,2,FALSE,4,3,94,71,NA,2023-03-21,2023-03-03
VGK,20222023,2023-03-23,2,FALSE,3,2,96,72,NA,2023-03-21,2023-03-03
VGK,20222023,2023-03-25,2,FALSE,4,3,98,73,NA,2023-03-21,2023-03-03
VGK,20222023,2023-03-28,0,TRUE,4,7,98,74,NA,2023-03-21,2023-03-03
VGK,20222023,2023-03-30,1,FALSE,3,4,99,75,NA,2023-03-21,2023-03-03
VGK,20222023,2023-04-01,2,TRUE,4,1,101,76,NA,2023-03-21,2023-03-03
VGK,20222023,2023-04-03,2,FALSE,4,3,103,77,NA,2023-03-21,2023-03-03
VGK,20222023,2023-04-04,1,FALSE,2,3,104,78,NA,2023-03-21,2023-03-03
VGK,20222023,2023-04-06,2,TRUE,5,2,106,79,NA,2023-03-21,2023-03-03
VGK,20222023,2023-04-08,1,FALSE,1,2,107,80,NA,2023-03-21,2023-03-03
VGK,20222023,2023-04-11,2,TRUE,4,1,109,81,NA,2023-03-21,2023-03-03
VGK,20222023,2023-04-13,2,FALSE,3,1,111,82,NA,2023-03-21,2023-03-03
VGK,20232024,2023-10-10,2,TRUE,4,1,2,1,NA,2024-04-02,2024-03-08
VGK,20232024,2023-10-12,2,FALSE,4,1,4,2,NA,2024-04-02,2024-03-08
VGK,20232024,2023-10-14,2,TRUE,4,1,6,3,NA,2024-04-02,2024-03-08
VGK,20232024,2023-10-17,2,TRUE,3,2,8,4,NA,2024-04-02,2024-03-08
VGK,20232024,2023-10-19,2,FALSE,5,3,10,5,NA,2024-04-02,2024-03-08
VGK,20232024,2023-10-21,2,FALSE,5,3,12,6,NA,2024-04-02,2024-03-08
VGK,20232024,2023-10-24,2,TRUE,3,2,14,7,NA,2024-04-02,2024-03-08
VGK,20232024,2023-10-27,1,TRUE,3,4,15,8,NA,2024-04-02,2024-03-08
VGK,20232024,2023-10-28,2,FALSE,4,3,17,9,NA,2024-04-02,2024-03-08
VGK,20232024,2023-10-30,2,TRUE,3,2,19,10,NA,2024-04-02,2024-03-08
VGK,20232024,2023-11-02,2,TRUE,5,2,21,11,NA,2024-04-02,2024-03-08
VGK,20232024,2023-11-04,2,TRUE,7,0,23,12,NA,2024-04-02,2024-03-08
VGK,20232024,2023-11-05,0,FALSE,2,4,23,13,NA,2024-04-02,2024-03-08
VGK,20232024,2023-11-08,0,TRUE,1,4,23,14,NA,2024-04-02,2024-03-08
VGK,20232024,2023-11-10,2,TRUE,5,0,25,15,NA,2024-04-02,2024-03-08
VGK,20232024,2023-11-14,0,FALSE,0,3,25,16,NA,2024-04-02,2024-03-08
VGK,20232024,2023-11-16,2,FALSE,6,5,27,17,NA,2024-04-02,2024-03-08
VGK,20232024,2023-11-18,1,FALSE,3,4,28,18,NA,2024-04-02,2024-03-08
VGK,20232024,2023-11-19,0,FALSE,0,3,28,19,NA,2024-04-02,2024-03-08
VGK,20232024,2023-11-22,2,FALSE,2,1,30,20,NA,2024-04-02,2024-03-08
VGK,20232024,2023-11-25,0,TRUE,0,2,30,21,NA,2024-04-02,2024-03-08
VGK,20232024,2023-11-27,1,FALSE,1,2,31,22,NA,2024-04-02,2024-03-08
VGK,20232024,2023-11-28,1,FALSE,4,5,32,23,NA,2024-04-02,2024-03-08
VGK,20232024,2023-11-30,2,FALSE,4,1,34,24,NA,2024-04-02,2024-03-08
VGK,20232024,2023-12-02,2,TRUE,4,1,36,25,NA,2024-04-02,2024-03-08
VGK,20232024,2023-12-04,1,TRUE,1,2,37,26,NA,2024-04-02,2024-03-08
VGK,20232024,2023-12-06,2,FALSE,6,3,39,27,NA,2024-04-02,2024-03-08
VGK,20232024,2023-12-09,2,FALSE,6,1,41,28,NA,2024-04-02,2024-03-08
VGK,20232024,2023-12-10,2,TRUE,5,4,43,29,NA,2024-04-02,2024-03-08
VGK,20232024,2023-12-12,2,TRUE,5,4,45,30,NA,2024-04-02,2024-03-08
VGK,20232024,2023-12-15,0,TRUE,2,5,45,31,NA,2024-04-02,2024-03-08
VGK,20232024,2023-12-17,2,TRUE,6,3,47,32,NA,2024-04-02,2024-03-08
VGK,20232024,2023-12-19,0,FALSE,3,6,47,33,NA,2024-04-02,2024-03-08
VGK,20232024,2023-12-21,0,FALSE,4,5,47,34,NA,2024-04-02,2024-03-08
VGK,20232024,2023-12-23,0,FALSE,2,4,47,35,NA,2024-04-02,2024-03-08
VGK,20232024,2023-12-27,0,FALSE,2,5,47,36,NA,2024-04-02,2024-03-08
VGK,20232024,2023-12-28,2,TRUE,3,2,49,37,NA,2024-04-02,2024-03-08
VGK,20232024,2024-01-01,0,FALSE,0,3,49,38,NA,2024-04-02,2024-03-08
VGK,20232024,2024-01-04,0,TRUE,1,4,49,39,NA,2024-04-02,2024-03-08
VGK,20232024,2024-01-06,2,TRUE,5,2,51,40,NA,2024-04-02,2024-03-08
VGK,20232024,2024-01-10,0,FALSE,0,3,51,41,NA,2024-04-02,2024-03-08
VGK,20232024,2024-01-11,2,TRUE,2,1,53,42,NA,2024-04-02,2024-03-08
VGK,20232024,2024-01-13,0,TRUE,1,3,53,43,NA,2024-04-02,2024-03-08
VGK,20232024,2024-01-15,2,TRUE,4,1,55,44,NA,2024-04-02,2024-03-08
VGK,20232024,2024-01-18,2,TRUE,5,1,57,45,NA,2024-04-02,2024-03-08
VGK,20232024,2024-01-20,2,TRUE,3,2,59,46,NA,2024-04-02,2024-03-08
VGK,20232024,2024-01-22,1,FALSE,5,6,60,47,NA,2024-04-02,2024-03-08
VGK,20232024,2024-01-23,2,FALSE,3,2,62,48,NA,2024-04-02,2024-03-08
VGK,20232024,2024-01-26,2,FALSE,5,2,64,49,NA,2024-04-02,2024-03-08
VGK,20232024,2024-01-27,0,FALSE,2,5,64,50,NA,2024-04-02,2024-03-08
VGK,20232024,2024-02-06,2,TRUE,3,1,66,51,NA,2024-04-02,2024-03-08
VGK,20232024,2024-02-08,2,FALSE,3,2,68,52,NA,2024-04-02,2024-03-08
VGK,20232024,2024-02-12,0,TRUE,3,5,68,53,NA,2024-04-02,2024-03-08
VGK,20232024,2024-02-17,0,TRUE,1,3,68,54,NA,2024-04-02,2024-03-08
VGK,20232024,2024-02-19,2,FALSE,4,0,70,55,NA,2024-04-02,2024-03-08
VGK,20232024,2024-02-20,0,TRUE,3,5,70,56,NA,2024-04-02,2024-03-08
VGK,20232024,2024-02-22,0,TRUE,3,7,70,57,NA,2024-04-02,2024-03-08
VGK,20232024,2024-02-24,1,FALSE,3,4,71,58,NA,2024-04-02,2024-03-08
VGK,20232024,2024-02-27,2,FALSE,6,2,73,59,NA,2024-04-02,2024-03-08
VGK,20232024,2024-02-29,0,FALSE,4,5,73,60,NA,2024-04-02,2024-03-08
VGK,20232024,2024-03-02,0,FALSE,2,7,73,61,NA,2024-04-02,2024-03-08
VGK,20232024,2024-03-04,0,FALSE,3,6,73,62,NA,2024-04-02,2024-03-08
VGK,20232024,2024-03-07,0,TRUE,1,3,73,63,NA,2024-04-02,2024-03-08
VGK,20232024,2024-03-09,2,TRUE,5,3,75,64,NA,2024-04-02,2024-03-08
VGK,20232024,2024-03-12,2,FALSE,5,4,77,65,NA,2024-04-02,2024-03-08
VGK,20232024,2024-03-14,0,FALSE,1,4,77,66,NA,2024-04-02,2024-03-08
VGK,20232024,2024-03-17,2,TRUE,3,1,79,67,NA,2024-04-02,2024-03-08
VGK,20232024,2024-03-19,0,TRUE,3,5,79,68,NA,2024-04-02,2024-03-08
VGK,20232024,2024-03-21,2,TRUE,3,1,81,69,NA,2024-04-02,2024-03-08
VGK,20232024,2024-03-23,2,TRUE,4,2,83,70,NA,2024-04-02,2024-03-08
VGK,20232024,2024-03-25,2,FALSE,2,1,85,71,NA,2024-04-02,2024-03-08
VGK,20232024,2024-03-26,1,FALSE,4,5,86,72,NA,2024-04-02,2024-03-08
VGK,20232024,2024-03-28,2,FALSE,4,1,88,73,NA,2024-04-02,2024-03-08
VGK,20232024,2024-03-30,2,FALSE,2,1,90,74,NA,2024-04-02,2024-03-08
VGK,20232024,2024-04-02,2,TRUE,6,3,92,75,NA,2024-04-02,2024-03-08
VGK,20232024,2024-04-05,0,FALSE,4,7,92,76,NA,2024-04-02,2024-03-08
VGK,20232024,2024-04-08,0,FALSE,3,4,92,77,NA,2024-04-02,2024-03-08
VGK,20232024,2024-04-10,0,FALSE,1,5,92,78,NA,2024-04-02,2024-03-08
VGK,20232024,2024-04-12,2,TRUE,7,2,94,79,NA,2024-04-02,2024-03-08
VGK,20232024,2024-04-14,2,TRUE,4,3,96,80,NA,2024-04-02,2024-03-08
VGK,20232024,2024-04-16,2,TRUE,3,1,98,81,NA,2024-04-02,2024-03-08
VGK,20232024,2024-04-18,0,TRUE,1,4,98,82,NA,2024-04-02,2024-03-08
WPG,20212022,2021-10-13,0,FALSE,1,4,0,1,2022-04-15,NA,2022-03-21
WPG,20212022,2021-10-16,0,FALSE,3,4,0,2,2022-04-15,NA,2022-03-21
WPG,20212022,2021-10-19,1,FALSE,5,6,1,3,2022-04-15,NA,2022-03-21
WPG,20212022,2021-10-21,2,TRUE,5,1,3,4,2022-04-15,NA,2022-03-21
WPG,20212022,2021-10-23,2,TRUE,6,4,5,5,2022-04-15,NA,2022-03-21
WPG,20212022,2021-10-26,2,FALSE,4,3,7,6,2022-04-15,NA,2022-03-21
WPG,20212022,2021-10-28,2,FALSE,3,2,9,7,2022-04-15,NA,2022-03-21
WPG,20212022,2021-10-30,1,FALSE,1,2,10,8,2022-04-15,NA,2022-03-21
WPG,20212022,2021-11-02,2,TRUE,4,3,12,9,2022-04-15,NA,2022-03-21
WPG,20212022,2021-11-05,2,TRUE,5,1,14,10,2022-04-15,NA,2022-03-21
WPG,20212022,2021-11-06,0,TRUE,0,2,14,11,2022-04-15,NA,2022-03-21
WPG,20212022,2021-11-09,1,TRUE,2,3,15,12,2022-04-15,NA,2022-03-21
WPG,20212022,2021-11-11,2,TRUE,4,1,17,13,2022-04-15,NA,2022-03-21
WPG,20212022,2021-11-13,2,TRUE,3,2,19,14,2022-04-15,NA,2022-03-21
WPG,20212022,2021-11-16,2,TRUE,5,2,21,15,2022-04-15,NA,2022-03-21
WPG,20212022,2021-11-18,1,FALSE,1,2,22,16,2022-04-15,NA,2022-03-21
WPG,20212022,2021-11-19,0,FALSE,2,3,22,17,2022-04-15,NA,2022-03-21
WPG,20212022,2021-11-22,0,TRUE,1,3,22,18,2022-04-15,NA,2022-03-21
WPG,20212022,2021-11-24,0,FALSE,0,3,22,19,2022-04-15,NA,2022-03-21
WPG,20212022,2021-11-26,0,FALSE,1,7,22,20,2022-04-15,NA,2022-03-21
WPG,20212022,2021-11-27,2,FALSE,4,2,24,21,2022-04-15,NA,2022-03-21
WPG,20212022,2021-11-29,0,TRUE,0,1,24,22,2022-04-15,NA,2022-03-21
WPG,20212022,2021-12-03,2,TRUE,8,4,26,23,2022-04-15,NA,2022-03-21
WPG,20212022,2021-12-05,2,TRUE,6,3,28,24,2022-04-15,NA,2022-03-21
WPG,20212022,2021-12-07,0,TRUE,2,4,28,25,2022-04-15,NA,2022-03-21
WPG,20212022,2021-12-09,2,FALSE,3,0,30,26,2022-04-15,NA,2022-03-21
WPG,20212022,2021-12-10,1,FALSE,3,4,31,27,2022-04-15,NA,2022-03-21
WPG,20212022,2021-12-14,0,TRUE,2,4,31,28,2022-04-15,NA,2022-03-21
WPG,20212022,2021-12-17,0,TRUE,2,5,31,29,2022-04-15,NA,2022-03-21
WPG,20212022,2021-12-19,2,TRUE,4,2,33,30,2022-04-15,NA,2022-03-21
WPG,20212022,2022-01-02,2,FALSE,5,4,35,31,2022-04-15,NA,2022-03-21
WPG,20212022,2022-01-04,2,FALSE,3,1,37,32,2022-04-15,NA,2022-03-21
WPG,20212022,2022-01-06,0,FALSE,1,7,37,33,2022-04-15,NA,2022-03-21
WPG,20212022,2022-01-13,2,FALSE,3,0,39,34,2022-04-15,NA,2022-03-21
WPG,20212022,2022-01-18,1,FALSE,3,4,40,35,2022-04-15,NA,2022-03-21
WPG,20212022,2022-01-20,0,FALSE,2,5,40,36,2022-04-15,NA,2022-03-21
WPG,20212022,2022-01-22,0,FALSE,2,3,40,37,2022-04-15,NA,2022-03-21
WPG,20212022,2022-01-23,1,FALSE,2,3,41,38,2022-04-15,NA,2022-03-21
WPG,20212022,2022-01-25,0,TRUE,3,5,41,39,2022-04-15,NA,2022-03-21
WPG,20212022,2022-01-27,0,TRUE,1,5,41,40,2022-04-15,NA,2022-03-21
WPG,20212022,2022-01-29,2,FALSE,4,1,43,41,2022-04-15,NA,2022-03-21
WPG,20212022,2022-02-01,0,FALSE,1,3,43,42,2022-04-15,NA,2022-03-21
WPG,20212022,2022-02-08,2,TRUE,2,0,45,43,2022-04-15,NA,2022-03-21
WPG,20212022,2022-02-11,1,FALSE,3,4,46,44,2022-04-15,NA,2022-03-21
WPG,20212022,2022-02-12,2,FALSE,5,2,48,45,2022-04-15,NA,2022-03-21
WPG,20212022,2022-02-14,0,TRUE,1,3,48,46,2022-04-15,NA,2022-03-21
WPG,20212022,2022-02-16,2,TRUE,6,3,50,47,2022-04-15,NA,2022-03-21
WPG,20212022,2022-02-17,2,TRUE,5,3,52,48,2022-04-15,NA,2022-03-21
WPG,20212022,2022-02-19,0,TRUE,2,4,52,49,2022-04-15,NA,2022-03-21
WPG,20212022,2022-02-21,0,FALSE,1,3,52,50,2022-04-15,NA,2022-03-21
WPG,20212022,2022-02-23,1,FALSE,2,3,53,51,2022-04-15,NA,2022-03-21
WPG,20212022,2022-02-25,0,FALSE,3,6,53,52,2022-04-15,NA,2022-03-21
WPG,20212022,2022-02-27,2,FALSE,5,3,55,53,2022-04-15,NA,2022-03-21
WPG,20212022,2022-03-01,2,TRUE,8,4,57,54,2022-04-15,NA,2022-03-21
WPG,20212022,2022-03-04,1,TRUE,3,4,58,55,2022-04-15,NA,2022-03-21
WPG,20212022,2022-03-06,0,TRUE,1,4,58,56,2022-04-15,NA,2022-03-21
WPG,20212022,2022-03-08,2,TRUE,7,4,60,57,2022-04-15,NA,2022-03-21
WPG,20212022,2022-03-10,2,FALSE,2,1,62,58,2022-04-15,NA,2022-03-21
WPG,20212022,2022-03-11,0,FALSE,2,5,62,59,2022-04-15,NA,2022-03-21
WPG,20212022,2022-03-13,2,FALSE,4,3,64,60,2022-04-15,NA,2022-03-21
WPG,20212022,2022-03-15,2,TRUE,7,3,66,61,2022-04-15,NA,2022-03-21
WPG,20212022,2022-03-18,0,TRUE,2,4,66,62,2022-04-15,NA,2022-03-21
WPG,20212022,2022-03-20,2,FALSE,6,4,68,63,2022-04-15,NA,2022-03-21
WPG,20212022,2022-03-22,2,TRUE,4,0,70,64,2022-04-15,NA,2022-03-21
WPG,20212022,2022-03-24,0,TRUE,2,5,70,65,2022-04-15,NA,2022-03-21
WPG,20212022,2022-03-25,2,TRUE,4,3,72,66,2022-04-15,NA,2022-03-21
WPG,20212022,2022-03-27,2,TRUE,2,1,74,67,2022-04-15,NA,2022-03-21
WPG,20212022,2022-03-30,2,FALSE,3,2,76,68,2022-04-15,NA,2022-03-21
WPG,20212022,2022-03-31,0,FALSE,3,7,76,69,2022-04-15,NA,2022-03-21
WPG,20212022,2022-04-02,0,TRUE,2,3,76,70,2022-04-15,NA,2022-03-21
WPG,20212022,2022-04-06,0,TRUE,1,3,76,71,2022-04-15,NA,2022-03-21
WPG,20212022,2022-04-08,1,TRUE,4,5,77,72,2022-04-15,NA,2022-03-21
WPG,20212022,2022-04-10,2,FALSE,4,3,79,73,2022-04-15,NA,2022-03-21
WPG,20212022,2022-04-11,2,FALSE,4,2,81,74,2022-04-15,NA,2022-03-21
WPG,20212022,2022-04-15,0,FALSE,1,6,81,75,2022-04-15,NA,2022-03-21
WPG,20212022,2022-04-16,0,FALSE,4,7,81,76,2022-04-15,NA,2022-03-21
WPG,20212022,2022-04-19,0,FALSE,0,3,81,77,2022-04-15,NA,2022-03-21
WPG,20212022,2022-04-21,0,FALSE,2,4,81,78,2022-04-15,NA,2022-03-21
WPG,20212022,2022-04-24,2,TRUE,4,1,83,79,2022-04-15,NA,2022-03-21
WPG,20212022,2022-04-27,2,TRUE,4,0,85,80,2022-04-15,NA,2022-03-21
WPG,20212022,2022-04-29,2,TRUE,3,1,87,81,2022-04-15,NA,2022-03-21
WPG,20212022,2022-05-01,2,TRUE,4,3,89,82,2022-04-15,NA,2022-03-21
WPG,20222023,2022-10-14,2,TRUE,4,1,2,1,NA,2023-04-10,2023-03-03
WPG,20222023,2022-10-17,0,FALSE,1,4,2,2,NA,2023-04-10,2023-03-03
WPG,20222023,2022-10-19,2,FALSE,4,3,4,3,NA,2023-04-10,2023-03-03
WPG,20222023,2022-10-20,0,FALSE,2,5,4,4,NA,2023-04-10,2023-03-03
WPG,20222023,2022-10-22,0,TRUE,1,4,4,5,NA,2023-04-10,2023-03-03
WPG,20222023,2022-10-24,2,TRUE,4,0,6,6,NA,2023-04-10,2023-03-03
WPG,20222023,2022-10-27,2,FALSE,6,4,8,7,NA,2023-04-10,2023-03-03
WPG,20222023,2022-10-28,2,FALSE,3,2,10,8,NA,2023-04-10,2023-03-03
WPG,20222023,2022-10-30,1,FALSE,1,2,11,9,NA,2023-04-10,2023-03-03
WPG,20222023,2022-11-03,2,TRUE,3,2,13,10,NA,2023-04-10,2023-03-03
WPG,20222023,2022-11-05,2,TRUE,4,0,15,11,NA,2023-04-10,2023-03-03
WPG,20222023,2022-11-08,2,TRUE,5,1,17,12,NA,2023-04-10,2023-03-03
WPG,20222023,2022-11-12,0,FALSE,2,3,17,13,NA,2023-04-10,2023-03-03
WPG,20222023,2022-11-13,2,FALSE,3,2,19,14,NA,2023-04-10,2023-03-03
WPG,20222023,2022-11-17,2,TRUE,3,2,21,15,NA,2023-04-10,2023-03-03
WPG,20222023,2022-11-19,0,TRUE,0,3,21,16,NA,2023-04-10,2023-03-03
WPG,20222023,2022-11-21,2,TRUE,4,3,23,17,NA,2023-04-10,2023-03-03
WPG,20222023,2022-11-23,0,FALSE,1,6,23,18,NA,2023-04-10,2023-03-03
WPG,20222023,2022-11-25,2,FALSE,5,4,25,19,NA,2023-04-10,2023-03-03
WPG,20222023,2022-11-27,2,FALSE,7,2,27,20,NA,2023-04-10,2023-03-03
WPG,20222023,2022-11-29,2,TRUE,5,0,29,21,NA,2023-04-10,2023-03-03
WPG,20222023,2022-12-02,0,TRUE,1,4,29,22,NA,2023-04-10,2023-03-03
WPG,20222023,2022-12-04,2,TRUE,5,2,31,23,NA,2023-04-10,2023-03-03
WPG,20222023,2022-12-06,2,TRUE,5,2,33,24,NA,2023-04-10,2023-03-03
WPG,20222023,2022-12-08,2,FALSE,5,2,35,25,NA,2023-04-10,2023-03-03
WPG,20222023,2022-12-09,2,FALSE,3,1,37,26,NA,2023-04-10,2023-03-03
WPG,20222023,2022-12-11,0,TRUE,2,5,37,27,NA,2023-04-10,2023-03-03
WPG,20222023,2022-12-13,0,TRUE,5,6,37,28,NA,2023-04-10,2023-03-03
WPG,20222023,2022-12-15,2,TRUE,2,1,39,29,NA,2023-04-10,2023-03-03
WPG,20222023,2022-12-17,2,FALSE,5,1,41,30,NA,2023-04-10,2023-03-03
WPG,20222023,2022-12-18,0,FALSE,2,3,41,31,NA,2023-04-10,2023-03-03
WPG,20222023,2022-12-20,2,TRUE,5,1,43,32,NA,2023-04-10,2023-03-03
WPG,20222023,2022-12-22,0,FALSE,2,3,43,33,NA,2023-04-10,2023-03-03
WPG,20222023,2022-12-23,0,FALSE,1,4,43,34,NA,2023-04-10,2023-03-03
WPG,20222023,2022-12-27,0,TRUE,1,4,43,35,NA,2023-04-10,2023-03-03
WPG,20222023,2022-12-29,2,TRUE,4,2,45,36,NA,2023-04-10,2023-03-03
WPG,20222023,2022-12-31,2,FALSE,2,1,47,37,NA,2023-04-10,2023-03-03
WPG,20222023,2023-01-03,2,TRUE,3,2,49,38,NA,2023-04-10,2023-03-03
WPG,20222023,2023-01-06,2,TRUE,4,2,51,39,NA,2023-04-10,2023-03-03
WPG,20222023,2023-01-08,2,TRUE,7,4,53,40,NA,2023-04-10,2023-03-03
WPG,20222023,2023-01-10,0,FALSE,5,7,53,41,NA,2023-04-10,2023-03-03
WPG,20222023,2023-01-12,2,FALSE,4,2,55,42,NA,2023-04-10,2023-03-03
WPG,20222023,2023-01-13,2,FALSE,4,1,57,43,NA,2023-04-10,2023-03-03
WPG,20222023,2023-01-15,2,TRUE,2,1,59,44,NA,2023-04-10,2023-03-03
WPG,20222023,2023-01-17,0,FALSE,1,4,59,45,NA,2023-04-10,2023-03-03
WPG,20222023,2023-01-19,0,FALSE,1,4,59,46,NA,2023-04-10,2023-03-03
WPG,20222023,2023-01-21,2,FALSE,5,1,61,47,NA,2023-04-10,2023-03-03
WPG,20222023,2023-01-22,2,FALSE,5,3,63,48,NA,2023-04-10,2023-03-03
WPG,20222023,2023-01-24,0,FALSE,1,2,63,49,NA,2023-04-10,2023-03-03
WPG,20222023,2023-01-26,0,TRUE,2,3,63,50,NA,2023-04-10,2023-03-03
WPG,20222023,2023-01-28,0,TRUE,0,4,63,51,NA,2023-04-10,2023-03-03
WPG,20222023,2023-01-30,2,TRUE,4,2,65,52,NA,2023-04-10,2023-03-03
WPG,20222023,2023-02-11,2,TRUE,4,1,67,53,NA,2023-04-10,2023-03-03
WPG,20222023,2023-02-14,2,TRUE,3,2,69,54,NA,2023-04-10,2023-03-03
WPG,20222023,2023-02-16,0,FALSE,1,3,69,55,NA,2023-04-10,2023-03-03
WPG,20222023,2023-02-19,0,FALSE,2,4,69,56,NA,2023-04-10,2023-03-03
WPG,20222023,2023-02-20,2,FALSE,4,1,71,57,NA,2023-04-10,2023-03-03
WPG,20222023,2023-02-22,0,FALSE,1,2,71,58,NA,2023-04-10,2023-03-03
WPG,20222023,2023-02-24,0,TRUE,1,5,71,59,NA,2023-04-10,2023-03-03
WPG,20222023,2023-02-26,0,TRUE,0,4,71,60,NA,2023-04-10,2023-03-03
WPG,20222023,2023-02-28,1,TRUE,5,6,72,61,NA,2023-04-10,2023-03-03
WPG,20222023,2023-03-03,0,FALSE,3,6,72,62,NA,2023-04-10,2023-03-03
WPG,20222023,2023-03-04,2,TRUE,7,5,74,63,NA,2023-04-10,2023-03-03
WPG,20222023,2023-03-06,1,TRUE,2,3,75,64,NA,2023-04-10,2023-03-03
WPG,20222023,2023-03-08,0,TRUE,2,4,75,65,NA,2023-04-10,2023-03-03
WPG,20222023,2023-03-11,2,FALSE,5,4,77,66,NA,2023-04-10,2023-03-03
WPG,20222023,2023-03-12,2,FALSE,3,2,79,67,NA,2023-04-10,2023-03-03
WPG,20222023,2023-03-14,0,FALSE,3,5,79,68,NA,2023-04-10,2023-03-03
WPG,20222023,2023-03-16,0,TRUE,0,3,79,69,NA,2023-04-10,2023-03-03
WPG,20222023,2023-03-18,2,FALSE,3,2,81,70,NA,2023-04-10,2023-03-03
WPG,20222023,2023-03-19,0,FALSE,0,3,81,71,NA,2023-04-10,2023-03-03
WPG,20222023,2023-03-21,2,TRUE,2,1,83,72,NA,2023-04-10,2023-03-03
WPG,20222023,2023-03-23,2,FALSE,3,2,85,73,NA,2023-04-10,2023-03-03
WPG,20222023,2023-03-25,0,FALSE,1,4,85,74,NA,2023-04-10,2023-03-03
WPG,20222023,2023-03-28,0,FALSE,0,3,85,75,NA,2023-04-10,2023-03-03
WPG,20222023,2023-03-31,2,TRUE,6,2,87,76,NA,2023-04-10,2023-03-03
WPG,20222023,2023-04-02,2,TRUE,6,1,89,77,NA,2023-04-10,2023-03-03
WPG,20222023,2023-04-05,0,TRUE,1,3,89,78,NA,2023-04-10,2023-03-03
WPG,20222023,2023-04-08,2,TRUE,2,0,91,79,NA,2023-04-10,2023-03-03
WPG,20222023,2023-04-10,2,TRUE,6,2,93,80,NA,2023-04-10,2023-03-03
WPG,20222023,2023-04-11,2,FALSE,3,1,95,81,NA,2023-04-10,2023-03-03
WPG,20222023,2023-04-13,0,FALSE,2,4,95,82,NA,2023-04-10,2023-03-03
WPG,20232024,2023-10-11,0,FALSE,3,5,0,1,NA,2024-03-19,2024-03-08
WPG,20232024,2023-10-14,2,TRUE,6,4,2,2,NA,2024-03-19,2024-03-08
WPG,20232024,2023-10-17,0,TRUE,1,5,2,3,NA,2024-03-19,2024-03-08
WPG,20232024,2023-10-19,0,TRUE,3,5,2,4,NA,2024-03-19,2024-03-08
WPG,20232024,2023-10-21,2,FALSE,3,2,4,5,NA,2024-03-19,2024-03-08
WPG,20232024,2023-10-24,2,TRUE,4,2,6,6,NA,2024-03-19,2024-03-08
WPG,20232024,2023-10-26,2,FALSE,4,1,8,7,NA,2024-03-19,2024-03-08
WPG,20232024,2023-10-28,1,FALSE,3,4,9,8,NA,2024-03-19,2024-03-08
WPG,20232024,2023-10-30,1,TRUE,2,3,10,9,NA,2024-03-19,2024-03-08
WPG,20232024,2023-11-02,0,FALSE,2,5,10,10,NA,2024-03-19,2024-03-08
WPG,20232024,2023-11-04,2,FALSE,5,3,12,11,NA,2024-03-19,2024-03-08
WPG,20232024,2023-11-07,2,FALSE,5,2,14,12,NA,2024-03-19,2024-03-08
WPG,20232024,2023-11-09,2,TRUE,6,3,16,13,NA,2024-03-19,2024-03-08
WPG,20232024,2023-11-11,0,TRUE,2,3,16,14,NA,2024-03-19,2024-03-08
WPG,20232024,2023-11-14,2,TRUE,6,3,18,15,NA,2024-03-19,2024-03-08
WPG,20232024,2023-11-17,2,TRUE,3,2,20,16,NA,2024-03-19,2024-03-08
WPG,20232024,2023-11-18,2,TRUE,5,2,22,17,NA,2024-03-19,2024-03-08
WPG,20232024,2023-11-22,2,FALSE,3,2,24,18,NA,2024-03-19,2024-03-08
WPG,20232024,2023-11-24,2,FALSE,3,0,26,19,NA,2024-03-19,2024-03-08
WPG,20232024,2023-11-26,0,FALSE,2,3,26,20,NA,2024-03-19,2024-03-08
WPG,20232024,2023-11-28,0,TRUE,0,2,26,21,NA,2024-03-19,2024-03-08
WPG,20232024,2023-11-30,0,TRUE,1,3,26,22,NA,2024-03-19,2024-03-08
WPG,20232024,2023-12-02,2,TRUE,3,1,28,23,NA,2024-03-19,2024-03-08
WPG,20232024,2023-12-04,2,TRUE,2,1,30,24,NA,2024-03-19,2024-03-08
WPG,20232024,2023-12-07,2,FALSE,4,2,32,25,NA,2024-03-19,2024-03-08
WPG,20232024,2023-12-10,2,FALSE,4,2,34,26,NA,2024-03-19,2024-03-08
WPG,20232024,2023-12-12,0,FALSE,1,2,34,27,NA,2024-03-19,2024-03-08
WPG,20232024,2023-12-13,2,FALSE,5,2,36,28,NA,2024-03-19,2024-03-08
WPG,20232024,2023-12-16,2,TRUE,6,2,38,29,NA,2024-03-19,2024-03-08
WPG,20232024,2023-12-18,1,TRUE,2,3,39,30,NA,2024-03-19,2024-03-08
WPG,20232024,2023-12-20,2,TRUE,5,2,41,31,NA,2024-03-19,2024-03-08
WPG,20232024,2023-12-22,2,TRUE,5,1,43,32,NA,2024-03-19,2024-03-08
WPG,20232024,2023-12-27,1,FALSE,1,2,44,33,NA,2024-03-19,2024-03-08
WPG,20232024,2023-12-30,2,TRUE,4,2,46,34,NA,2024-03-19,2024-03-08
WPG,20232024,2023-12-31,2,FALSE,3,2,48,35,NA,2024-03-19,2024-03-08
WPG,20232024,2024-01-02,2,TRUE,4,2,50,36,NA,2024-03-19,2024-03-08
WPG,20232024,2024-01-04,2,FALSE,2,1,52,37,NA,2024-03-19,2024-03-08
WPG,20232024,2024-01-05,2,FALSE,3,1,54,38,NA,2024-03-19,2024-03-08
WPG,20232024,2024-01-07,2,FALSE,6,2,56,39,NA,2024-03-19,2024-03-08
WPG,20232024,2024-01-09,2,TRUE,5,0,58,40,NA,2024-03-19,2024-03-08
WPG,20232024,2024-01-11,2,TRUE,2,1,60,41,NA,2024-03-19,2024-03-08
WPG,20232024,2024-01-13,0,TRUE,0,2,60,42,NA,2024-03-19,2024-03-08
WPG,20232024,2024-01-16,2,TRUE,4,2,62,43,NA,2024-03-19,2024-03-08
WPG,20232024,2024-01-20,2,FALSE,2,1,64,44,NA,2024-03-19,2024-03-08
WPG,20232024,2024-01-22,0,FALSE,1,4,64,45,NA,2024-03-19,2024-03-08
WPG,20232024,2024-01-24,1,FALSE,0,1,65,46,NA,2024-03-19,2024-03-08
WPG,20232024,2024-01-27,0,TRUE,2,4,65,47,NA,2024-03-19,2024-03-08
WPG,20232024,2024-02-06,0,FALSE,0,3,65,48,NA,2024-03-19,2024-03-08
WPG,20232024,2024-02-08,0,FALSE,1,4,65,49,NA,2024-03-19,2024-03-08
WPG,20232024,2024-02-10,2,TRUE,2,1,67,50,NA,2024-03-19,2024-03-08
WPG,20232024,2024-02-14,2,TRUE,1,0,69,51,NA,2024-03-19,2024-03-08
WPG,20232024,2024-02-17,2,FALSE,4,2,71,52,NA,2024-03-19,2024-03-08
WPG,20232024,2024-02-19,0,FALSE,3,6,71,53,NA,2024-03-19,2024-03-08
WPG,20232024,2024-02-20,2,TRUE,6,3,73,54,NA,2024-03-19,2024-03-08
WPG,20232024,2024-02-23,2,FALSE,3,2,75,55,NA,2024-03-19,2024-03-08
WPG,20232024,2024-02-25,2,TRUE,4,3,77,56,NA,2024-03-19,2024-03-08
WPG,20232024,2024-02-27,2,TRUE,4,2,79,57,NA,2024-03-19,2024-03-08
WPG,20232024,2024-02-29,0,FALSE,1,4,79,58,NA,2024-03-19,2024-03-08
WPG,20232024,2024-03-02,2,FALSE,5,3,81,59,NA,2024-03-19,2024-03-08
WPG,20232024,2024-03-03,2,FALSE,5,2,83,60,NA,2024-03-19,2024-03-08
WPG,20232024,2024-03-05,0,TRUE,3,4,83,61,NA,2024-03-19,2024-03-08
WPG,20232024,2024-03-08,2,FALSE,3,0,85,62,NA,2024-03-19,2024-03-08
WPG,20232024,2024-03-09,0,FALSE,0,5,85,63,NA,2024-03-19,2024-03-08
WPG,20232024,2024-03-11,2,TRUE,3,0,87,64,NA,2024-03-19,2024-03-08
WPG,20232024,2024-03-13,0,TRUE,2,4,87,65,NA,2024-03-19,2024-03-08
WPG,20232024,2024-03-15,2,TRUE,6,0,89,66,NA,2024-03-19,2024-03-08
WPG,20232024,2024-03-17,2,FALSE,6,1,91,67,NA,2024-03-19,2024-03-08
WPG,20232024,2024-03-19,2,FALSE,4,2,93,68,NA,2024-03-19,2024-03-08
WPG,20232024,2024-03-21,0,FALSE,1,4,93,69,NA,2024-03-19,2024-03-08
WPG,20232024,2024-03-23,0,FALSE,3,6,93,70,NA,2024-03-19,2024-03-08
WPG,20232024,2024-03-24,0,FALSE,0,3,93,71,NA,2024-03-19,2024-03-08
WPG,20232024,2024-03-26,1,TRUE,3,4,94,72,NA,2024-03-19,2024-03-08
WPG,20232024,2024-03-28,0,TRUE,1,4,94,73,NA,2024-03-19,2024-03-08
WPG,20232024,2024-03-30,0,TRUE,2,3,94,74,NA,2024-03-19,2024-03-08
WPG,20232024,2024-04-01,2,TRUE,4,3,96,75,NA,2024-03-19,2024-03-08
WPG,20232024,2024-04-04,2,TRUE,5,2,98,76,NA,2024-03-19,2024-03-08
WPG,20232024,2024-04-06,2,FALSE,4,2,100,77,NA,2024-03-19,2024-03-08
WPG,20232024,2024-04-09,2,FALSE,4,3,102,78,NA,2024-03-19,2024-03-08
WPG,20232024,2024-04-11,2,FALSE,3,0,104,79,NA,2024-03-19,2024-03-08
WPG,20232024,2024-04-13,2,FALSE,7,0,106,80,NA,2024-03-19,2024-03-08
WPG,20232024,2024-04-16,2,TRUE,4,3,108,81,NA,2024-03-19,2024-03-08
WPG,20232024,2024-04-18,2,TRUE,4,2,110,82,NA,2024-03-19,2024-03-08
WSH,20212022,2021-10-13,2,TRUE,5,1,2,1,NA,2022-04-18,2022-03-21
WSH,20212022,2021-10-16,1,TRUE,1,2,3,2,NA,2022-04-18,2022-03-21
WSH,20212022,2021-10-19,2,TRUE,6,3,5,3,NA,2022-04-18,2022-03-21
WSH,20212022,2021-10-21,2,FALSE,4,1,7,4,NA,2022-04-18,2022-03-21
WSH,20212022,2021-10-23,1,TRUE,3,4,8,5,NA,2022-04-18,2022-03-21
WSH,20212022,2021-10-25,2,FALSE,7,5,10,6,NA,2022-04-18,2022-03-21
WSH,20212022,2021-10-27,1,TRUE,2,3,11,7,NA,2022-04-18,2022-03-21
WSH,20212022,2021-10-29,2,TRUE,2,0,13,8,NA,2022-04-18,2022-03-21
WSH,20212022,2021-11-01,0,FALSE,2,3,13,9,NA,2022-04-18,2022-03-21
WSH,20212022,2021-11-04,1,FALSE,4,5,14,10,NA,2022-04-18,2022-03-21
WSH,20212022,2021-11-06,0,TRUE,1,2,14,11,NA,2022-04-18,2022-03-21
WSH,20212022,2021-11-08,2,TRUE,5,3,16,12,NA,2022-04-18,2022-03-21
WSH,20212022,2021-11-11,2,FALSE,2,0,18,13,NA,2022-04-18,2022-03-21
WSH,20212022,2021-11-12,2,FALSE,4,3,20,14,NA,2022-04-18,2022-03-21
WSH,20212022,2021-11-14,2,TRUE,6,1,22,15,NA,2022-04-18,2022-03-21
WSH,20212022,2021-11-16,1,FALSE,2,3,23,16,NA,2022-04-18,2022-03-21
WSH,20212022,2021-11-17,2,FALSE,2,0,25,17,NA,2022-04-18,2022-03-21
WSH,20212022,2021-11-20,2,FALSE,4,0,27,18,NA,2022-04-18,2022-03-21
WSH,20212022,2021-11-21,0,FALSE,2,5,27,19,NA,2022-04-18,2022-03-21
WSH,20212022,2021-11-24,2,TRUE,6,3,29,20,NA,2022-04-18,2022-03-21
WSH,20212022,2021-11-26,2,TRUE,4,3,31,21,NA,2022-04-18,2022-03-21
WSH,20212022,2021-11-28,2,FALSE,4,2,33,22,NA,2022-04-18,2022-03-21
WSH,20212022,2021-11-30,0,FALSE,4,5,33,23,NA,2022-04-18,2022-03-21
WSH,20212022,2021-12-02,1,TRUE,3,4,34,24,NA,2022-04-18,2022-03-21
WSH,20212022,2021-12-04,2,TRUE,3,1,36,25,NA,2022-04-18,2022-03-21
WSH,20212022,2021-12-06,2,TRUE,4,3,38,26,NA,2022-04-18,2022-03-21
WSH,20212022,2021-12-10,0,TRUE,2,4,38,27,NA,2022-04-18,2022-03-21
WSH,20212022,2021-12-11,2,FALSE,3,2,40,28,NA,2022-04-18,2022-03-21
WSH,20212022,2021-12-15,1,FALSE,4,5,41,29,NA,2022-04-18,2022-03-21
WSH,20212022,2021-12-17,2,FALSE,5,2,43,30,NA,2022-04-18,2022-03-21
WSH,20212022,2021-12-19,0,TRUE,2,3,43,31,NA,2022-04-18,2022-03-21
WSH,20212022,2021-12-29,2,TRUE,5,3,45,32,NA,2022-04-18,2022-03-21
WSH,20212022,2021-12-31,2,FALSE,3,1,47,33,NA,2022-04-18,2022-03-21
WSH,20212022,2022-01-02,1,TRUE,3,4,48,34,NA,2022-04-18,2022-03-21
WSH,20212022,2022-01-07,0,FALSE,1,5,48,35,NA,2022-04-18,2022-03-21
WSH,20212022,2022-01-08,1,FALSE,2,3,49,36,NA,2022-04-18,2022-03-21
WSH,20212022,2022-01-10,0,TRUE,3,7,49,37,NA,2022-04-18,2022-03-21
WSH,20212022,2022-01-15,2,FALSE,2,0,51,38,NA,2022-04-18,2022-03-21
WSH,20212022,2022-01-16,0,TRUE,2,4,51,39,NA,2022-04-18,2022-03-21
WSH,20212022,2022-01-18,2,TRUE,4,3,53,40,NA,2022-04-18,2022-03-21
WSH,20212022,2022-01-20,0,FALSE,3,4,53,41,NA,2022-04-18,2022-03-21
WSH,20212022,2022-01-22,2,TRUE,3,2,55,42,NA,2022-04-18,2022-03-21
WSH,20212022,2022-01-24,0,TRUE,0,1,55,43,NA,2022-04-18,2022-03-21
WSH,20212022,2022-01-26,0,TRUE,1,4,55,44,NA,2022-04-18,2022-03-21
WSH,20212022,2022-01-28,2,FALSE,5,0,57,45,NA,2022-04-18,2022-03-21
WSH,20212022,2022-02-01,2,FALSE,4,3,59,46,NA,2022-04-18,2022-03-21
WSH,20212022,2022-02-02,0,TRUE,3,5,59,47,NA,2022-04-18,2022-03-21
WSH,20212022,2022-02-08,0,TRUE,4,5,59,48,NA,2022-04-18,2022-03-21
WSH,20212022,2022-02-10,2,FALSE,5,2,61,49,NA,2022-04-18,2022-03-21
WSH,20212022,2022-02-13,0,TRUE,1,4,61,50,NA,2022-04-18,2022-03-21
WSH,20212022,2022-02-15,2,FALSE,4,1,63,51,NA,2022-04-18,2022-03-21
WSH,20212022,2022-02-17,2,FALSE,5,3,65,52,NA,2022-04-18,2022-03-21
WSH,20212022,2022-02-24,0,FALSE,1,4,65,53,NA,2022-04-18,2022-03-21
WSH,20212022,2022-02-26,0,FALSE,1,2,65,54,NA,2022-04-18,2022-03-21
WSH,20212022,2022-02-28,0,TRUE,3,5,65,55,NA,2022-04-18,2022-03-21
WSH,20212022,2022-03-03,2,TRUE,4,0,67,56,NA,2022-04-18,2022-03-21
WSH,20212022,2022-03-05,2,TRUE,5,2,69,57,NA,2022-04-18,2022-03-21
WSH,20212022,2022-03-08,2,FALSE,5,4,71,58,NA,2022-04-18,2022-03-21
WSH,20212022,2022-03-09,1,FALSE,3,4,72,59,NA,2022-04-18,2022-03-21
WSH,20212022,2022-03-11,2,FALSE,4,3,74,60,NA,2022-04-18,2022-03-21
WSH,20212022,2022-03-15,2,TRUE,4,3,76,61,NA,2022-04-18,2022-03-21
WSH,20212022,2022-03-17,2,FALSE,7,2,78,62,NA,2022-04-18,2022-03-21
WSH,20212022,2022-03-18,2,FALSE,4,3,80,63,NA,2022-04-18,2022-03-21
WSH,20212022,2022-03-20,0,TRUE,2,3,80,64,NA,2022-04-18,2022-03-21
WSH,20212022,2022-03-22,0,TRUE,2,5,80,65,NA,2022-04-18,2022-03-21
WSH,20212022,2022-03-25,2,FALSE,4,3,82,66,NA,2022-04-18,2022-03-21
WSH,20212022,2022-03-26,2,TRUE,4,3,84,67,NA,2022-04-18,2022-03-21
WSH,20212022,2022-03-28,0,TRUE,1,6,84,68,NA,2022-04-18,2022-03-21
WSH,20212022,2022-04-03,0,TRUE,1,5,84,69,NA,2022-04-18,2022-03-21
WSH,20212022,2022-04-06,2,TRUE,4,3,86,70,NA,2022-04-18,2022-03-21
WSH,20212022,2022-04-09,2,FALSE,6,3,88,71,NA,2022-04-18,2022-03-21
WSH,20212022,2022-04-10,2,TRUE,4,2,90,72,NA,2022-04-18,2022-03-21
WSH,20212022,2022-04-12,2,TRUE,9,2,92,73,NA,2022-04-18,2022-03-21
WSH,20212022,2022-04-14,0,FALSE,3,7,92,74,NA,2022-04-18,2022-03-21
WSH,20212022,2022-04-16,2,FALSE,8,4,94,75,NA,2022-04-18,2022-03-21
WSH,20212022,2022-04-18,2,FALSE,3,2,96,76,NA,2022-04-18,2022-03-21
WSH,20212022,2022-04-20,1,FALSE,3,4,97,77,NA,2022-04-18,2022-03-21
WSH,20212022,2022-04-22,2,FALSE,2,0,99,78,NA,2022-04-18,2022-03-21
WSH,20212022,2022-04-24,1,TRUE,3,4,100,79,NA,2022-04-18,2022-03-21
WSH,20212022,2022-04-26,0,TRUE,1,4,100,80,NA,2022-04-18,2022-03-21
WSH,20212022,2022-04-28,0,FALSE,1,5,100,81,NA,2022-04-18,2022-03-21
WSH,20212022,2022-04-29,0,FALSE,2,3,100,82,NA,2022-04-18,2022-03-21
WSH,20222023,2022-10-12,0,TRUE,2,5,0,1,2023-03-25,NA,2023-03-03
WSH,20222023,2022-10-13,0,FALSE,2,3,0,2,2023-03-25,NA,2023-03-03
WSH,20222023,2022-10-15,2,TRUE,3,1,2,3,2023-03-25,NA,2023-03-03
WSH,20222023,2022-10-17,2,TRUE,6,4,4,4,2023-03-25,NA,2023-03-03
WSH,20222023,2022-10-20,0,FALSE,2,5,4,5,2023-03-25,NA,2023-03-03
WSH,20222023,2022-10-22,2,TRUE,4,3,6,6,2023-03-25,NA,2023-03-03
WSH,20222023,2022-10-24,2,FALSE,6,3,8,7,2023-03-25,NA,2023-03-03
WSH,20222023,2022-10-27,0,FALSE,0,2,8,8,2023-03-25,NA,2023-03-03
WSH,20222023,2022-10-29,2,FALSE,3,0,10,9,2023-03-25,NA,2023-03-03
WSH,20222023,2022-10-31,1,FALSE,2,3,11,10,2023-03-25,NA,2023-03-03
WSH,20222023,2022-11-01,1,TRUE,2,3,12,11,2023-03-25,NA,2023-03-03
WSH,20222023,2022-11-03,0,FALSE,1,3,12,12,2023-03-25,NA,2023-03-03
WSH,20222023,2022-11-05,0,TRUE,2,3,12,13,2023-03-25,NA,2023-03-03
WSH,20222023,2022-11-07,2,TRUE,5,4,14,14,2023-03-25,NA,2023-03-03
WSH,20222023,2022-11-09,0,TRUE,1,4,14,15,2023-03-25,NA,2023-03-03
WSH,20222023,2022-11-11,2,TRUE,5,1,16,16,2023-03-25,NA,2023-03-03
WSH,20222023,2022-11-13,0,FALSE,3,6,16,17,2023-03-25,NA,2023-03-03
WSH,20222023,2022-11-15,0,FALSE,2,5,16,18,2023-03-25,NA,2023-03-03
WSH,20222023,2022-11-17,1,FALSE,4,5,17,19,2023-03-25,NA,2023-03-03
WSH,20222023,2022-11-19,0,TRUE,0,4,17,20,2023-03-25,NA,2023-03-03
WSH,20222023,2022-11-23,2,TRUE,3,2,19,21,2023-03-25,NA,2023-03-03
WSH,20222023,2022-11-25,2,TRUE,3,0,21,22,2023-03-25,NA,2023-03-03
WSH,20222023,2022-11-26,0,FALSE,1,5,21,23,2023-03-25,NA,2023-03-03
WSH,20222023,2022-11-29,2,FALSE,5,1,23,24,2023-03-25,NA,2023-03-03
WSH,20222023,2022-12-01,1,FALSE,2,3,24,25,2023-03-25,NA,2023-03-03
WSH,20222023,2022-12-03,0,FALSE,2,5,24,26,2023-03-25,NA,2023-03-03
WSH,20222023,2022-12-05,2,FALSE,3,2,26,27,2023-03-25,NA,2023-03-03
WSH,20222023,2022-12-07,2,FALSE,4,1,28,28,2023-03-25,NA,2023-03-03
WSH,20222023,2022-12-09,2,TRUE,4,1,30,29,2023-03-25,NA,2023-03-03
WSH,20222023,2022-12-11,2,FALSE,5,2,32,30,2023-03-25,NA,2023-03-03
WSH,20222023,2022-12-13,2,FALSE,7,3,34,31,2023-03-25,NA,2023-03-03
WSH,20222023,2022-12-15,0,TRUE,1,2,34,32,2023-03-25,NA,2023-03-03
WSH,20222023,2022-12-17,2,TRUE,5,2,36,33,2023-03-25,NA,2023-03-03
WSH,20222023,2022-12-19,2,TRUE,4,3,38,34,2023-03-25,NA,2023-03-03
WSH,20222023,2022-12-22,2,FALSE,3,2,40,35,2023-03-25,NA,2023-03-03
WSH,20222023,2022-12-23,2,TRUE,4,1,42,36,2023-03-25,NA,2023-03-03
WSH,20222023,2022-12-27,2,FALSE,4,0,44,37,2023-03-25,NA,2023-03-03
WSH,20222023,2022-12-29,1,TRUE,3,4,45,38,2023-03-25,NA,2023-03-03
WSH,20222023,2022-12-31,2,TRUE,9,2,47,39,2023-03-25,NA,2023-03-03
WSH,20222023,2023-01-03,1,TRUE,4,5,48,40,2023-03-25,NA,2023-03-03
WSH,20222023,2023-01-05,2,FALSE,6,2,50,41,2023-03-25,NA,2023-03-03
WSH,20222023,2023-01-06,0,TRUE,2,3,50,42,2023-03-25,NA,2023-03-03
WSH,20222023,2023-01-08,2,TRUE,1,0,52,43,2023-03-25,NA,2023-03-03
WSH,20222023,2023-01-11,0,FALSE,3,5,52,44,2023-03-25,NA,2023-03-03
WSH,20222023,2023-01-14,0,TRUE,1,3,52,45,2023-03-25,NA,2023-03-03
WSH,20222023,2023-01-16,2,FALSE,4,3,54,46,2023-03-25,NA,2023-03-03
WSH,20222023,2023-01-17,0,TRUE,2,4,54,47,2023-03-25,NA,2023-03-03
WSH,20222023,2023-01-19,2,FALSE,4,0,56,48,2023-03-25,NA,2023-03-03
WSH,20222023,2023-01-21,0,FALSE,2,6,56,49,2023-03-25,NA,2023-03-03
WSH,20222023,2023-01-24,0,FALSE,2,3,56,50,2023-03-25,NA,2023-03-03
WSH,20222023,2023-01-26,2,TRUE,3,2,58,51,2023-03-25,NA,2023-03-03
WSH,20222023,2023-01-29,0,FALSE,1,5,58,52,2023-03-25,NA,2023-03-03
WSH,20222023,2023-01-31,2,FALSE,4,3,60,53,2023-03-25,NA,2023-03-03
WSH,20222023,2023-02-11,2,FALSE,2,1,62,54,2023-03-25,NA,2023-03-03
WSH,20222023,2023-02-12,0,TRUE,1,4,62,55,2023-03-25,NA,2023-03-03
WSH,20222023,2023-02-14,0,TRUE,2,3,62,56,2023-03-25,NA,2023-03-03
WSH,20222023,2023-02-16,0,TRUE,3,6,62,57,2023-03-25,NA,2023-03-03
WSH,20222023,2023-02-18,0,FALSE,1,4,62,58,2023-03-25,NA,2023-03-03
WSH,20222023,2023-02-21,0,TRUE,1,3,62,59,2023-03-25,NA,2023-03-03
WSH,20222023,2023-02-23,0,TRUE,2,4,62,60,2023-03-25,NA,2023-03-03
WSH,20222023,2023-02-25,2,TRUE,6,3,64,61,2023-03-25,NA,2023-03-03
WSH,20222023,2023-02-26,0,FALSE,4,7,64,62,2023-03-25,NA,2023-03-03
WSH,20222023,2023-03-01,2,FALSE,3,2,66,63,2023-03-25,NA,2023-03-03
WSH,20222023,2023-03-04,2,FALSE,8,3,68,64,2023-03-25,NA,2023-03-03
WSH,20222023,2023-03-06,0,FALSE,2,4,68,65,2023-03-25,NA,2023-03-03
WSH,20222023,2023-03-09,1,TRUE,2,3,69,66,2023-03-25,NA,2023-03-03
WSH,20222023,2023-03-11,2,FALSE,5,1,71,67,2023-03-25,NA,2023-03-03
WSH,20222023,2023-03-14,0,FALSE,3,5,71,68,2023-03-25,NA,2023-03-03
WSH,20222023,2023-03-15,2,TRUE,5,4,73,69,2023-03-25,NA,2023-03-03
WSH,20222023,2023-03-17,0,TRUE,2,5,73,70,2023-03-25,NA,2023-03-03
WSH,20222023,2023-03-19,0,FALSE,3,5,73,71,2023-03-25,NA,2023-03-03
WSH,20222023,2023-03-21,1,TRUE,6,7,74,72,2023-03-25,NA,2023-03-03
WSH,20222023,2023-03-23,2,TRUE,6,1,76,73,2023-03-25,NA,2023-03-03
WSH,20222023,2023-03-25,0,FALSE,3,4,76,74,2023-03-25,NA,2023-03-03
WSH,20222023,2023-03-29,1,TRUE,1,2,77,75,2023-03-25,NA,2023-03-03
WSH,20222023,2023-03-30,0,FALSE,1,5,77,76,2023-03-25,NA,2023-03-03
WSH,20222023,2023-04-02,0,TRUE,2,5,77,77,2023-03-25,NA,2023-03-03
WSH,20222023,2023-04-06,0,FALSE,2,6,77,78,2023-03-25,NA,2023-03-03
WSH,20222023,2023-04-08,0,TRUE,2,4,77,79,2023-03-25,NA,2023-03-03
WSH,20222023,2023-04-10,2,TRUE,5,2,79,80,2023-03-25,NA,2023-03-03
WSH,20222023,2023-04-11,0,FALSE,2,5,79,81,2023-03-25,NA,2023-03-03
WSH,20222023,2023-04-13,1,TRUE,4,5,80,82,2023-03-25,NA,2023-03-03
WSH,20232024,2023-10-13,0,TRUE,0,4,0,1,2024-04-11,NA,2024-03-08
WSH,20232024,2023-10-16,2,TRUE,3,2,2,2,2024-04-11,NA,2024-03-08
WSH,20232024,2023-10-18,0,FALSE,1,6,2,3,2024-04-11,NA,2024-03-08
WSH,20232024,2023-10-21,1,FALSE,2,3,3,4,2024-04-11,NA,2024-03-08
WSH,20232024,2023-10-24,0,TRUE,1,4,3,5,2024-04-11,NA,2024-03-08
WSH,20232024,2023-10-25,2,FALSE,6,4,5,6,2024-04-11,NA,2024-03-08
WSH,20232024,2023-10-27,2,TRUE,3,2,7,7,2024-04-11,NA,2024-03-08
WSH,20232024,2023-10-29,2,TRUE,3,1,9,8,2024-04-11,NA,2024-03-08
WSH,20232024,2023-11-02,0,TRUE,0,3,9,9,2024-04-11,NA,2024-03-08
WSH,20232024,2023-11-04,2,TRUE,2,1,11,10,2024-04-11,NA,2024-03-08
WSH,20232024,2023-11-08,1,TRUE,3,4,12,11,2024-04-11,NA,2024-03-08
WSH,20232024,2023-11-10,2,FALSE,4,2,14,12,2024-04-11,NA,2024-03-08
WSH,20232024,2023-11-11,2,FALSE,4,1,16,13,2024-04-11,NA,2024-03-08
WSH,20232024,2023-11-14,2,TRUE,3,0,18,14,2024-04-11,NA,2024-03-08
WSH,20232024,2023-11-18,2,TRUE,4,3,20,15,2024-04-11,NA,2024-03-08
WSH,20232024,2023-11-22,2,TRUE,4,3,22,16,2024-04-11,NA,2024-03-08
WSH,20232024,2023-11-24,0,TRUE,0,5,22,17,2024-04-11,NA,2024-03-08
WSH,20232024,2023-11-27,0,FALSE,1,2,22,18,2024-04-11,NA,2024-03-08
WSH,20232024,2023-11-29,2,FALSE,2,1,24,19,2024-04-11,NA,2024-03-08
WSH,20232024,2023-11-30,2,FALSE,5,4,26,20,2024-04-11,NA,2024-03-08
WSH,20232024,2023-12-02,0,FALSE,1,4,26,21,2024-04-11,NA,2024-03-08
WSH,20232024,2023-12-04,0,FALSE,0,6,26,22,2024-04-11,NA,2024-03-08
WSH,20232024,2023-12-07,1,TRUE,4,5,27,23,2024-04-11,NA,2024-03-08
WSH,20232024,2023-12-09,2,TRUE,4,0,29,24,2024-04-11,NA,2024-03-08
WSH,20232024,2023-12-10,2,FALSE,4,2,31,25,2024-04-11,NA,2024-03-08
WSH,20232024,2023-12-14,1,FALSE,3,4,32,26,2024-04-11,NA,2024-03-08
WSH,20232024,2023-12-16,0,FALSE,1,3,32,27,2024-04-11,NA,2024-03-08
WSH,20232024,2023-12-17,2,FALSE,2,1,34,28,2024-04-11,NA,2024-03-08
WSH,20232024,2023-12-20,2,TRUE,3,2,36,29,2024-04-11,NA,2024-03-08
WSH,20232024,2023-12-21,2,FALSE,3,2,38,30,2024-04-11,NA,2024-03-08
WSH,20232024,2023-12-23,1,TRUE,1,2,39,31,2024-04-11,NA,2024-03-08
WSH,20232024,2023-12-27,0,FALSE,1,5,39,32,2024-04-11,NA,2024-03-08
WSH,20232024,2023-12-29,0,FALSE,1,5,39,33,2024-04-11,NA,2024-03-08
WSH,20232024,2023-12-30,1,TRUE,2,3,40,34,2024-04-11,NA,2024-03-08
WSH,20232024,2024-01-02,2,FALSE,4,3,42,35,2024-04-11,NA,2024-03-08
WSH,20232024,2024-01-03,0,TRUE,3,6,42,36,2024-04-11,NA,2024-03-08
WSH,20232024,2024-01-05,0,TRUE,2,6,42,37,2024-04-11,NA,2024-03-08
WSH,20232024,2024-01-07,2,TRUE,4,3,44,38,2024-04-11,NA,2024-03-08
WSH,20232024,2024-01-11,0,TRUE,1,4,44,39,2024-04-11,NA,2024-03-08
WSH,20232024,2024-01-13,2,TRUE,3,2,46,40,2024-04-11,NA,2024-03-08
WSH,20232024,2024-01-14,0,FALSE,1,2,46,41,2024-04-11,NA,2024-03-08
WSH,20232024,2024-01-16,2,TRUE,2,0,48,42,2024-04-11,NA,2024-03-08
WSH,20232024,2024-01-18,2,TRUE,5,2,50,43,2024-04-11,NA,2024-03-08
WSH,20232024,2024-01-20,0,FALSE,0,3,50,44,2024-04-11,NA,2024-03-08
WSH,20232024,2024-01-23,0,FALSE,3,5,50,45,2024-04-11,NA,2024-03-08
WSH,20232024,2024-01-24,0,FALSE,2,6,50,46,2024-04-11,NA,2024-03-08
WSH,20232024,2024-01-27,1,FALSE,4,5,51,47,2024-04-11,NA,2024-03-08
WSH,20232024,2024-02-06,0,TRUE,2,5,51,48,2024-04-11,NA,2024-03-08
WSH,20232024,2024-02-08,0,FALSE,2,4,51,49,2024-04-11,NA,2024-03-08
WSH,20232024,2024-02-10,2,FALSE,3,0,53,50,2024-04-11,NA,2024-03-08
WSH,20232024,2024-02-11,1,TRUE,2,3,54,51,2024-04-11,NA,2024-03-08
WSH,20232024,2024-02-13,0,TRUE,3,6,54,52,2024-04-11,NA,2024-03-08
WSH,20232024,2024-02-17,2,FALSE,4,3,56,53,2024-04-11,NA,2024-03-08
WSH,20232024,2024-02-20,2,TRUE,6,2,58,54,2024-04-11,NA,2024-03-08
WSH,20232024,2024-02-22,2,FALSE,5,3,60,55,2024-04-11,NA,2024-03-08
WSH,20232024,2024-02-24,1,FALSE,2,3,61,56,2024-04-11,NA,2024-03-08
WSH,20232024,2024-02-26,2,TRUE,6,3,63,57,2024-04-11,NA,2024-03-08
WSH,20232024,2024-02-27,0,FALSE,3,8,63,58,2024-04-11,NA,2024-03-08
WSH,20232024,2024-03-01,2,TRUE,5,2,65,59,2024-04-11,NA,2024-03-08
WSH,20232024,2024-03-03,0,TRUE,2,5,65,60,2024-04-11,NA,2024-03-08
WSH,20232024,2024-03-07,2,FALSE,6,0,67,61,2024-04-11,NA,2024-03-08
WSH,20232024,2024-03-09,2,TRUE,4,1,69,62,2024-04-11,NA,2024-03-08
WSH,20232024,2024-03-11,0,FALSE,0,3,69,63,2024-04-11,NA,2024-03-08
WSH,20232024,2024-03-13,0,FALSE,2,7,69,64,2024-04-11,NA,2024-03-08
WSH,20232024,2024-03-14,2,FALSE,2,1,71,65,2024-04-11,NA,2024-03-08
WSH,20232024,2024-03-16,2,FALSE,2,1,73,66,2024-04-11,NA,2024-03-08
WSH,20232024,2024-03-18,2,FALSE,5,2,75,67,2024-04-11,NA,2024-03-08
WSH,20232024,2024-03-20,0,TRUE,3,7,75,68,2024-04-11,NA,2024-03-08
WSH,20232024,2024-03-22,2,TRUE,7,6,77,69,2024-04-11,NA,2024-03-08
WSH,20232024,2024-03-24,2,TRUE,3,0,79,70,2024-04-11,NA,2024-03-08
WSH,20232024,2024-03-26,2,TRUE,4,3,81,71,2024-04-11,NA,2024-03-08
WSH,20232024,2024-03-28,0,FALSE,1,5,81,72,2024-04-11,NA,2024-03-08
WSH,20232024,2024-03-30,1,TRUE,2,3,82,73,2024-04-11,NA,2024-03-08
WSH,20232024,2024-04-02,0,FALSE,2,6,82,74,2024-04-11,NA,2024-03-08
WSH,20232024,2024-04-04,0,TRUE,1,4,82,75,2024-04-11,NA,2024-03-08
WSH,20232024,2024-04-05,0,FALSE,2,4,82,76,2024-04-11,NA,2024-03-08
WSH,20232024,2024-04-07,1,TRUE,2,3,83,77,2024-04-11,NA,2024-03-08
WSH,20232024,2024-04-09,2,FALSE,2,1,85,78,2024-04-11,NA,2024-03-08
WSH,20232024,2024-04-11,0,FALSE,2,4,85,79,2024-04-11,NA,2024-03-08
WSH,20232024,2024-04-13,2,TRUE,4,2,87,80,2024-04-11,NA,2024-03-08
WSH,20232024,2024-04-15,2,TRUE,2,0,89,81,2024-04-11,NA,2024-03-08
WSH,20232024,2024-04-16,2,FALSE,2,1,91,82,2024-04-11,NA,2024-03-08
